customer_id,name,city,age,email
1,Priya,Surat,35,priya1@gmail.com
2,Sneha,Delhi,26,sneha2@gmail.com
3,Priya,Vadodara,23,priya3@gmail.com
4,Harsh,Indore,20,harsh4@gmail.com
5,Aditya,Pune,31,aditya5@gmail.com
6,Sneha,Vadodara,56,sneha6@gmail.com
7,Aditya,Vadodara,30,aditya7@gmail.com
8,Meera,Indore,32,meera8@gmail.com
9,Arjun,Rajkot,35,arjun9@gmail.com
10,Aditya,Mumbai,45,aditya10@gmail.com
11,Rohit,Ahmedabad,27,rohit11@gmail.com
12,Mohit,Jaipur,24,mohit12@gmail.com
13,Neha,Indore,24,neha13@gmail.com
14,Anjali,Jaipur,56,anjali14@gmail.com
15,Aman,Surat,47,aman15@gmail.com
16,Meera,Pune,42,meera16@gmail.com
17,Neha,Vadodara,36,neha17@gmail.com
18,Kavya,Jaipur,54,kavya18@gmail.com
19,Mohit,Pune,20,mohit19@gmail.com
20,Sneha,Ahmedabad,23,sneha20@gmail.com
21,Sneha,Pune,42,sneha21@gmail.com
22,Aman,Nagpur,58,aman22@gmail.com
23,Anjali,Mumbai,41,anjali23@gmail.com
24,Anjali,Delhi,60,anjali24@gmail.com
25,Aman,Pune,56,aman25@gmail.com
26,Riya,Vadodara,33,riya26@gmail.com
27,Riya,Nagpur,42,riya27@gmail.com
28,Aman,Vadodara,32,aman28@gmail.com
29,Rohit,Surat,32,rohit29@gmail.com
30,Rahul,Jaipur,43,rahul30@gmail.com
31,Aman,Pune,31,aman31@gmail.com
32,Harsh,Jaipur,31,harsh32@gmail.com
33,Kriti,Indore,59,kriti33@gmail.com
34,Arjun,Mumbai,34,arjun34@gmail.com
35,Karan,Delhi,53,karan35@gmail.com
36,Meera,Ahmedabad,55,meera36@gmail.com
37,Nisha,Rajkot,43,nisha37@gmail.com
38,Anjali,Delhi,26,anjali38@gmail.com
39,Yash,Nagpur,23,yash39@gmail.com
40,Rahul,Pune,27,rahul40@gmail.com
41,Riya,Indore,56,riya41@gmail.com
42,Neha,Indore,42,neha42@gmail.com
43,Kavya,Nagpur,51,kavya43@gmail.com
44,Aman,Vadodara,18,aman44@gmail.com
45,Priya,Vadodara,35,priya45@gmail.com
46,Rohit,Pune,36,rohit46@gmail.com
47,Nisha,Mumbai,47,nisha47@gmail.com
48,Aditya,Ahmedabad,50,aditya48@gmail.com
49,Riya,Vadodara,24,riya49@gmail.com
50,Pooja,Vadodara,56,pooja50@gmail.com
51,Mohit,Mumbai,41,mohit51@gmail.com
52,Riya,Vadodara,51,riya52@gmail.com
53,Aditya,Rajkot,38,aditya53@gmail.com
54,Kriti,Surat,25,kriti54@gmail.com
55,Anjali,Ahmedabad,33,anjali55@gmail.com
56,Rahul,Delhi,54,rahul56@gmail.com
57,Neha,Pune,49,neha57@gmail.com
58,Neha,Vadodara,26,neha58@gmail.com
59,Karan,Nagpur,53,karan59@gmail.com
60,Riya,Ahmedabad,51,riya60@gmail.com
61,Kavya,Indore,31,kavya61@gmail.com
62,Meera,Delhi,37,meera62@gmail.com
63,Vikas,Jaipur,46,vikas63@gmail.com
64,Yash,Nagpur,25,yash64@gmail.com
65,Sneha,Delhi,22,sneha65@gmail.com
66,Rohit,Surat,55,rohit66@gmail.com
67,Meera,Delhi,55,meera67@gmail.com
68,Sneha,Surat,22,sneha68@gmail.com
69,Rahul,Delhi,22,rahul69@gmail.com
70,Rahul,Jaipur,22,rahul70@gmail.com
71,Yash,Delhi,35,yash71@gmail.com
72,Kriti,Delhi,52,kriti72@gmail.com
73,Karan,Rajkot,54,karan73@gmail.com
74,Kriti,Delhi,48,kriti74@gmail.com
75,Nisha,Delhi,24,nisha75@gmail.com
76,Priya,Indore,40,priya76@gmail.com
77,Nisha,Indore,47,nisha77@gmail.com
78,Rahul,Pune,21,rahul78@gmail.com
79,Vikas,Jaipur,24,vikas79@gmail.com
80,Sneha,Delhi,30,sneha80@gmail.com
81,Meera,Nagpur,26,meera81@gmail.com
82,Nisha,Mumbai,35,nisha82@gmail.com
83,Arjun,Delhi,22,arjun83@gmail.com
84,Arjun,Vadodara,24,arjun84@gmail.com
85,Rahul,Vadodara,18,rahul85@gmail.com
86,Neha,Delhi,28,neha86@gmail.com
87,Nisha,Nagpur,48,nisha87@gmail.com
88,Mohit,Indore,21,mohit88@gmail.com
89,Riya,Indore,18,riya89@gmail.com
90,Vikas,Ahmedabad,47,vikas90@gmail.com
91,Pooja,Indore,53,pooja91@gmail.com
92,Kriti,Mumbai,30,kriti92@gmail.com
93,Pooja,Delhi,21,pooja93@gmail.com
94,Harsh,Vadodara,21,harsh94@gmail.com
95,Rohit,Surat,21,rohit95@gmail.com
96,Harsh,Nagpur,50,harsh96@gmail.com
97,Yash,Mumbai,21,yash97@gmail.com
98,Yash,Pune,29,yash98@gmail.com
99,Neha,Rajkot,22,neha99@gmail.com
100,Sneha,Indore,25,sneha100@gmail.com
101,Harsh,Delhi,55,harsh101@gmail.com
102,Kavya,Surat,57,kavya102@gmail.com
103,Neha,Indore,60,neha103@gmail.com
104,Harsh,Rajkot,51,harsh104@gmail.com
105,Rohit,Ahmedabad,31,rohit105@gmail.com
106,Rohit,Delhi,34,rohit106@gmail.com
107,Vikas,Mumbai,60,vikas107@gmail.com
108,Pooja,Nagpur,38,pooja108@gmail.com
109,Neha,Surat,47,neha109@gmail.com
110,Kavya,Rajkot,24,kavya110@gmail.com
111,Neha,Vadodara,31,neha111@gmail.com
112,Yash,Ahmedabad,26,yash112@gmail.com
113,Anjali,Pune,33,anjali113@gmail.com
114,Anjali,Ahmedabad,28,anjali114@gmail.com
115,Arjun,Vadodara,37,arjun115@gmail.com
116,Kavya,Vadodara,18,kavya116@gmail.com
117,Meera,Ahmedabad,60,meera117@gmail.com
118,Priya,Mumbai,34,priya118@gmail.com
119,Priya,Pune,53,priya119@gmail.com
120,Karan,Ahmedabad,36,karan120@gmail.com
121,Kavya,Delhi,39,kavya121@gmail.com
122,Mohit,Ahmedabad,50,mohit122@gmail.com
123,Kriti,Ahmedabad,21,kriti123@gmail.com
124,Neha,Indore,35,neha124@gmail.com
125,Rahul,Surat,39,rahul125@gmail.com
126,Karan,Ahmedabad,28,karan126@gmail.com
127,Arjun,Vadodara,45,arjun127@gmail.com
128,Meera,Surat,25,meera128@gmail.com
129,Neha,Mumbai,52,neha129@gmail.com
130,Rahul,Jaipur,55,rahul130@gmail.com
131,Meera,Mumbai,45,meera131@gmail.com
132,Karan,Surat,37,karan132@gmail.com
133,Anjali,Surat,40,anjali133@gmail.com
134,Mohit,Delhi,60,mohit134@gmail.com
135,Priya,Jaipur,53,priya135@gmail.com
136,Nisha,Rajkot,27,nisha136@gmail.com
137,Sneha,Mumbai,29,sneha137@gmail.com
138,Nisha,Surat,29,nisha138@gmail.com
139,Rohit,Indore,60,rohit139@gmail.com
140,Sneha,Ahmedabad,28,sneha140@gmail.com
141,Priya,Indore,20,priya141@gmail.com
142,Kriti,Delhi,30,kriti142@gmail.com
143,Arjun,Jaipur,37,arjun143@gmail.com
144,Sneha,Delhi,19,sneha144@gmail.com
145,Mohit,Indore,39,mohit145@gmail.com
146,Aman,Pune,35,aman146@gmail.com
147,Anjali,Vadodara,43,anjali147@gmail.com
148,Meera,Jaipur,19,meera148@gmail.com
149,Priya,Ahmedabad,29,priya149@gmail.com
150,Harsh,Ahmedabad,20,harsh150@gmail.com
151,Priya,Rajkot,45,priya151@gmail.com
152,Anjali,Jaipur,45,anjali152@gmail.com
153,Kavya,Vadodara,25,kavya153@gmail.com
154,Vikas,Rajkot,30,vikas154@gmail.com
155,Aman,Surat,45,aman155@gmail.com
156,Aditya,Vadodara,52,aditya156@gmail.com
157,Mohit,Jaipur,45,mohit157@gmail.com
158,Neha,Jaipur,57,neha158@gmail.com
159,Rohit,Pune,37,rohit159@gmail.com
160,Yash,Ahmedabad,60,yash160@gmail.com
161,Nisha,Jaipur,43,nisha161@gmail.com
162,Pooja,Vadodara,26,pooja162@gmail.com
163,Mohit,Indore,60,mohit163@gmail.com
164,Vikas,Mumbai,57,vikas164@gmail.com
165,Harsh,Ahmedabad,43,harsh165@gmail.com
166,Meera,Surat,37,meera166@gmail.com
167,Pooja,Delhi,45,pooja167@gmail.com
168,Harsh,Rajkot,59,harsh168@gmail.com
169,Rohit,Nagpur,46,rohit169@gmail.com
170,Arjun,Delhi,50,arjun170@gmail.com
171,Kriti,Mumbai,60,kriti171@gmail.com
172,Neha,Ahmedabad,50,neha172@gmail.com
173,Kavya,Jaipur,23,kavya173@gmail.com
174,Sneha,Ahmedabad,32,sneha174@gmail.com
175,Mohit,Mumbai,19,mohit175@gmail.com
176,Rahul,Delhi,48,rahul176@gmail.com
177,Kavya,Pune,47,kavya177@gmail.com
178,Nisha,Rajkot,30,nisha178@gmail.com
179,Vikas,Nagpur,43,vikas179@gmail.com
180,Sneha,Mumbai,59,sneha180@gmail.com
181,Aditya,Pune,45,aditya181@gmail.com
182,Sneha,Mumbai,51,sneha182@gmail.com
183,Arjun,Surat,53,arjun183@gmail.com
184,Sneha,Pune,47,sneha184@gmail.com
185,Karan,Nagpur,60,karan185@gmail.com
186,Yash,Vadodara,56,yash186@gmail.com
187,Rohit,Nagpur,57,rohit187@gmail.com
188,Yash,Indore,53,yash188@gmail.com
189,Arjun,Mumbai,48,arjun189@gmail.com
190,Arjun,Ahmedabad,33,arjun190@gmail.com
191,Aman,Vadodara,49,aman191@gmail.com
192,Sneha,Ahmedabad,46,sneha192@gmail.com
193,Neha,Ahmedabad,33,neha193@gmail.com
194,Aman,Jaipur,38,aman194@gmail.com
195,Meera,Pune,26,meera195@gmail.com
196,Karan,Delhi,42,karan196@gmail.com
197,Karan,Delhi,22,karan197@gmail.com
198,Nisha,Indore,39,nisha198@gmail.com
199,Meera,Nagpur,44,meera199@gmail.com
200,Rahul,Delhi,44,rahul200@gmail.com
201,Vikas,Rajkot,19,vikas201@gmail.com
202,Harsh,Indore,48,harsh202@gmail.com
203,Aditya,Jaipur,37,aditya203@gmail.com
204,Vikas,Indore,52,vikas204@gmail.com
205,Meera,Rajkot,32,meera205@gmail.com
206,Kriti,Delhi,35,kriti206@gmail.com
207,Nisha,Nagpur,19,nisha207@gmail.com
208,Vikas,Jaipur,60,vikas208@gmail.com
209,Vikas,Mumbai,47,vikas209@gmail.com
210,Karan,Rajkot,52,karan210@gmail.com
211,Aditya,Indore,55,aditya211@gmail.com
212,Harsh,Surat,23,harsh212@gmail.com
213,Nisha,Mumbai,47,nisha213@gmail.com
214,Riya,Surat,34,riya214@gmail.com
215,Vikas,Jaipur,31,vikas215@gmail.com
216,Arjun,Jaipur,39,arjun216@gmail.com
217,Vikas,Ahmedabad,44,vikas217@gmail.com
218,Aman,Pune,48,aman218@gmail.com
219,Aditya,Vadodara,21,aditya219@gmail.com
220,Anjali,Delhi,59,anjali220@gmail.com
221,Neha,Surat,19,neha221@gmail.com
222,Sneha,Delhi,19,sneha222@gmail.com
223,Kavya,Mumbai,33,kavya223@gmail.com
224,Karan,Nagpur,60,karan224@gmail.com
225,Priya,Rajkot,31,priya225@gmail.com
226,Arjun,Ahmedabad,41,arjun226@gmail.com
227,Riya,Rajkot,56,riya227@gmail.com
228,Priya,Mumbai,37,priya228@gmail.com
229,Priya,Rajkot,19,priya229@gmail.com
230,Pooja,Rajkot,42,pooja230@gmail.com
231,Vikas,Delhi,22,vikas231@gmail.com
232,Harsh,Delhi,24,harsh232@gmail.com
233,Pooja,Rajkot,25,pooja233@gmail.com
234,Harsh,Surat,40,harsh234@gmail.com
235,Meera,Indore,60,meera235@gmail.com
236,Anjali,Pune,50,anjali236@gmail.com
237,Rohit,Surat,44,rohit237@gmail.com
238,Kriti,Pune,45,kriti238@gmail.com
239,Anjali,Nagpur,27,anjali239@gmail.com
240,Nisha,Mumbai,51,nisha240@gmail.com
241,Aman,Rajkot,52,aman241@gmail.com
242,Kriti,Nagpur,45,kriti242@gmail.com
243,Harsh,Ahmedabad,38,harsh243@gmail.com
244,Sneha,Pune,35,sneha244@gmail.com
245,Arjun,Delhi,47,arjun245@gmail.com
246,Harsh,Rajkot,60,harsh246@gmail.com
247,Vikas,Jaipur,19,vikas247@gmail.com
248,Kriti,Jaipur,29,kriti248@gmail.com
249,Kriti,Delhi,40,kriti249@gmail.com
250,Aman,Jaipur,35,aman250@gmail.com
251,Kavya,Ahmedabad,53,kavya251@gmail.com
252,Aditya,Vadodara,30,aditya252@gmail.com
253,Neha,Delhi,44,neha253@gmail.com
254,Kriti,Vadodara,33,kriti254@gmail.com
255,Kriti,Nagpur,46,kriti255@gmail.com
256,Aditya,Pune,36,aditya256@gmail.com
257,Sneha,Indore,33,sneha257@gmail.com
258,Pooja,Rajkot,41,pooja258@gmail.com
259,Kriti,Vadodara,51,kriti259@gmail.com
260,Anjali,Indore,53,anjali260@gmail.com
261,Rohit,Jaipur,47,rohit261@gmail.com
262,Aman,Ahmedabad,34,aman262@gmail.com
263,Sneha,Pune,30,sneha263@gmail.com
264,Rohit,Pune,52,rohit264@gmail.com
265,Riya,Delhi,31,riya265@gmail.com
266,Kriti,Ahmedabad,55,kriti266@gmail.com
267,Yash,Rajkot,36,yash267@gmail.com
268,Priya,Delhi,36,priya268@gmail.com
269,Sneha,Jaipur,29,sneha269@gmail.com
270,Pooja,Surat,52,pooja270@gmail.com
271,Karan,Ahmedabad,20,karan271@gmail.com
272,Rahul,Vadodara,36,rahul272@gmail.com
273,Karan,Nagpur,24,karan273@gmail.com
274,Aditya,Rajkot,36,aditya274@gmail.com
275,Kriti,Nagpur,46,kriti275@gmail.com
276,Rohit,Mumbai,21,rohit276@gmail.com
277,Aman,Nagpur,25,aman277@gmail.com
278,Neha,Indore,49,neha278@gmail.com
279,Neha,Rajkot,58,neha279@gmail.com
280,Rahul,Mumbai,27,rahul280@gmail.com
281,Harsh,Ahmedabad,23,harsh281@gmail.com
282,Sneha,Pune,53,sneha282@gmail.com
283,Nisha,Rajkot,56,nisha283@gmail.com
284,Kavya,Delhi,51,kavya284@gmail.com
285,Vikas,Nagpur,46,vikas285@gmail.com
286,Pooja,Rajkot,45,pooja286@gmail.com
287,Pooja,Rajkot,57,pooja287@gmail.com
288,Rahul,Rajkot,24,rahul288@gmail.com
289,Mohit,Delhi,34,mohit289@gmail.com
290,Neha,Mumbai,33,neha290@gmail.com
291,Riya,Vadodara,22,riya291@gmail.com
292,Riya,Surat,44,riya292@gmail.com
293,Arjun,Rajkot,48,arjun293@gmail.com
294,Pooja,Surat,32,pooja294@gmail.com
295,Pooja,Ahmedabad,47,pooja295@gmail.com
296,Neha,Delhi,34,neha296@gmail.com
297,Harsh,Delhi,45,harsh297@gmail.com
298,Priya,Vadodara,32,priya298@gmail.com
299,Karan,Ahmedabad,27,karan299@gmail.com
300,Neha,Surat,28,neha300@gmail.com
301,Pooja,Rajkot,54,pooja301@gmail.com
302,Pooja,Nagpur,25,pooja302@gmail.com
303,Arjun,Ahmedabad,43,arjun303@gmail.com
304,Aman,Vadodara,52,aman304@gmail.com
305,Kriti,Nagpur,23,kriti305@gmail.com
306,Kavya,Surat,45,kavya306@gmail.com
307,Rohit,Rajkot,34,rohit307@gmail.com
308,Aditya,Pune,32,aditya308@gmail.com
309,Harsh,Rajkot,19,harsh309@gmail.com
310,Aman,Rajkot,20,aman310@gmail.com
311,Riya,Nagpur,51,riya311@gmail.com
312,Arjun,Ahmedabad,29,arjun312@gmail.com
313,Harsh,Indore,58,harsh313@gmail.com
314,Kriti,Pune,48,kriti314@gmail.com
315,Anjali,Indore,39,anjali315@gmail.com
316,Rohit,Pune,28,rohit316@gmail.com
317,Rohit,Indore,49,rohit317@gmail.com
318,Pooja,Indore,53,pooja318@gmail.com
319,Rahul,Nagpur,23,rahul319@gmail.com
320,Rohit,Ahmedabad,38,rohit320@gmail.com
321,Priya,Indore,50,priya321@gmail.com
322,Aditya,Vadodara,47,aditya322@gmail.com
323,Nisha,Surat,30,nisha323@gmail.com
324,Yash,Jaipur,57,yash324@gmail.com
325,Kriti,Nagpur,21,kriti325@gmail.com
326,Mohit,Ahmedabad,53,mohit326@gmail.com
327,Karan,Ahmedabad,46,karan327@gmail.com
328,Kriti,Pune,19,kriti328@gmail.com
329,Kavya,Delhi,28,kavya329@gmail.com
330,Pooja,Vadodara,18,pooja330@gmail.com
331,Meera,Indore,23,meera331@gmail.com
332,Sneha,Pune,47,sneha332@gmail.com
333,Priya,Mumbai,49,priya333@gmail.com
334,Pooja,Vadodara,35,pooja334@gmail.com
335,Nisha,Nagpur,48,nisha335@gmail.com
336,Sneha,Nagpur,53,sneha336@gmail.com
337,Karan,Indore,30,karan337@gmail.com
338,Kavya,Vadodara,26,kavya338@gmail.com
339,Neha,Ahmedabad,44,neha339@gmail.com
340,Rohit,Vadodara,35,rohit340@gmail.com
341,Aditya,Ahmedabad,37,aditya341@gmail.com
342,Harsh,Rajkot,60,harsh342@gmail.com
343,Kriti,Mumbai,46,kriti343@gmail.com
344,Meera,Nagpur,40,meera344@gmail.com
345,Rohit,Vadodara,52,rohit345@gmail.com
346,Vikas,Nagpur,38,vikas346@gmail.com
347,Mohit,Delhi,54,mohit347@gmail.com
348,Vikas,Delhi,44,vikas348@gmail.com
349,Rahul,Jaipur,48,rahul349@gmail.com
350,Vikas,Indore,60,vikas350@gmail.com
351,Karan,Nagpur,20,karan351@gmail.com
352,Karan,Vadodara,55,karan352@gmail.com
353,Rohit,Pune,46,rohit353@gmail.com
354,Priya,Vadodara,47,priya354@gmail.com
355,Aditya,Mumbai,44,aditya355@gmail.com
356,Karan,Pune,48,karan356@gmail.com
357,Aman,Jaipur,57,aman357@gmail.com
358,Vikas,Pune,39,vikas358@gmail.com
359,Meera,Indore,38,meera359@gmail.com
360,Kriti,Vadodara,20,kriti360@gmail.com
361,Kavya,Pune,33,kavya361@gmail.com
362,Pooja,Delhi,23,pooja362@gmail.com
363,Nisha,Pune,58,nisha363@gmail.com
364,Priya,Nagpur,28,priya364@gmail.com
365,Pooja,Surat,20,pooja365@gmail.com
366,Rohit,Surat,36,rohit366@gmail.com
367,Anjali,Jaipur,45,anjali367@gmail.com
368,Karan,Delhi,51,karan368@gmail.com
369,Nisha,Rajkot,29,nisha369@gmail.com
370,Riya,Mumbai,23,riya370@gmail.com
371,Kavya,Indore,57,kavya371@gmail.com
372,Sneha,Nagpur,55,sneha372@gmail.com
373,Karan,Delhi,47,karan373@gmail.com
374,Aman,Nagpur,34,aman374@gmail.com
375,Aditya,Nagpur,36,aditya375@gmail.com
376,Meera,Mumbai,22,meera376@gmail.com
377,Arjun,Jaipur,55,arjun377@gmail.com
378,Pooja,Indore,34,pooja378@gmail.com
379,Arjun,Ahmedabad,30,arjun379@gmail.com
380,Vikas,Nagpur,24,vikas380@gmail.com
381,Sneha,Indore,54,sneha381@gmail.com
382,Anjali,Rajkot,36,anjali382@gmail.com
383,Pooja,Surat,60,pooja383@gmail.com
384,Vikas,Ahmedabad,18,vikas384@gmail.com
385,Harsh,Surat,56,harsh385@gmail.com
386,Kriti,Ahmedabad,32,kriti386@gmail.com
387,Kavya,Jaipur,32,kavya387@gmail.com
388,Mohit,Rajkot,34,mohit388@gmail.com
389,Karan,Pune,58,karan389@gmail.com
390,Rahul,Ahmedabad,46,rahul390@gmail.com
391,Rahul,Rajkot,41,rahul391@gmail.com
392,Karan,Pune,36,karan392@gmail.com
393,Rohit,Indore,29,rohit393@gmail.com
394,Mohit,Mumbai,52,mohit394@gmail.com
395,Anjali,Vadodara,50,anjali395@gmail.com
396,Aman,Mumbai,34,aman396@gmail.com
397,Kriti,Ahmedabad,39,kriti397@gmail.com
398,Priya,Nagpur,22,priya398@gmail.com
399,Karan,Delhi,43,karan399@gmail.com
400,Meera,Jaipur,23,meera400@gmail.com
401,Vikas,Surat,34,vikas401@gmail.com
402,Meera,Pune,47,meera402@gmail.com
403,Anjali,Ahmedabad,55,anjali403@gmail.com
404,Vikas,Jaipur,24,vikas404@gmail.com
405,Sneha,Nagpur,19,sneha405@gmail.com
406,Kavya,Vadodara,38,kavya406@gmail.com
407,Kavya,Delhi,59,kavya407@gmail.com
408,Neha,Nagpur,37,neha408@gmail.com
409,Nisha,Pune,26,nisha409@gmail.com
410,Rahul,Surat,37,rahul410@gmail.com
411,Kriti,Pune,24,kriti411@gmail.com
412,Sneha,Vadodara,26,sneha412@gmail.com
413,Vikas,Nagpur,41,vikas413@gmail.com
414,Meera,Indore,55,meera414@gmail.com
415,Karan,Indore,59,karan415@gmail.com
416,Priya,Nagpur,57,priya416@gmail.com
417,Nisha,Ahmedabad,20,nisha417@gmail.com
418,Anjali,Delhi,46,anjali418@gmail.com
419,Arjun,Delhi,41,arjun419@gmail.com
420,Priya,Jaipur,52,priya420@gmail.com
421,Anjali,Surat,43,anjali421@gmail.com
422,Aman,Delhi,25,aman422@gmail.com
423,Arjun,Pune,60,arjun423@gmail.com
424,Mohit,Rajkot,19,mohit424@gmail.com
425,Rahul,Jaipur,33,rahul425@gmail.com
426,Karan,Rajkot,31,karan426@gmail.com
427,Neha,Vadodara,31,neha427@gmail.com
428,Harsh,Delhi,32,harsh428@gmail.com
429,Rohit,Mumbai,56,rohit429@gmail.com
430,Aditya,Ahmedabad,27,aditya430@gmail.com
431,Karan,Vadodara,34,karan431@gmail.com
432,Riya,Pune,60,riya432@gmail.com
433,Aditya,Mumbai,18,aditya433@gmail.com
434,Anjali,Delhi,55,anjali434@gmail.com
435,Rohit,Surat,29,rohit435@gmail.com
436,Aman,Surat,26,aman436@gmail.com
437,Nisha,Vadodara,25,nisha437@gmail.com
438,Neha,Nagpur,46,neha438@gmail.com
439,Anjali,Vadodara,55,anjali439@gmail.com
440,Priya,Nagpur,50,priya440@gmail.com
441,Sneha,Rajkot,20,sneha441@gmail.com
442,Yash,Ahmedabad,47,yash442@gmail.com
443,Aditya,Surat,48,aditya443@gmail.com
444,Vikas,Indore,24,vikas444@gmail.com
445,Kriti,Nagpur,22,kriti445@gmail.com
446,Neha,Jaipur,56,neha446@gmail.com
447,Karan,Pune,26,karan447@gmail.com
448,Aman,Rajkot,58,aman448@gmail.com
449,Harsh,Vadodara,38,harsh449@gmail.com
450,Vikas,Rajkot,51,vikas450@gmail.com
451,Pooja,Nagpur,50,pooja451@gmail.com
452,Kavya,Indore,24,kavya452@gmail.com
453,Priya,Vadodara,31,priya453@gmail.com
454,Nisha,Nagpur,32,nisha454@gmail.com
455,Nisha,Jaipur,47,nisha455@gmail.com
456,Vikas,Indore,24,vikas456@gmail.com
457,Rohit,Indore,38,rohit457@gmail.com
458,Aman,Jaipur,27,aman458@gmail.com
459,Kriti,Pune,23,kriti459@gmail.com
460,Neha,Pune,45,neha460@gmail.com
461,Priya,Jaipur,26,priya461@gmail.com
462,Meera,Surat,55,meera462@gmail.com
463,Meera,Vadodara,39,meera463@gmail.com
464,Priya,Indore,40,priya464@gmail.com
465,Nisha,Surat,36,nisha465@gmail.com
466,Kavya,Ahmedabad,40,kavya466@gmail.com
467,Priya,Rajkot,50,priya467@gmail.com
468,Mohit,Mumbai,60,mohit468@gmail.com
469,Kriti,Delhi,24,kriti469@gmail.com
470,Anjali,Vadodara,41,anjali470@gmail.com
471,Priya,Ahmedabad,54,priya471@gmail.com
472,Sneha,Indore,53,sneha472@gmail.com
473,Kavya,Rajkot,59,kavya473@gmail.com
474,Meera,Surat,56,meera474@gmail.com
475,Aman,Surat,29,aman475@gmail.com
476,Aman,Ahmedabad,39,aman476@gmail.com
477,Anjali,Surat,29,anjali477@gmail.com
478,Karan,Rajkot,60,karan478@gmail.com
479,Vikas,Pune,27,vikas479@gmail.com
480,Aditya,Pune,51,aditya480@gmail.com
481,Mohit,Indore,44,mohit481@gmail.com
482,Arjun,Jaipur,28,arjun482@gmail.com
483,Anjali,Ahmedabad,38,anjali483@gmail.com
484,Harsh,Rajkot,23,harsh484@gmail.com
485,Rahul,Mumbai,28,rahul485@gmail.com
486,Kavya,Surat,23,kavya486@gmail.com
487,Aman,Nagpur,60,aman487@gmail.com
488,Nisha,Nagpur,56,nisha488@gmail.com
489,Arjun,Indore,35,arjun489@gmail.com
490,Mohit,Vadodara,25,mohit490@gmail.com
491,Anjali,Indore,25,anjali491@gmail.com
492,Pooja,Rajkot,49,pooja492@gmail.com
493,Yash,Ahmedabad,20,yash493@gmail.com
494,Sneha,Indore,56,sneha494@gmail.com
495,Rahul,Surat,31,rahul495@gmail.com
496,Pooja,Delhi,26,pooja496@gmail.com
497,Aman,Ahmedabad,38,aman497@gmail.com
498,Priya,Surat,49,priya498@gmail.com
499,Nisha,Mumbai,26,nisha499@gmail.com
500,Vikas,Vadodara,32,vikas500@gmail.com
501,Yash,Vadodara,60,yash501@gmail.com
502,Anjali,Pune,43,anjali502@gmail.com
503,Rahul,Indore,19,rahul503@gmail.com
504,Arjun,Pune,38,arjun504@gmail.com
505,Harsh,Indore,54,harsh505@gmail.com
506,Vikas,Indore,36,vikas506@gmail.com
507,Priya,Indore,19,priya507@gmail.com
508,Rohit,Mumbai,57,rohit508@gmail.com
509,Arjun,Jaipur,23,arjun509@gmail.com
510,Nisha,Pune,33,nisha510@gmail.com
511,Nisha,Rajkot,43,nisha511@gmail.com
512,Yash,Pune,43,yash512@gmail.com
513,Pooja,Jaipur,32,pooja513@gmail.com
514,Rohit,Mumbai,22,rohit514@gmail.com
515,Yash,Pune,51,yash515@gmail.com
516,Yash,Delhi,40,yash516@gmail.com
517,Anjali,Mumbai,33,anjali517@gmail.com
518,Priya,Mumbai,34,priya518@gmail.com
519,Mohit,Mumbai,56,mohit519@gmail.com
520,Karan,Pune,29,karan520@gmail.com
521,Kriti,Nagpur,54,kriti521@gmail.com
522,Harsh,Nagpur,54,harsh522@gmail.com
523,Kavya,Jaipur,58,kavya523@gmail.com
524,Rohit,Mumbai,46,rohit524@gmail.com
525,Neha,Nagpur,46,neha525@gmail.com
526,Pooja,Ahmedabad,55,pooja526@gmail.com
527,Rahul,Jaipur,50,rahul527@gmail.com
528,Neha,Ahmedabad,47,neha528@gmail.com
529,Arjun,Surat,21,arjun529@gmail.com
530,Anjali,Ahmedabad,22,anjali530@gmail.com
531,Neha,Rajkot,56,neha531@gmail.com
532,Yash,Indore,47,yash532@gmail.com
533,Harsh,Vadodara,20,harsh533@gmail.com
534,Arjun,Rajkot,59,arjun534@gmail.com
535,Mohit,Jaipur,56,mohit535@gmail.com
536,Kriti,Vadodara,27,kriti536@gmail.com
537,Rahul,Nagpur,24,rahul537@gmail.com
538,Rohit,Pune,50,rohit538@gmail.com
539,Riya,Surat,33,riya539@gmail.com
540,Arjun,Nagpur,51,arjun540@gmail.com
541,Yash,Rajkot,28,yash541@gmail.com
542,Anjali,Jaipur,36,anjali542@gmail.com
543,Vikas,Indore,39,vikas543@gmail.com
544,Kavya,Surat,58,kavya544@gmail.com
545,Rohit,Pune,39,rohit545@gmail.com
546,Priya,Vadodara,42,priya546@gmail.com
547,Pooja,Ahmedabad,60,pooja547@gmail.com
548,Kavya,Mumbai,39,kavya548@gmail.com
549,Neha,Rajkot,60,neha549@gmail.com
550,Karan,Jaipur,37,karan550@gmail.com
551,Vikas,Mumbai,56,vikas551@gmail.com
552,Neha,Ahmedabad,53,neha552@gmail.com
553,Vikas,Jaipur,26,vikas553@gmail.com
554,Yash,Pune,59,yash554@gmail.com
555,Nisha,Vadodara,41,nisha555@gmail.com
556,Aditya,Jaipur,37,aditya556@gmail.com
557,Riya,Delhi,39,riya557@gmail.com
558,Kriti,Delhi,32,kriti558@gmail.com
559,Karan,Mumbai,22,karan559@gmail.com
560,Pooja,Pune,50,pooja560@gmail.com
561,Meera,Vadodara,20,meera561@gmail.com
562,Rohit,Rajkot,26,rohit562@gmail.com
563,Kavya,Indore,27,kavya563@gmail.com
564,Riya,Mumbai,57,riya564@gmail.com
565,Riya,Nagpur,20,riya565@gmail.com
566,Nisha,Jaipur,33,nisha566@gmail.com
567,Arjun,Rajkot,36,arjun567@gmail.com
568,Arjun,Delhi,52,arjun568@gmail.com
569,Sneha,Ahmedabad,48,sneha569@gmail.com
570,Mohit,Jaipur,54,mohit570@gmail.com
571,Arjun,Nagpur,36,arjun571@gmail.com
572,Vikas,Vadodara,51,vikas572@gmail.com
573,Nisha,Mumbai,30,nisha573@gmail.com
574,Kavya,Mumbai,34,kavya574@gmail.com
575,Rahul,Nagpur,41,rahul575@gmail.com
576,Meera,Pune,51,meera576@gmail.com
577,Priya,Ahmedabad,23,priya577@gmail.com
578,Riya,Ahmedabad,46,riya578@gmail.com
579,Yash,Mumbai,45,yash579@gmail.com
580,Neha,Delhi,46,neha580@gmail.com
581,Anjali,Surat,44,anjali581@gmail.com
582,Rahul,Indore,50,rahul582@gmail.com
583,Anjali,Delhi,42,anjali583@gmail.com
584,Neha,Jaipur,32,neha584@gmail.com
585,Aditya,Jaipur,24,aditya585@gmail.com
586,Rohit,Mumbai,26,rohit586@gmail.com
587,Rahul,Ahmedabad,48,rahul587@gmail.com
588,Karan,Nagpur,46,karan588@gmail.com
589,Kavya,Surat,23,kavya589@gmail.com
590,Aditya,Ahmedabad,31,aditya590@gmail.com
591,Karan,Vadodara,56,karan591@gmail.com
592,Yash,Indore,25,yash592@gmail.com
593,Pooja,Delhi,37,pooja593@gmail.com
594,Priya,Surat,33,priya594@gmail.com
595,Nisha,Rajkot,47,nisha595@gmail.com
596,Neha,Pune,49,neha596@gmail.com
597,Kavya,Vadodara,19,kavya597@gmail.com
598,Yash,Rajkot,33,yash598@gmail.com
599,Karan,Ahmedabad,45,karan599@gmail.com
600,Aditya,Rajkot,40,aditya600@gmail.com
601,Sneha,Rajkot,44,sneha601@gmail.com
602,Riya,Pune,51,riya602@gmail.com
603,Anjali,Pune,51,anjali603@gmail.com
604,Meera,Vadodara,50,meera604@gmail.com
605,Meera,Surat,42,meera605@gmail.com
606,Kriti,Surat,58,kriti606@gmail.com
607,Vikas,Jaipur,34,vikas607@gmail.com
608,Aditya,Jaipur,22,aditya608@gmail.com
609,Anjali,Delhi,60,anjali609@gmail.com
610,Priya,Rajkot,39,priya610@gmail.com
611,Karan,Surat,40,karan611@gmail.com
612,Meera,Jaipur,59,meera612@gmail.com
613,Riya,Nagpur,48,riya613@gmail.com
614,Riya,Mumbai,22,riya614@gmail.com
615,Arjun,Surat,36,arjun615@gmail.com
616,Mohit,Surat,30,mohit616@gmail.com
617,Rahul,Jaipur,37,rahul617@gmail.com
618,Yash,Indore,52,yash618@gmail.com
619,Kriti,Ahmedabad,20,kriti619@gmail.com
620,Mohit,Ahmedabad,40,mohit620@gmail.com
621,Rahul,Jaipur,35,rahul621@gmail.com
622,Priya,Jaipur,45,priya622@gmail.com
623,Vikas,Nagpur,42,vikas623@gmail.com
624,Rohit,Mumbai,49,rohit624@gmail.com
625,Kriti,Jaipur,51,kriti625@gmail.com
626,Aman,Pune,45,aman626@gmail.com
627,Neha,Indore,56,neha627@gmail.com
628,Riya,Vadodara,36,riya628@gmail.com
629,Rohit,Pune,23,rohit629@gmail.com
630,Rohit,Ahmedabad,37,rohit630@gmail.com
631,Arjun,Rajkot,45,arjun631@gmail.com
632,Riya,Nagpur,40,riya632@gmail.com
633,Arjun,Surat,40,arjun633@gmail.com
634,Kavya,Indore,35,kavya634@gmail.com
635,Rahul,Pune,60,rahul635@gmail.com
636,Vikas,Jaipur,50,vikas636@gmail.com
637,Riya,Surat,27,riya637@gmail.com
638,Kavya,Nagpur,20,kavya638@gmail.com
639,Karan,Pune,33,karan639@gmail.com
640,Anjali,Jaipur,42,anjali640@gmail.com
641,Harsh,Surat,56,harsh641@gmail.com
642,Karan,Nagpur,41,karan642@gmail.com
643,Anjali,Nagpur,22,anjali643@gmail.com
644,Harsh,Mumbai,51,harsh644@gmail.com
645,Anjali,Indore,38,anjali645@gmail.com
646,Aman,Delhi,25,aman646@gmail.com
647,Aditya,Mumbai,49,aditya647@gmail.com
648,Yash,Indore,53,yash648@gmail.com
649,Priya,Ahmedabad,34,priya649@gmail.com
650,Arjun,Delhi,57,arjun650@gmail.com
651,Pooja,Nagpur,30,pooja651@gmail.com
652,Priya,Mumbai,22,priya652@gmail.com
653,Arjun,Mumbai,46,arjun653@gmail.com
654,Neha,Jaipur,60,neha654@gmail.com
655,Anjali,Pune,53,anjali655@gmail.com
656,Meera,Ahmedabad,37,meera656@gmail.com
657,Riya,Mumbai,41,riya657@gmail.com
658,Yash,Delhi,25,yash658@gmail.com
659,Mohit,Mumbai,33,mohit659@gmail.com
660,Kriti,Surat,41,kriti660@gmail.com
661,Meera,Rajkot,41,meera661@gmail.com
662,Arjun,Vadodara,26,arjun662@gmail.com
663,Kavya,Pune,22,kavya663@gmail.com
664,Pooja,Indore,48,pooja664@gmail.com
665,Yash,Indore,44,yash665@gmail.com
666,Harsh,Pune,26,harsh666@gmail.com
667,Rohit,Pune,46,rohit667@gmail.com
668,Arjun,Vadodara,40,arjun668@gmail.com
669,Karan,Vadodara,58,karan669@gmail.com
670,Harsh,Mumbai,26,harsh670@gmail.com
671,Nisha,Vadodara,21,nisha671@gmail.com
672,Priya,Vadodara,27,priya672@gmail.com
673,Pooja,Mumbai,28,pooja673@gmail.com
674,Rohit,Delhi,40,rohit674@gmail.com
675,Yash,Ahmedabad,23,yash675@gmail.com
676,Aman,Delhi,58,aman676@gmail.com
677,Meera,Ahmedabad,26,meera677@gmail.com
678,Pooja,Rajkot,52,pooja678@gmail.com
679,Neha,Vadodara,59,neha679@gmail.com
680,Riya,Rajkot,55,riya680@gmail.com
681,Karan,Mumbai,60,karan681@gmail.com
682,Kavya,Rajkot,39,kavya682@gmail.com
683,Harsh,Surat,19,harsh683@gmail.com
684,Neha,Surat,59,neha684@gmail.com
685,Harsh,Ahmedabad,59,harsh685@gmail.com
686,Mohit,Rajkot,44,mohit686@gmail.com
687,Kavya,Surat,49,kavya687@gmail.com
688,Meera,Ahmedabad,59,meera688@gmail.com
689,Pooja,Nagpur,33,pooja689@gmail.com
690,Vikas,Ahmedabad,47,vikas690@gmail.com
691,Neha,Surat,28,neha691@gmail.com
692,Arjun,Indore,48,arjun692@gmail.com
693,Arjun,Delhi,39,arjun693@gmail.com
694,Kavya,Mumbai,38,kavya694@gmail.com
695,Rohit,Jaipur,43,rohit695@gmail.com
696,Karan,Jaipur,50,karan696@gmail.com
697,Meera,Pune,38,meera697@gmail.com
698,Sneha,Nagpur,25,sneha698@gmail.com
699,Aman,Nagpur,33,aman699@gmail.com
700,Karan,Pune,21,karan700@gmail.com
700,Karan,Pune,21,karan700@gmail.com
701,Pooja,Indore,57,pooja701@gmail.com
702,Nisha,Delhi,28,nisha702@gmail.com
703,Rohit,Rajkot,38,rohit703@gmail.com
704,Mohit,Mumbai,49,mohit704@gmail.com
705,Yash,Nagpur,49,yash705@gmail.com
706,Pooja,Nagpur,19,pooja706@gmail.com
707,Neha,Indore,50,neha707@gmail.com
708,Arjun,Delhi,31,arjun708@gmail.com
709,Harsh,Jaipur,21,harsh709@gmail.com
710,Rahul,Ahmedabad,49,rahul710@gmail.com
711,Kavya,Nagpur,36,kavya711@gmail.com
712,Meera,Surat,24,meera712@gmail.com
713,Nisha,Mumbai,34,nisha713@gmail.com
714,Anjali,Indore,41,anjali714@gmail.com
715,Rahul,Indore,21,rahul715@gmail.com
716,Harsh,Vadodara,30,harsh716@gmail.com
717,Anjali,Vadodara,36,anjali717@gmail.com
718,Neha,Indore,50,neha718@gmail.com
719,Arjun,Vadodara,35,arjun719@gmail.com
720,Kavya,Rajkot,25,kavya720@gmail.com
721,Karan,Pune,43,karan721@gmail.com
722,Anjali,Jaipur,53,anjali722@gmail.com
723,Anjali,Mumbai,30,anjali723@gmail.com
724,Kavya,Vadodara,43,kavya724@gmail.com
725,Yash,Surat,20,yash725@gmail.com
726,Rahul,Mumbai,39,rahul726@gmail.com
727,Kriti,Vadodara,47,kriti727@gmail.com
728,Karan,Rajkot,50,karan728@gmail.com
729,Karan,Jaipur,57,karan729@gmail.com
730,Rohit,Mumbai,43,rohit730@gmail.com
731,Kavya,Ahmedabad,55,kavya731@gmail.com
732,Rohit,Vadodara,50,rohit732@gmail.com
733,Meera,Nagpur,54,meera733@gmail.com
734,Pooja,Nagpur,19,pooja734@gmail.com
735,Anjali,Jaipur,25,anjali735@gmail.com
736,Nisha,Rajkot,37,nisha736@gmail.com
737,Aditya,Rajkot,48,aditya737@gmail.com
738,Aman,Rajkot,54,aman738@gmail.com
739,Sneha,Surat,55,sneha739@gmail.com
740,Kriti,Mumbai,51,kriti740@gmail.com
741,Kavya,Indore,27,kavya741@gmail.com
742,Sneha,Surat,54,sneha742@gmail.com
743,Priya,Delhi,19,priya743@gmail.com
744,Arjun,Jaipur,44,arjun744@gmail.com
745,Karan,Indore,31,karan745@gmail.com
746,Nisha,Vadodara,57,nisha746@gmail.com
747,Kriti,Surat,26,kriti747@gmail.com
748,Yash,Delhi,53,yash748@gmail.com
749,Rohit,Nagpur,51,rohit749@gmail.com
750,Vikas,Jaipur,29,vikas750@gmail.com
751,Arjun,Vadodara,39,arjun751@gmail.com
752,Meera,Jaipur,59,meera752@gmail.com
753,Aman,Rajkot,48,aman753@gmail.com
754,Mohit,Delhi,35,mohit754@gmail.com
755,Meera,Ahmedabad,32,meera755@gmail.com
756,Pooja,Ahmedabad,31,pooja756@gmail.com
757,Kriti,Jaipur,48,kriti757@gmail.com
758,Anjali,Vadodara,35,anjali758@gmail.com
759,Pooja,Pune,54,pooja759@gmail.com
760,Meera,Indore,43,meera760@gmail.com
761,Anjali,Mumbai,36,anjali761@gmail.com
762,Rahul,Ahmedabad,23,rahul762@gmail.com
763,Anjali,Nagpur,59,anjali763@gmail.com
764,Aman,Nagpur,31,aman764@gmail.com
765,Mohit,Vadodara,35,mohit765@gmail.com
766,Meera,Ahmedabad,26,meera766@gmail.com
767,Priya,Rajkot,55,priya767@gmail.com
768,Sneha,Delhi,21,sneha768@gmail.com
769,Yash,Delhi,58,yash769@gmail.com
770,Sneha,Surat,24,sneha770@gmail.com
771,Nisha,Jaipur,48,nisha771@gmail.com
772,Priya,Mumbai,18,priya772@gmail.com
773,Meera,Mumbai,44,meera773@gmail.com
774,Kriti,Nagpur,59,kriti774@gmail.com
775,Mohit,Ahmedabad,38,mohit775@gmail.com
776,Pooja,Surat,23,pooja776@gmail.com
777,Harsh,Delhi,52,harsh777@gmail.com
778,Rahul,Mumbai,44,rahul778@gmail.com
779,Riya,Surat,43,riya779@gmail.com
780,Kriti,Mumbai,36,kriti780@gmail.com
781,Rahul,Surat,37,rahul781@gmail.com
782,Harsh,Rajkot,24,harsh782@gmail.com
783,Rohit,Ahmedabad,47,rohit783@gmail.com
784,Meera,Vadodara,49,meera784@gmail.com
785,Karan,Vadodara,47,karan785@gmail.com
786,Aman,Delhi,25,aman786@gmail.com
787,Rohit,Mumbai,47,rohit787@gmail.com
788,Aman,Mumbai,18,aman788@gmail.com
789,Rohit,Ahmedabad,54,rohit789@gmail.com
790,Mohit,Mumbai,57,mohit790@gmail.com
791,Vikas,Indore,50,vikas791@gmail.com
792,Rohit,Pune,43,rohit792@gmail.com
793,Priya,Mumbai,26,priya793@gmail.com
794,Kriti,Jaipur,33,kriti794@gmail.com
795,Aditya,Ahmedabad,42,aditya795@gmail.com
796,Sneha,Nagpur,35,sneha796@gmail.com
797,Rohit,Ahmedabad,55,rohit797@gmail.com
798,Harsh,Surat,34,harsh798@gmail.com
799,Anjali,Delhi,21,anjali799@gmail.com
800,Priya,Nagpur,37,priya800@gmail.com
801,Riya,Indore,50,riya801@gmail.com
802,Pooja,Pune,58,pooja802@gmail.com
803,Pooja,Jaipur,57,pooja803@gmail.com
804,Sneha,Delhi,26,sneha804@gmail.com
805,Kriti,Mumbai,47,kriti805@gmail.com
806,Kavya,Jaipur,44,kavya806@gmail.com
807,Meera,Nagpur,52,meera807@gmail.com
808,Mohit,Delhi,56,mohit808@gmail.com
809,Neha,Vadodara,46,neha809@gmail.com
810,Yash,Jaipur,22,yash810@gmail.com
811,Harsh,Pune,21,harsh811@gmail.com
812,Meera,Vadodara,30,meera812@gmail.com
813,Harsh,Vadodara,27,harsh813@gmail.com
814,Riya,Jaipur,51,riya814@gmail.com
815,Arjun,Pune,31,arjun815@gmail.com
816,Harsh,Nagpur,23,harsh816@gmail.com
817,Yash,Nagpur,21,yash817@gmail.com
818,Arjun,Mumbai,50,arjun818@gmail.com
819,Nisha,Nagpur,54,nisha819@gmail.com
820,Rahul,Vadodara,47,rahul820@gmail.com
821,Pooja,Surat,43,pooja821@gmail.com
822,Aman,Surat,31,aman822@gmail.com
823,Harsh,Pune,20,harsh823@gmail.com
824,Nisha,Jaipur,22,nisha824@gmail.com
825,Meera,Surat,22,meera825@gmail.com
826,Kriti,Surat,36,kriti826@gmail.com
827,Nisha,Mumbai,26,nisha827@gmail.com
828,Nisha,Jaipur,42,nisha828@gmail.com
829,Arjun,Indore,42,arjun829@gmail.com
830,Neha,Vadodara,26,neha830@gmail.com
831,Anjali,Pune,29,anjali831@gmail.com
832,Meera,Indore,51,meera832@gmail.com
833,Karan,Delhi,18,karan833@gmail.com
834,Aditya,Ahmedabad,47,aditya834@gmail.com
835,Meera,Indore,52,meera835@gmail.com
836,Vikas,Delhi,33,vikas836@gmail.com
837,Arjun,Jaipur,27,arjun837@gmail.com
838,Aman,Delhi,25,aman838@gmail.com
839,Rahul,Indore,57,rahul839@gmail.com
840,Aditya,Delhi,31,aditya840@gmail.com
841,Neha,Pune,56,neha841@gmail.com
842,Rahul,Nagpur,56,rahul842@gmail.com
843,Rahul,Delhi,20,rahul843@gmail.com
844,Vikas,Nagpur,32,vikas844@gmail.com
845,Meera,Delhi,21,meera845@gmail.com
846,Karan,Vadodara,36,karan846@gmail.com
847,Sneha,Rajkot,38,sneha847@gmail.com
848,Harsh,Rajkot,38,harsh848@gmail.com
849,Sneha,Ahmedabad,27,sneha849@gmail.com
850,Yash,Delhi,44,yash850@gmail.com
851,Pooja,Ahmedabad,21,pooja851@gmail.com
852,Meera,Rajkot,29,meera852@gmail.com
853,Nisha,Vadodara,49,nisha853@gmail.com
854,Rahul,Jaipur,59,rahul854@gmail.com
855,Vikas,Vadodara,38,vikas855@gmail.com
856,Nisha,Indore,27,nisha856@gmail.com
857,Pooja,Indore,29,pooja857@gmail.com
858,Meera,Nagpur,33,meera858@gmail.com
859,Sneha,Ahmedabad,27,sneha859@gmail.com
860,Arjun,Surat,53,arjun860@gmail.com
861,Nisha,Indore,53,nisha861@gmail.com
862,Yash,Mumbai,42,yash862@gmail.com
863,Sneha,Ahmedabad,31,sneha863@gmail.com
864,Rohit,Pune,46,rohit864@gmail.com
865,Anjali,Pune,52,anjali865@gmail.com
866,Mohit,Surat,35,mohit866@gmail.com
867,Vikas,Rajkot,56,vikas867@gmail.com
868,Rahul,Pune,30,rahul868@gmail.com
869,Harsh,Vadodara,31,harsh869@gmail.com
870,Kriti,Delhi,39,kriti870@gmail.com
871,Pooja,Surat,31,pooja871@gmail.com
872,Mohit,Pune,48,mohit872@gmail.com
873,Sneha,Rajkot,31,sneha873@gmail.com
874,Vikas,Delhi,53,vikas874@gmail.com
875,Rohit,Ahmedabad,42,rohit875@gmail.com
876,Arjun,Vadodara,59,arjun876@gmail.com
877,Anjali,Ahmedabad,34,anjali877@gmail.com
878,Anjali,Vadodara,49,anjali878@gmail.com
879,Arjun,Pune,48,arjun879@gmail.com
880,Rohit,Delhi,41,rohit880@gmail.com
881,Rohit,Indore,20,rohit881@gmail.com
882,Harsh,Delhi,27,harsh882@gmail.com
883,Aditya,Ahmedabad,53,aditya883@gmail.com
884,Harsh,Rajkot,44,harsh884@gmail.com
885,Pooja,Mumbai,30,pooja885@gmail.com
886,Rohit,Delhi,42,rohit886@gmail.com
887,Harsh,Delhi,49,harsh887@gmail.com
888,Meera,Jaipur,34,meera888@gmail.com
889,Kriti,Nagpur,47,kriti889@gmail.com
890,Riya,Jaipur,28,riya890@gmail.com
891,Karan,Vadodara,49,karan891@gmail.com
892,Riya,Vadodara,59,riya892@gmail.com
893,Rahul,Vadodara,20,rahul893@gmail.com
894,Neha,Surat,18,neha894@gmail.com
895,Nisha,Mumbai,58,nisha895@gmail.com
896,Sneha,Pune,27,sneha896@gmail.com
897,Aditya,Delhi,50,aditya897@gmail.com
898,Arjun,Jaipur,21,arjun898@gmail.com
899,Kavya,Rajkot,48,kavya899@gmail.com
900,Kriti,Surat,18,kriti900@gmail.com
901,Meera,Vadodara,44,meera901@gmail.com
902,Aditya,Surat,51,aditya902@gmail.com
903,Aman,Vadodara,36,aman903@gmail.com
904,Aditya,Vadodara,45,aditya904@gmail.com
905,Riya,Pune,24,riya905@gmail.com
906,Yash,Mumbai,33,yash906@gmail.com
907,Mohit,Rajkot,51,mohit907@gmail.com
908,Aman,Jaipur,35,aman908@gmail.com
909,Vikas,Pune,41,vikas909@gmail.com
910,Vikas,Nagpur,54,vikas910@gmail.com
911,Sneha,Delhi,37,sneha911@gmail.com
912,Neha,Surat,23,neha912@gmail.com
913,Vikas,Indore,42,vikas913@gmail.com
914,Meera,Nagpur,21,meera914@gmail.com
915,Aditya,Mumbai,23,aditya915@gmail.com
916,Kriti,Indore,59,kriti916@gmail.com
917,Rohit,Rajkot,24,rohit917@gmail.com
918,Yash,Surat,32,yash918@gmail.com
919,Mohit,Rajkot,48,mohit919@gmail.com
920,Aman,Surat,22,aman920@gmail.com
921,Aman,Vadodara,54,aman921@gmail.com
922,Rahul,Mumbai,38,rahul922@gmail.com
923,Aditya,Delhi,55,aditya923@gmail.com
924,Karan,Indore,22,karan924@gmail.com
925,Pooja,Mumbai,54,pooja925@gmail.com
926,Sneha,Rajkot,42,sneha926@gmail.com
927,Meera,Jaipur,42,meera927@gmail.com
928,Karan,Pune,50,karan928@gmail.com
929,Anjali,Surat,24,anjali929@gmail.com
930,Nisha,Delhi,22,nisha930@gmail.com
931,Rohit,Rajkot,57,rohit931@gmail.com
932,Kavya,Indore,38,kavya932@gmail.com
933,Aditya,Ahmedabad,46,aditya933@gmail.com
934,Kriti,Delhi,40,kriti934@gmail.com
935,Meera,Indore,45,meera935@gmail.com
936,Riya,Rajkot,60,riya936@gmail.com
937,Vikas,Pune,57,vikas937@gmail.com
938,Pooja,Delhi,22,pooja938@gmail.com
939,Neha,Ahmedabad,27,neha939@gmail.com
940,Vikas,Mumbai,42,vikas940@gmail.com
941,Rohit,Jaipur,24,rohit941@gmail.com
942,Neha,Surat,37,neha942@gmail.com
943,Arjun,Jaipur,35,arjun943@gmail.com
944,Priya,Mumbai,23,priya944@gmail.com
945,Riya,Indore,46,riya945@gmail.com
946,Meera,Vadodara,50,meera946@gmail.com
947,Nisha,Pune,19,nisha947@gmail.com
948,Neha,Jaipur,53,neha948@gmail.com
949,Neha,Rajkot,56,neha949@gmail.com
950,Rohit,Indore,18,rohit950@gmail.com
951,Pooja,Indore,42,pooja951@gmail.com
952,Neha,Vadodara,33,neha952@gmail.com
953,Harsh,Vadodara,28,harsh953@gmail.com
954,Vikas,Mumbai,26,vikas954@gmail.com
955,Aman,Ahmedabad,35,aman955@gmail.com
956,Kriti,Mumbai,22,kriti956@gmail.com
957,Riya,Indore,35,riya957@gmail.com
958,Nisha,Ahmedabad,48,nisha958@gmail.com
959,Neha,Jaipur,34,neha959@gmail.com
960,Sneha,Nagpur,56,sneha960@gmail.com
961,Kavya,Delhi,47,kavya961@gmail.com
962,Priya,Mumbai,37,priya962@gmail.com
963,Aditya,Indore,39,aditya963@gmail.com
964,Kavya,Indore,39,kavya964@gmail.com
965,Arjun,Jaipur,45,arjun965@gmail.com
966,Kavya,Mumbai,37,kavya966@gmail.com
967,Rohit,Rajkot,30,rohit967@gmail.com
968,Kriti,Jaipur,29,kriti968@gmail.com
969,Vikas,Jaipur,36,vikas969@gmail.com
970,Kriti,Rajkot,33,kriti970@gmail.com
971,Rohit,Indore,35,rohit971@gmail.com
972,Vikas,Jaipur,25,vikas972@gmail.com
973,Harsh,Delhi,55,harsh973@gmail.com
974,Meera,Mumbai,53,meera974@gmail.com
975,Aditya,Nagpur,31,aditya975@gmail.com
976,Arjun,Ahmedabad,22,arjun976@gmail.com
977,Nisha,Nagpur,26,nisha977@gmail.com
978,Pooja,Delhi,34,pooja978@gmail.com
979,Karan,Indore,42,karan979@gmail.com
980,Neha,Nagpur,56,neha980@gmail.com
981,Kriti,Rajkot,43,kriti981@gmail.com
982,Meera,Vadodara,44,meera982@gmail.com
983,Meera,Surat,41,meera983@gmail.com
984,Meera,Rajkot,58,meera984@gmail.com
985,Neha,Pune,33,neha985@gmail.com
986,Anjali,Mumbai,59,anjali986@gmail.com
987,Kavya,Surat,54,kavya987@gmail.com
988,Vikas,Jaipur,45,vikas988@gmail.com
989,Priya,Surat,24,priya989@gmail.com
990,Aman,Delhi,50,aman990@gmail.com
991,Yash,Vadodara,55,yash991@gmail.com
992,Harsh,Delhi,46,harsh992@gmail.com
993,Anjali,Indore,47,anjali993@gmail.com
994,Harsh,Vadodara,27,harsh994@gmail.com
995,Anjali,Surat,48,anjali995@gmail.com
996,Priya,Ahmedabad,44,priya996@gmail.com
997,Neha,Pune,27,neha997@gmail.com
998,Anjali,Ahmedabad,39,anjali998@gmail.com
999,Arjun,Delhi,51,arjun999@gmail.com
1000,,Jaipur,48,kriti1000@gmail.com
1001,Priya,Nagpur,46,priya1001@gmail.com
1002,Rohit,Pune,37,rohit1002@gmail.com
1003,Rahul,Pune,19,rahul1003@gmail.com
1004,Rohit,Pune,28,rohit1004@gmail.com
1005,Sneha,Vadodara,29,sneha1005@gmail.com
1006,Meera,Mumbai,39,meera1006@gmail.com
1007,Meera,Indore,47,meera1007@gmail.com
1008,Sneha,Indore,58,sneha1008@gmail.com
1009,Riya,Mumbai,58,riya1009@gmail.com
1010,Nisha,Indore,19,nisha1010@gmail.com
1011,Kavya,Delhi,46,kavya1011@gmail.com
1012,Harsh,Indore,42,harsh1012@gmail.com
1013,Aditya,Delhi,31,aditya1013@gmail.com
1014,Aman,Pune,54,aman1014@gmail.com
1015,Priya,Vadodara,29,priya1015@gmail.com
1016,Anjali,Jaipur,30,anjali1016@gmail.com
1017,Arjun,Pune,34,arjun1017@gmail.com
1018,Kriti,Vadodara,58,kriti1018@gmail.com
1019,Rohit,Rajkot,42,rohit1019@gmail.com
1020,Kavya,Indore,55,kavya1020@gmail.com
1021,Priya,Jaipur,40,priya1021@gmail.com
1022,Arjun,Rajkot,29,arjun1022@gmail.com
1023,Pooja,Rajkot,55,pooja1023@gmail.com
1024,Neha,Mumbai,38,neha1024@gmail.com
1025,Priya,Delhi,37,priya1025@gmail.com
1026,Priya,Mumbai,41,priya1026@gmail.com
1027,Karan,Vadodara,42,karan1027@gmail.com
1028,Nisha,Rajkot,26,nisha1028@gmail.com
1029,Harsh,Indore,45,harsh1029@gmail.com
1030,Riya,Nagpur,58,riya1030@gmail.com
1031,Meera,Mumbai,53,meera1031@gmail.com
1032,Riya,Nagpur,36,riya1032@gmail.com
1033,Karan,Mumbai,38,karan1033@gmail.com
1034,Arjun,Rajkot,21,arjun1034@gmail.com
1035,Anjali,Surat,49,anjali1035@gmail.com
1036,Karan,Delhi,42,karan1036@gmail.com
1037,Meera,Vadodara,59,meera1037@gmail.com
1038,Kriti,Indore,49,kriti1038@gmail.com
1039,Nisha,Nagpur,49,nisha1039@gmail.com
1040,Riya,Pune,54,riya1040@gmail.com
1041,Aditya,Delhi,36,aditya1041@gmail.com
1042,Rahul,Ahmedabad,32,rahul1042@gmail.com
1043,Meera,Ahmedabad,28,meera1043@gmail.com
1044,Arjun,Rajkot,49,arjun1044@gmail.com
1045,Meera,Vadodara,25,meera1045@gmail.com
1046,Harsh,Pune,35,harsh1046@gmail.com
1047,Meera,Jaipur,52,meera1047@gmail.com
1048,Rahul,Nagpur,52,rahul1048@gmail.com
1049,Mohit,Indore,24,mohit1049@gmail.com
1050,Sneha,Ahmedabad,20,sneha1050@gmail.com
1051,Arjun,Ahmedabad,40,arjun1051@gmail.com
1052,Neha,Nagpur,25,neha1052@gmail.com
1053,Sneha,Delhi,55,sneha1053@gmail.com
1054,Anjali,Rajkot,58,anjali1054@gmail.com
1055,Nisha,Mumbai,57,nisha1055@gmail.com
1056,Karan,Delhi,31,karan1056@gmail.com
1057,Rahul,Rajkot,40,rahul1057@gmail.com
1058,Meera,Ahmedabad,56,meera1058@gmail.com
1059,Meera,Mumbai,38,meera1059@gmail.com
1060,Pooja,Ahmedabad,54,pooja1060@gmail.com
1061,Aman,Vadodara,24,aman1061@gmail.com
1062,Karan,Indore,21,karan1062@gmail.com
1063,Aman,Mumbai,26,aman1063@gmail.com
1064,Sneha,Mumbai,38,sneha1064@gmail.com
1065,Sneha,Indore,49,sneha1065@gmail.com
1066,Karan,Rajkot,58,karan1066@gmail.com
1067,Aman,Indore,42,aman1067@gmail.com
1068,Arjun,Pune,58,arjun1068@gmail.com
1069,Neha,Indore,50,neha1069@gmail.com
1070,Aman,Jaipur,47,aman1070@gmail.com
1071,Kriti,Jaipur,55,kriti1071@gmail.com
1072,Aditya,Pune,47,aditya1072@gmail.com
1073,Anjali,Pune,52,anjali1073@gmail.com
1074,Vikas,Delhi,45,vikas1074@gmail.com
1075,Mohit,Nagpur,35,mohit1075@gmail.com
1076,Rohit,Ahmedabad,39,rohit1076@gmail.com
1077,Meera,Rajkot,26,meera1077@gmail.com
1078,Harsh,Nagpur,39,harsh1078@gmail.com
1079,Rahul,Surat,24,rahul1079@gmail.com
1080,Arjun,Surat,25,arjun1080@gmail.com
1081,Riya,Nagpur,47,riya1081@gmail.com
1082,Aditya,Indore,30,aditya1082@gmail.com
1083,Karan,Ahmedabad,28,karan1083@gmail.com
1084,Aman,Pune,59,aman1084@gmail.com
1085,Anjali,Ahmedabad,23,anjali1085@gmail.com
1086,Anjali,Mumbai,21,anjali1086@gmail.com
1087,Vikas,Ahmedabad,32,vikas1087@gmail.com
1088,Nisha,Pune,24,nisha1088@gmail.com
1089,Aditya,Delhi,48,aditya1089@gmail.com
1090,Neha,Mumbai,55,neha1090@gmail.com
1091,Sneha,Vadodara,46,sneha1091@gmail.com
1092,Aditya,Surat,39,aditya1092@gmail.com
1093,Priya,Indore,26,priya1093@gmail.com
1094,Kriti,Pune,32,kriti1094@gmail.com
1095,Vikas,Pune,24,vikas1095@gmail.com
1096,Priya,Jaipur,41,priya1096@gmail.com
1097,Pooja,Mumbai,42,pooja1097@gmail.com
1098,Karan,Mumbai,22,karan1098@gmail.com
1099,Yash,Rajkot,18,yash1099@gmail.com
1100,Kavya,Mumbai,46,kavya1100@gmail.com
1101,Anjali,Delhi,58,anjali1101@gmail.com
1102,Karan,Indore,57,karan1102@gmail.com
1103,Arjun,Delhi,23,arjun1103@gmail.com
1104,Priya,Mumbai,25,priya1104@gmail.com
1105,Harsh,Indore,40,harsh1105@gmail.com
1106,Nisha,Jaipur,26,nisha1106@gmail.com
1107,Sneha,Ahmedabad,59,sneha1107@gmail.com
1108,Neha,Delhi,53,neha1108@gmail.com
1109,Kavya,Rajkot,56,kavya1109@gmail.com
1110,Pooja,Surat,60,pooja1110@gmail.com
1111,Pooja,Delhi,51,pooja1111@gmail.com
1112,Kavya,Vadodara,30,kavya1112@gmail.com
1113,Vikas,Ahmedabad,59,vikas1113@gmail.com
1114,Rahul,Delhi,49,rahul1114@gmail.com
1115,Vikas,Pune,33,vikas1115@gmail.com
1116,Kriti,Rajkot,22,kriti1116@gmail.com
1117,Yash,Surat,41,yash1117@gmail.com
1118,Rohit,Mumbai,42,rohit1118@gmail.com
1119,Harsh,Indore,41,harsh1119@gmail.com
1120,Meera,Mumbai,48,meera1120@gmail.com
1121,Neha,Surat,55,neha1121@gmail.com
1122,Neha,Surat,34,neha1122@gmail.com
1123,Mohit,Surat,21,mohit1123@gmail.com
1124,Vikas,Vadodara,36,vikas1124@gmail.com
1125,Yash,Indore,45,yash1125@gmail.com
1126,Vikas,Pune,58,vikas1126@gmail.com
1127,Meera,Vadodara,57,meera1127@gmail.com
1128,Karan,Ahmedabad,23,karan1128@gmail.com
1129,Pooja,Pune,50,pooja1129@gmail.com
1130,Mohit,Mumbai,52,mohit1130@gmail.com
1131,Rohit,Indore,55,rohit1131@gmail.com
1132,Neha,Ahmedabad,45,neha1132@gmail.com
1133,Sneha,Surat,33,sneha1133@gmail.com
1134,Neha,Indore,25,neha1134@gmail.com
1135,Arjun,Rajkot,56,arjun1135@gmail.com
1136,Rahul,Ahmedabad,60,rahul1136@gmail.com
1137,Riya,Pune,18,riya1137@gmail.com
1138,Karan,Surat,28,karan1138@gmail.com
1139,Kriti,Jaipur,51,kriti1139@gmail.com
1140,Yash,Ahmedabad,28,yash1140@gmail.com
1141,Anjali,Mumbai,35,anjali1141@gmail.com
1142,Priya,Surat,39,priya1142@gmail.com
1143,Nisha,Ahmedabad,51,nisha1143@gmail.com
1144,Neha,Ahmedabad,54,neha1144@gmail.com
1145,Neha,Nagpur,47,neha1145@gmail.com
1146,Yash,Jaipur,21,yash1146@gmail.com
1147,Kriti,Rajkot,28,kriti1147@gmail.com
1148,Anjali,Mumbai,34,anjali1148@gmail.com
1149,Priya,Rajkot,25,priya1149@gmail.com
1150,Sneha,Vadodara,18,sneha1150@gmail.com
1151,Rahul,Surat,33,rahul1151@gmail.com
1152,Rahul,Nagpur,41,rahul1152@gmail.com
1153,Vikas,Mumbai,29,vikas1153@gmail.com
1154,Rahul,Vadodara,59,rahul1154@gmail.com
1155,Nisha,Delhi,38,nisha1155@gmail.com
1156,Sneha,Indore,38,sneha1156@gmail.com
1157,Aman,Pune,54,aman1157@gmail.com
1158,Anjali,Pune,50,anjali1158@gmail.com
1159,Rahul,Mumbai,32,rahul1159@gmail.com
1160,Yash,Surat,43,yash1160@gmail.com
1161,Neha,Nagpur,36,neha1161@gmail.com
1162,Pooja,Jaipur,23,pooja1162@gmail.com
1163,Meera,Nagpur,18,meera1163@gmail.com
1164,Anjali,Delhi,36,anjali1164@gmail.com
1165,Harsh,Ahmedabad,57,harsh1165@gmail.com
1166,Sneha,Nagpur,41,sneha1166@gmail.com
1167,Harsh,Nagpur,30,harsh1167@gmail.com
1168,Meera,Delhi,27,meera1168@gmail.com
1169,Aditya,Indore,19,aditya1169@gmail.com
1170,Sneha,Vadodara,40,sneha1170@gmail.com
1171,Aditya,Jaipur,18,aditya1171@gmail.com
1172,Vikas,Ahmedabad,24,vikas1172@gmail.com
1173,Mohit,Vadodara,33,mohit1173@gmail.com
1174,Nisha,Nagpur,21,nisha1174@gmail.com
1175,Karan,Ahmedabad,23,karan1175@gmail.com
1176,Rahul,Delhi,51,rahul1176@gmail.com
1177,Nisha,Jaipur,47,nisha1177@gmail.com
1178,Neha,Rajkot,24,neha1178@gmail.com
1179,Yash,Mumbai,58,yash1179@gmail.com
1180,Vikas,Pune,55,vikas1180@gmail.com
1181,Harsh,Surat,45,harsh1181@gmail.com
1182,Karan,Delhi,36,karan1182@gmail.com
1183,Aman,Jaipur,43,aman1183@gmail.com
1184,Rohit,Jaipur,46,rohit1184@gmail.com
1185,Aman,Delhi,22,aman1185@gmail.com
1186,Mohit,Mumbai,55,mohit1186@gmail.com
1187,Priya,Mumbai,24,priya1187@gmail.com
1188,Riya,Nagpur,47,riya1188@gmail.com
1189,Rohit,Indore,25,rohit1189@gmail.com
1190,Meera,Jaipur,31,meera1190@gmail.com
1191,Arjun,Ahmedabad,47,arjun1191@gmail.com
1192,Aman,Pune,23,aman1192@gmail.com
1193,Riya,Ahmedabad,56,riya1193@gmail.com
1194,Rahul,Delhi,38,rahul1194@gmail.com
1195,Karan,Pune,33,karan1195@gmail.com
1196,Anjali,Indore,50,anjali1196@gmail.com
1197,Rahul,Ahmedabad,34,rahul1197@gmail.com
1198,Riya,Surat,43,riya1198@gmail.com
1199,Arjun,Vadodara,53,arjun1199@gmail.com
1200,Sneha,Pune,47,sneha1200@gmail.com
1201,Priya,Mumbai,25,priya1201@gmail.com
1202,Aditya,Surat,32,aditya1202@gmail.com
1203,Karan,Delhi,43,karan1203@gmail.com
1204,Anjali,Pune,55,anjali1204@gmail.com
1205,Harsh,Ahmedabad,22,harsh1205@gmail.com
1206,Aditya,Pune,30,aditya1206@gmail.com
1207,Arjun,Mumbai,23,arjun1207@gmail.com
1208,Rohit,Pune,20,rohit1208@gmail.com
1209,Arjun,Surat,28,arjun1209@gmail.com
1210,Harsh,Indore,43,harsh1210@gmail.com
1211,Kriti,Surat,42,kriti1211@gmail.com
1212,Nisha,Mumbai,40,nisha1212@gmail.com
1213,Mohit,Mumbai,35,mohit1213@gmail.com
1214,Aman,Nagpur,27,aman1214@gmail.com
1215,Rahul,Rajkot,57,rahul1215@gmail.com
1216,Kavya,Delhi,59,kavya1216@gmail.com
1217,Pooja,Nagpur,44,pooja1217@gmail.com
1218,Meera,Nagpur,21,meera1218@gmail.com
1219,Neha,Ahmedabad,42,neha1219@gmail.com
1220,Karan,Indore,30,karan1220@gmail.com
1221,Yash,Delhi,58,yash1221@gmail.com
1222,Meera,Surat,42,meera1222@gmail.com
1223,Anjali,Nagpur,52,anjali1223@gmail.com
1224,Kriti,Jaipur,54,kriti1224@gmail.com
1225,Yash,Jaipur,42,yash1225@gmail.com
1226,Aman,Mumbai,19,aman1226@gmail.com
1227,Rohit,Rajkot,32,rohit1227@gmail.com
1228,Aditya,Ahmedabad,21,aditya1228@gmail.com
1229,Kriti,Vadodara,40,kriti1229@gmail.com
1230,Harsh,Delhi,28,harsh1230@gmail.com
1231,Priya,Delhi,60,priya1231@gmail.com
1232,Sneha,Ahmedabad,52,sneha1232@gmail.com
1233,Rahul,Delhi,54,rahul1233@gmail.com
1234,Vikas,Jaipur,29,vikas1234@gmail.com
1235,Riya,Delhi,55,riya1235@gmail.com
1236,Rohit,Jaipur,55,rohit1236@gmail.com
1237,Aditya,Jaipur,54,aditya1237@gmail.com
1238,Harsh,Mumbai,54,harsh1238@gmail.com
1239,Mohit,Nagpur,52,mohit1239@gmail.com
1240,Pooja,Mumbai,49,pooja1240@gmail.com
1241,Rahul,Pune,21,rahul1241@gmail.com
1242,Sneha,Rajkot,32,sneha1242@gmail.com
1243,Aditya,Vadodara,48,aditya1243@gmail.com
1244,Aditya,Jaipur,57,aditya1244@gmail.com
1245,Mohit,Mumbai,39,mohit1245@gmail.com
1246,Riya,Jaipur,21,riya1246@gmail.com
1247,Aditya,Mumbai,55,aditya1247@gmail.com
1248,Karan,Pune,51,karan1248@gmail.com
1249,Anjali,Pune,41,anjali1249@gmail.com
1250,Vikas,Rajkot,24,vikas1250@gmail.com
1251,Rohit,Ahmedabad,38,rohit1251@gmail.com
1252,Karan,Mumbai,45,karan1252@gmail.com
1253,Kriti,Jaipur,29,kriti1253@gmail.com
1254,Meera,Rajkot,40,meera1254@gmail.com
1255,Sneha,Rajkot,29,sneha1255@gmail.com
1256,Vikas,Ahmedabad,36,vikas1256@gmail.com
1257,Karan,Mumbai,18,karan1257@gmail.com
1258,Harsh,Indore,54,harsh1258@gmail.com
1259,Rahul,Mumbai,56,rahul1259@gmail.com
1260,Rohit,Rajkot,32,rohit1260@gmail.com
1261,Harsh,Pune,49,harsh1261@gmail.com
1262,Karan,Jaipur,22,karan1262@gmail.com
1263,Sneha,Jaipur,38,sneha1263@gmail.com
1264,Riya,Pune,60,riya1264@gmail.com
1265,Rohit,Nagpur,18,rohit1265@gmail.com
1266,Aman,Delhi,33,aman1266@gmail.com
1267,Neha,Jaipur,34,neha1267@gmail.com
1268,Priya,Surat,21,priya1268@gmail.com
1269,Vikas,Nagpur,44,vikas1269@gmail.com
1270,Riya,Indore,49,riya1270@gmail.com
1271,Vikas,Jaipur,52,vikas1271@gmail.com
1272,Vikas,Pune,48,vikas1272@gmail.com
1273,Harsh,Delhi,28,harsh1273@gmail.com
1274,Arjun,Pune,20,arjun1274@gmail.com
1275,Pooja,Surat,38,pooja1275@gmail.com
1276,Aman,Pune,22,aman1276@gmail.com
1277,Rohit,Mumbai,42,rohit1277@gmail.com
1278,Riya,Pune,53,riya1278@gmail.com
1279,Neha,Jaipur,56,neha1279@gmail.com
1280,Kavya,Nagpur,19,kavya1280@gmail.com
1281,Nisha,Mumbai,56,nisha1281@gmail.com
1282,Nisha,Mumbai,21,nisha1282@gmail.com
1283,Priya,Jaipur,31,priya1283@gmail.com
1284,Mohit,Indore,53,mohit1284@gmail.com
1285,Meera,Ahmedabad,60,meera1285@gmail.com
1286,Pooja,Ahmedabad,33,pooja1286@gmail.com
1287,Priya,Surat,43,priya1287@gmail.com
1288,Harsh,Vadodara,49,harsh1288@gmail.com
1289,Karan,Surat,41,karan1289@gmail.com
1290,Aditya,Indore,23,aditya1290@gmail.com
1291,Pooja,Rajkot,48,pooja1291@gmail.com
1292,Mohit,Pune,19,mohit1292@gmail.com
1293,Mohit,Mumbai,58,mohit1293@gmail.com
1294,Pooja,Pune,48,pooja1294@gmail.com
1295,Priya,Ahmedabad,43,priya1295@gmail.com
1296,Kriti,Nagpur,60,kriti1296@gmail.com
1297,Aman,Pune,59,aman1297@gmail.com
1298,Meera,Indore,29,meera1298@gmail.com
1299,Anjali,Indore,41,anjali1299@gmail.com
1300,Riya,Nagpur,20,riya1300@gmail.com
1301,Aman,Nagpur,47,aman1301@gmail.com
1302,Aman,Delhi,35,aman1302@gmail.com
1303,Harsh,Surat,27,harsh1303@gmail.com
1304,Priya,Pune,60,priya1304@gmail.com
1305,Anjali,Vadodara,44,anjali1305@gmail.com
1306,Harsh,Delhi,53,harsh1306@gmail.com
1307,Rahul,Indore,51,rahul1307@gmail.com
1308,Nisha,Vadodara,48,nisha1308@gmail.com
1309,Harsh,Delhi,48,harsh1309@gmail.com
1310,Pooja,Pune,43,pooja1310@gmail.com
1311,Rahul,Vadodara,54,rahul1311@gmail.com
1312,Yash,Rajkot,57,yash1312@gmail.com
1313,Karan,Pune,46,karan1313@gmail.com
1314,Riya,Mumbai,31,riya1314@gmail.com
1315,Mohit,Mumbai,20,mohit1315@gmail.com
1316,Nisha,Pune,45,nisha1316@gmail.com
1317,Mohit,Mumbai,56,mohit1317@gmail.com
1318,Aman,Jaipur,22,aman1318@gmail.com
1319,Neha,Indore,53,neha1319@gmail.com
1320,Vikas,Vadodara,38,vikas1320@gmail.com
1321,Aman,Vadodara,47,aman1321@gmail.com
1322,Aditya,Rajkot,55,aditya1322@gmail.com
1323,Yash,Indore,25,yash1323@gmail.com
1324,Nisha,Mumbai,27,nisha1324@gmail.com
1325,Harsh,Rajkot,55,harsh1325@gmail.com
1326,Priya,Pune,54,priya1326@gmail.com
1327,Priya,Ahmedabad,52,priya1327@gmail.com
1328,Anjali,Indore,34,anjali1328@gmail.com
1329,Vikas,Nagpur,54,vikas1329@gmail.com
1330,Kavya,Nagpur,20,kavya1330@gmail.com
1331,Riya,Ahmedabad,43,riya1331@gmail.com
1332,Karan,Rajkot,56,karan1332@gmail.com
1333,Vikas,Surat,43,vikas1333@gmail.com
1334,Rohit,Delhi,21,rohit1334@gmail.com
1335,Kriti,Ahmedabad,41,kriti1335@gmail.com
1336,Aditya,Jaipur,37,aditya1336@gmail.com
1337,Pooja,Ahmedabad,49,pooja1337@gmail.com
1338,Priya,Delhi,26,priya1338@gmail.com
1339,Pooja,Nagpur,38,pooja1339@gmail.com
1340,Aman,Indore,56,aman1340@gmail.com
1341,Neha,Delhi,46,neha1341@gmail.com
1342,Mohit,Indore,49,mohit1342@gmail.com
1343,Yash,Jaipur,21,yash1343@gmail.com
1344,Yash,Mumbai,22,yash1344@gmail.com
1345,Pooja,Vadodara,43,pooja1345@gmail.com
1346,Karan,Vadodara,54,karan1346@gmail.com
1347,Aditya,Mumbai,30,aditya1347@gmail.com
1348,Mohit,Surat,33,mohit1348@gmail.com
1349,Rahul,Nagpur,21,rahul1349@gmail.com
1350,Anjali,Delhi,35,anjali1350@gmail.com
1351,Anjali,Nagpur,50,anjali1351@gmail.com
1352,Vikas,Pune,19,vikas1352@gmail.com
1353,Sneha,Jaipur,49,sneha1353@gmail.com
1354,Kavya,Nagpur,29,kavya1354@gmail.com
1355,Kriti,Rajkot,53,kriti1355@gmail.com
1356,Anjali,Jaipur,28,anjali1356@gmail.com
1357,Aman,Pune,36,aman1357@gmail.com
1358,Aditya,Indore,21,aditya1358@gmail.com
1359,Riya,Rajkot,31,riya1359@gmail.com
1360,Sneha,Delhi,31,sneha1360@gmail.com
1361,Aman,Indore,50,aman1361@gmail.com
1362,Aditya,Surat,48,aditya1362@gmail.com
1363,Karan,Mumbai,56,karan1363@gmail.com
1364,Aditya,Delhi,34,aditya1364@gmail.com
1365,Kavya,Ahmedabad,59,kavya1365@gmail.com
1366,Aman,Indore,42,aman1366@gmail.com
1367,Anjali,Nagpur,34,anjali1367@gmail.com
1368,Mohit,Nagpur,37,mohit1368@gmail.com
1369,Yash,Rajkot,43,yash1369@gmail.com
1370,Harsh,Pune,18,harsh1370@gmail.com
1371,Yash,Jaipur,53,yash1371@gmail.com
1372,Kavya,Rajkot,36,kavya1372@gmail.com
1373,Pooja,Pune,48,pooja1373@gmail.com
1374,Neha,Jaipur,35,neha1374@gmail.com
1375,Rohit,Ahmedabad,34,rohit1375@gmail.com
1376,Pooja,Delhi,27,pooja1376@gmail.com
1377,Yash,Delhi,21,yash1377@gmail.com
1378,Kavya,Indore,60,kavya1378@gmail.com
1379,Rohit,Mumbai,19,rohit1379@gmail.com
1380,Kriti,Ahmedabad,34,kriti1380@gmail.com
1381,Nisha,Indore,42,nisha1381@gmail.com
1382,Rahul,Rajkot,54,rahul1382@gmail.com
1383,Mohit,Jaipur,32,mohit1383@gmail.com
1384,Meera,Nagpur,60,meera1384@gmail.com
1385,Anjali,Vadodara,37,anjali1385@gmail.com
1386,Riya,Vadodara,29,riya1386@gmail.com
1387,Pooja,Pune,48,pooja1387@gmail.com
1388,Karan,Ahmedabad,53,karan1388@gmail.com
1389,Riya,Jaipur,59,riya1389@gmail.com
1390,Neha,Delhi,40,neha1390@gmail.com
1391,Sneha,Ahmedabad,44,sneha1391@gmail.com
1392,Rohit,Jaipur,34,rohit1392@gmail.com
1393,Harsh,Ahmedabad,47,harsh1393@gmail.com
1394,Priya,Nagpur,21,priya1394@gmail.com
1395,Harsh,Rajkot,57,harsh1395@gmail.com
1396,Neha,Nagpur,30,neha1396@gmail.com
1397,Yash,Pune,42,yash1397@gmail.com
1398,Yash,Ahmedabad,44,yash1398@gmail.com
1399,Rahul,Mumbai,26,rahul1399@gmail.com
1400,Mohit,Jaipur,44,mohit1400@gmail.com
1400,Mohit,Jaipur,44,mohit1400@gmail.com
1401,Harsh,Nagpur,27,harsh1401@gmail.com
1402,Rohit,Mumbai,23,rohit1402@gmail.com
1403,Kriti,Jaipur,58,kriti1403@gmail.com
1404,Riya,Jaipur,58,riya1404@gmail.com
1405,Rahul,Surat,46,rahul1405@gmail.com
1406,Aman,Delhi,28,aman1406@gmail.com
1407,Harsh,Mumbai,49,harsh1407@gmail.com
1408,Neha,Mumbai,57,neha1408@gmail.com
1409,Nisha,Indore,43,nisha1409@gmail.com
1410,Nisha,Nagpur,42,nisha1410@gmail.com
1411,Aditya,Surat,52,aditya1411@gmail.com
1412,Mohit,Jaipur,18,mohit1412@gmail.com
1413,Rohit,Vadodara,30,rohit1413@gmail.com
1414,Aditya,Surat,58,aditya1414@gmail.com
1415,Sneha,Delhi,40,sneha1415@gmail.com
1416,Pooja,Mumbai,24,pooja1416@gmail.com
1417,Vikas,Vadodara,55,vikas1417@gmail.com
1418,Pooja,Mumbai,22,pooja1418@gmail.com
1419,Rahul,Ahmedabad,36,rahul1419@gmail.com
1420,Arjun,Vadodara,56,arjun1420@gmail.com
1421,Yash,Jaipur,45,yash1421@gmail.com
1422,Karan,Jaipur,49,karan1422@gmail.com
1423,Anjali,Delhi,28,anjali1423@gmail.com
1424,Vikas,Surat,32,vikas1424@gmail.com
1425,Sneha,Mumbai,31,sneha1425@gmail.com
1426,Aditya,Rajkot,50,aditya1426@gmail.com
1427,Riya,Pune,41,riya1427@gmail.com
1428,Rahul,Indore,58,rahul1428@gmail.com
1429,Aman,Vadodara,57,aman1429@gmail.com
1430,Rahul,Rajkot,21,rahul1430@gmail.com
1431,Priya,Surat,21,priya1431@gmail.com
1432,Priya,Indore,46,priya1432@gmail.com
1433,Vikas,Pune,53,vikas1433@gmail.com
1434,Aman,Nagpur,27,aman1434@gmail.com
1435,Mohit,Surat,37,mohit1435@gmail.com
1436,Nisha,Pune,60,nisha1436@gmail.com
1437,Yash,Ahmedabad,57,yash1437@gmail.com
1438,Kavya,Mumbai,44,kavya1438@gmail.com
1439,Priya,Vadodara,57,priya1439@gmail.com
1440,Priya,Ahmedabad,25,priya1440@gmail.com
1441,Priya,Nagpur,30,priya1441@gmail.com
1442,Kavya,Delhi,34,kavya1442@gmail.com
1443,Yash,Delhi,40,yash1443@gmail.com
1444,Nisha,Ahmedabad,28,nisha1444@gmail.com
1445,Rahul,Vadodara,49,rahul1445@gmail.com
1446,Mohit,Nagpur,39,mohit1446@gmail.com
1447,Sneha,Surat,18,sneha1447@gmail.com
1448,Neha,Pune,54,neha1448@gmail.com
1449,Kriti,Mumbai,23,kriti1449@gmail.com
1450,Yash,Pune,24,yash1450@gmail.com
1451,Aman,Delhi,47,aman1451@gmail.com
1452,Pooja,Ahmedabad,47,pooja1452@gmail.com
1453,Rahul,Pune,29,rahul1453@gmail.com
1454,Rahul,Ahmedabad,41,rahul1454@gmail.com
1455,Rohit,Indore,25,rohit1455@gmail.com
1456,Priya,Surat,18,priya1456@gmail.com
1457,Karan,Mumbai,39,karan1457@gmail.com
1458,Anjali,Nagpur,57,anjali1458@gmail.com
1459,Aman,Pune,41,aman1459@gmail.com
1460,Rohit,Mumbai,25,rohit1460@gmail.com
1461,Vikas,Indore,47,vikas1461@gmail.com
1462,Aman,Indore,48,aman1462@gmail.com
1463,Nisha,Mumbai,25,nisha1463@gmail.com
1464,Karan,Surat,28,karan1464@gmail.com
1465,Priya,Indore,55,priya1465@gmail.com
1466,Kriti,Rajkot,46,kriti1466@gmail.com
1467,Riya,Rajkot,42,riya1467@gmail.com
1468,Anjali,Rajkot,19,anjali1468@gmail.com
1469,Karan,Nagpur,49,karan1469@gmail.com
1470,Priya,Indore,46,priya1470@gmail.com
1471,Rahul,Pune,34,rahul1471@gmail.com
1472,Rohit,Surat,51,rohit1472@gmail.com
1473,Harsh,Rajkot,32,harsh1473@gmail.com
1474,Rohit,Vadodara,51,rohit1474@gmail.com
1475,Kavya,Pune,45,kavya1475@gmail.com
1476,Sneha,Nagpur,40,sneha1476@gmail.com
1477,Vikas,Mumbai,53,vikas1477@gmail.com
1478,Kavya,Surat,18,kavya1478@gmail.com
1479,Riya,Vadodara,48,riya1479@gmail.com
1480,Kriti,Mumbai,22,kriti1480@gmail.com
1481,Kriti,Jaipur,33,kriti1481@gmail.com
1482,Rohit,Ahmedabad,21,rohit1482@gmail.com
1483,Yash,Delhi,53,yash1483@gmail.com
1484,Vikas,Indore,33,vikas1484@gmail.com
1485,Neha,Nagpur,46,neha1485@gmail.com
1486,Harsh,Nagpur,23,harsh1486@gmail.com
1487,Kriti,Nagpur,38,kriti1487@gmail.com
1488,Priya,Nagpur,59,priya1488@gmail.com
1489,Aditya,Pune,43,aditya1489@gmail.com
1490,Nisha,Surat,53,nisha1490@gmail.com
1491,Meera,Surat,23,meera1491@gmail.com
1492,Kavya,Rajkot,58,kavya1492@gmail.com
1493,Pooja,Vadodara,53,pooja1493@gmail.com
1494,Mohit,Nagpur,39,mohit1494@gmail.com
1495,Anjali,Surat,32,anjali1495@gmail.com
1496,Arjun,Jaipur,53,arjun1496@gmail.com
1497,Kavya,Rajkot,48,kavya1497@gmail.com
1498,Anjali,Nagpur,25,anjali1498@gmail.com
1499,Priya,Delhi,18,priya1499@gmail.com
1500,Rohit,Jaipur,-5,rohit1500@gmail.com
1501,Pooja,Vadodara,51,pooja1501@gmail.com
1502,Anjali,Pune,20,anjali1502@gmail.com
1503,Riya,Nagpur,26,riya1503@gmail.com
1504,Nisha,Pune,34,nisha1504@gmail.com
1505,Kavya,Delhi,30,kavya1505@gmail.com
1506,Priya,Indore,31,priya1506@gmail.com
1507,Arjun,Delhi,39,arjun1507@gmail.com
1508,Priya,Indore,20,priya1508@gmail.com
1509,Harsh,Pune,46,harsh1509@gmail.com
1510,Arjun,Rajkot,50,arjun1510@gmail.com
1511,Karan,Nagpur,18,karan1511@gmail.com
1512,Yash,Surat,53,yash1512@gmail.com
1513,Nisha,Rajkot,48,nisha1513@gmail.com
1514,Yash,Mumbai,55,yash1514@gmail.com
1515,Riya,Mumbai,24,riya1515@gmail.com
1516,Vikas,Rajkot,56,vikas1516@gmail.com
1517,Rohit,Vadodara,42,rohit1517@gmail.com
1518,Nisha,Rajkot,33,nisha1518@gmail.com
1519,Aman,Indore,39,aman1519@gmail.com
1520,Pooja,Nagpur,26,pooja1520@gmail.com
1521,Karan,Indore,56,karan1521@gmail.com
1522,Yash,Ahmedabad,53,yash1522@gmail.com
1523,Rohit,Vadodara,58,rohit1523@gmail.com
1524,Mohit,Delhi,31,mohit1524@gmail.com
1525,Kavya,Ahmedabad,40,kavya1525@gmail.com
1526,Karan,Mumbai,50,karan1526@gmail.com
1527,Meera,Jaipur,25,meera1527@gmail.com
1528,Anjali,Vadodara,48,anjali1528@gmail.com
1529,Harsh,Rajkot,60,harsh1529@gmail.com
1530,Nisha,Vadodara,36,nisha1530@gmail.com
1531,Nisha,Surat,51,nisha1531@gmail.com
1532,Priya,Surat,42,priya1532@gmail.com
1533,Karan,Surat,60,karan1533@gmail.com
1534,Rahul,Delhi,35,rahul1534@gmail.com
1535,Riya,Ahmedabad,34,riya1535@gmail.com
1536,Karan,Surat,36,karan1536@gmail.com
1537,Mohit,Vadodara,20,mohit1537@gmail.com
1538,Anjali,Nagpur,24,anjali1538@gmail.com
1539,Kavya,Vadodara,32,kavya1539@gmail.com
1540,Meera,Indore,33,meera1540@gmail.com
1541,Yash,Ahmedabad,60,yash1541@gmail.com
1542,Rahul,Indore,42,rahul1542@gmail.com
1543,Nisha,Jaipur,53,nisha1543@gmail.com
1544,Rahul,Surat,34,rahul1544@gmail.com
1545,Mohit,Rajkot,46,mohit1545@gmail.com
1546,Sneha,Jaipur,55,sneha1546@gmail.com
1547,Meera,Rajkot,30,meera1547@gmail.com
1548,Mohit,Ahmedabad,46,mohit1548@gmail.com
1549,Riya,Pune,29,riya1549@gmail.com
1550,Riya,Vadodara,25,riya1550@gmail.com
1551,Vikas,Surat,45,vikas1551@gmail.com
1552,Aman,Vadodara,34,aman1552@gmail.com
1553,Karan,Mumbai,55,karan1553@gmail.com
1554,Aman,Surat,39,aman1554@gmail.com
1555,Arjun,Mumbai,20,arjun1555@gmail.com
1556,Karan,Jaipur,56,karan1556@gmail.com
1557,Rahul,Rajkot,60,rahul1557@gmail.com
1558,Pooja,Nagpur,54,pooja1558@gmail.com
1559,Meera,Jaipur,22,meera1559@gmail.com
1560,Rohit,Vadodara,32,rohit1560@gmail.com
1561,Riya,Vadodara,22,riya1561@gmail.com
1562,Yash,Mumbai,44,yash1562@gmail.com
1563,Meera,Vadodara,43,meera1563@gmail.com
1564,Neha,Jaipur,32,neha1564@gmail.com
1565,Mohit,Jaipur,39,mohit1565@gmail.com
1566,Anjali,Ahmedabad,31,anjali1566@gmail.com
1567,Kavya,Vadodara,48,kavya1567@gmail.com
1568,Meera,Surat,25,meera1568@gmail.com
1569,Anjali,Nagpur,33,anjali1569@gmail.com
1570,Kavya,Rajkot,33,kavya1570@gmail.com
1571,Rahul,Jaipur,42,rahul1571@gmail.com
1572,Priya,Indore,34,priya1572@gmail.com
1573,Meera,Ahmedabad,19,meera1573@gmail.com
1574,Yash,Jaipur,50,yash1574@gmail.com
1575,Yash,Nagpur,49,yash1575@gmail.com
1576,Rahul,Ahmedabad,59,rahul1576@gmail.com
1577,Mohit,Jaipur,50,mohit1577@gmail.com
1578,Neha,Pune,28,neha1578@gmail.com
1579,Meera,Vadodara,18,meera1579@gmail.com
1580,Neha,Delhi,60,neha1580@gmail.com
1581,Mohit,Indore,24,mohit1581@gmail.com
1582,Mohit,Vadodara,45,mohit1582@gmail.com
1583,Neha,Mumbai,19,neha1583@gmail.com
1584,Arjun,Jaipur,20,arjun1584@gmail.com
1585,Neha,Pune,21,neha1585@gmail.com
1586,Riya,Ahmedabad,53,riya1586@gmail.com
1587,Neha,Rajkot,32,neha1587@gmail.com
1588,Aman,Indore,42,aman1588@gmail.com
1589,Arjun,Indore,45,arjun1589@gmail.com
1590,Rohit,Surat,42,rohit1590@gmail.com
1591,Priya,Vadodara,18,priya1591@gmail.com
1592,Kavya,Pune,55,kavya1592@gmail.com
1593,Rahul,Pune,40,rahul1593@gmail.com
1594,Yash,Pune,36,yash1594@gmail.com
1595,Pooja,Rajkot,23,pooja1595@gmail.com
1596,Pooja,Nagpur,42,pooja1596@gmail.com
1597,Vikas,Surat,48,vikas1597@gmail.com
1598,Riya,Vadodara,32,riya1598@gmail.com
1599,Karan,Indore,52,karan1599@gmail.com
1600,Pooja,Mumbai,37,pooja1600@gmail.com
1601,Anjali,Surat,53,anjali1601@gmail.com
1602,Meera,Mumbai,25,meera1602@gmail.com
1603,Rahul,Surat,54,rahul1603@gmail.com
1604,Kavya,Indore,52,kavya1604@gmail.com
1605,Meera,Pune,37,meera1605@gmail.com
1606,Mohit,Jaipur,31,mohit1606@gmail.com
1607,Nisha,Vadodara,27,nisha1607@gmail.com
1608,Riya,Mumbai,32,riya1608@gmail.com
1609,Kavya,Ahmedabad,30,kavya1609@gmail.com
1610,Priya,Mumbai,60,priya1610@gmail.com
1611,Harsh,Surat,53,harsh1611@gmail.com
1612,Arjun,Vadodara,22,arjun1612@gmail.com
1613,Pooja,Pune,34,pooja1613@gmail.com
1614,Priya,Delhi,55,priya1614@gmail.com
1615,Kriti,Jaipur,40,kriti1615@gmail.com
1616,Karan,Delhi,24,karan1616@gmail.com
1617,Pooja,Rajkot,22,pooja1617@gmail.com
1618,Mohit,Jaipur,49,mohit1618@gmail.com
1619,Arjun,Jaipur,57,arjun1619@gmail.com
1620,Pooja,Rajkot,27,pooja1620@gmail.com
1621,Harsh,Rajkot,41,harsh1621@gmail.com
1622,Rohit,Indore,28,rohit1622@gmail.com
1623,Aditya,Jaipur,33,aditya1623@gmail.com
1624,Sneha,Indore,35,sneha1624@gmail.com
1625,Anjali,Mumbai,39,anjali1625@gmail.com
1626,Kriti,Nagpur,46,kriti1626@gmail.com
1627,Anjali,Ahmedabad,49,anjali1627@gmail.com
1628,Meera,Pune,29,meera1628@gmail.com
1629,Kavya,Pune,35,kavya1629@gmail.com
1630,Karan,Vadodara,30,karan1630@gmail.com
1631,Aman,Pune,22,aman1631@gmail.com
1632,Aditya,Vadodara,58,aditya1632@gmail.com
1633,Aditya,Rajkot,55,aditya1633@gmail.com
1634,Vikas,Rajkot,31,vikas1634@gmail.com
1635,Rahul,Vadodara,34,rahul1635@gmail.com
1636,Meera,Vadodara,48,meera1636@gmail.com
1637,Karan,Jaipur,43,karan1637@gmail.com
1638,Sneha,Rajkot,36,sneha1638@gmail.com
1639,Karan,Nagpur,50,karan1639@gmail.com
1640,Yash,Pune,43,yash1640@gmail.com
1641,Anjali,Vadodara,18,anjali1641@gmail.com
1642,Sneha,Rajkot,28,sneha1642@gmail.com
1643,Yash,Mumbai,46,yash1643@gmail.com
1644,Riya,Mumbai,54,riya1644@gmail.com
1645,Harsh,Mumbai,48,harsh1645@gmail.com
1646,Anjali,Surat,32,anjali1646@gmail.com
1647,Kriti,Delhi,22,kriti1647@gmail.com
1648,Aman,Jaipur,32,aman1648@gmail.com
1649,Rahul,Delhi,51,rahul1649@gmail.com
1650,Anjali,Indore,48,anjali1650@gmail.com
1651,Arjun,Surat,20,arjun1651@gmail.com
1652,Rohit,Pune,51,rohit1652@gmail.com
1653,Aman,Ahmedabad,55,aman1653@gmail.com
1654,Meera,Rajkot,29,meera1654@gmail.com
1655,Vikas,Indore,41,vikas1655@gmail.com
1656,Harsh,Pune,51,harsh1656@gmail.com
1657,Aman,Indore,32,aman1657@gmail.com
1658,Yash,Indore,40,yash1658@gmail.com
1659,Anjali,Nagpur,48,anjali1659@gmail.com
1660,Kavya,Surat,50,kavya1660@gmail.com
1661,Karan,Nagpur,28,karan1661@gmail.com
1662,Sneha,Pune,50,sneha1662@gmail.com
1663,Aman,Delhi,27,aman1663@gmail.com
1664,Riya,Mumbai,41,riya1664@gmail.com
1665,Kavya,Pune,60,kavya1665@gmail.com
1666,Sneha,Indore,39,sneha1666@gmail.com
1667,Priya,Nagpur,48,priya1667@gmail.com
1668,Kriti,Delhi,55,kriti1668@gmail.com
1669,Riya,Indore,19,riya1669@gmail.com
1670,Sneha,Surat,26,sneha1670@gmail.com
1671,Harsh,Rajkot,28,harsh1671@gmail.com
1672,Karan,Vadodara,20,karan1672@gmail.com
1673,Harsh,Mumbai,21,harsh1673@gmail.com
1674,Riya,Ahmedabad,29,riya1674@gmail.com
1675,Yash,Indore,56,yash1675@gmail.com
1676,Harsh,Surat,60,harsh1676@gmail.com
1677,Pooja,Pune,31,pooja1677@gmail.com
1678,Arjun,Rajkot,48,arjun1678@gmail.com
1679,Kriti,Mumbai,32,kriti1679@gmail.com
1680,Nisha,Rajkot,27,nisha1680@gmail.com
1681,Harsh,Mumbai,57,harsh1681@gmail.com
1682,Yash,Ahmedabad,28,yash1682@gmail.com
1683,Rohit,Nagpur,56,rohit1683@gmail.com
1684,Harsh,Pune,32,harsh1684@gmail.com
1685,Vikas,Indore,26,vikas1685@gmail.com
1686,Priya,Surat,30,priya1686@gmail.com
1687,Yash,Vadodara,44,yash1687@gmail.com
1688,Karan,Rajkot,24,karan1688@gmail.com
1689,Riya,Nagpur,57,riya1689@gmail.com
1690,Kavya,Surat,52,kavya1690@gmail.com
1691,Yash,Pune,23,yash1691@gmail.com
1692,Kriti,Mumbai,56,kriti1692@gmail.com
1693,Meera,Surat,59,meera1693@gmail.com
1694,Nisha,Vadodara,44,nisha1694@gmail.com
1695,Anjali,Surat,51,anjali1695@gmail.com
1696,Nisha,Delhi,48,nisha1696@gmail.com
1697,Vikas,Jaipur,55,vikas1697@gmail.com
1698,Harsh,Pune,45,harsh1698@gmail.com
1699,Karan,Ahmedabad,48,karan1699@gmail.com
1700,Sneha,Pune,36,sneha1700@gmail.com
1701,Kavya,Vadodara,44,kavya1701@gmail.com
1702,Aman,Delhi,18,aman1702@gmail.com
1703,Aditya,Rajkot,51,aditya1703@gmail.com
1704,Priya,Vadodara,18,priya1704@gmail.com
1705,Vikas,Delhi,38,vikas1705@gmail.com
1706,Nisha,Jaipur,24,nisha1706@gmail.com
1707,Karan,Indore,59,karan1707@gmail.com
1708,Harsh,Ahmedabad,34,harsh1708@gmail.com
1709,Meera,Indore,54,meera1709@gmail.com
1710,Anjali,Rajkot,35,anjali1710@gmail.com
1711,Vikas,Delhi,44,vikas1711@gmail.com
1712,Meera,Vadodara,48,meera1712@gmail.com
1713,Riya,Jaipur,53,riya1713@gmail.com
1714,Meera,Nagpur,34,meera1714@gmail.com
1715,Pooja,Rajkot,40,pooja1715@gmail.com
1716,Vikas,Mumbai,60,vikas1716@gmail.com
1717,Priya,Delhi,46,priya1717@gmail.com
1718,Riya,Pune,31,riya1718@gmail.com
1719,Yash,Indore,39,yash1719@gmail.com
1720,Meera,Rajkot,21,meera1720@gmail.com
1721,Riya,Indore,58,riya1721@gmail.com
1722,Aditya,Pune,27,aditya1722@gmail.com
1723,Kriti,Rajkot,45,kriti1723@gmail.com
1724,Neha,Pune,34,neha1724@gmail.com
1725,Sneha,Jaipur,23,sneha1725@gmail.com
1726,Kavya,Surat,42,kavya1726@gmail.com
1727,Vikas,Rajkot,59,vikas1727@gmail.com
1728,Yash,Ahmedabad,56,yash1728@gmail.com
1729,Rahul,Mumbai,58,rahul1729@gmail.com
1730,Kriti,Nagpur,18,kriti1730@gmail.com
1731,Mohit,Vadodara,36,mohit1731@gmail.com
1732,Mohit,Surat,56,mohit1732@gmail.com
1733,Yash,Vadodara,32,yash1733@gmail.com
1734,Kavya,Mumbai,20,kavya1734@gmail.com
1735,Anjali,Delhi,59,anjali1735@gmail.com
1736,Aditya,Mumbai,23,aditya1736@gmail.com
1737,Aman,Indore,40,aman1737@gmail.com
1738,Vikas,Indore,55,vikas1738@gmail.com
1739,Mohit,Vadodara,18,mohit1739@gmail.com
1740,Neha,Pune,53,neha1740@gmail.com
1741,Pooja,Vadodara,55,pooja1741@gmail.com
1742,Anjali,Jaipur,35,anjali1742@gmail.com
1743,Sneha,Rajkot,30,sneha1743@gmail.com
1744,Arjun,Indore,54,arjun1744@gmail.com
1745,Aditya,Ahmedabad,29,aditya1745@gmail.com
1746,Nisha,Vadodara,24,nisha1746@gmail.com
1747,Meera,Pune,50,meera1747@gmail.com
1748,Pooja,Jaipur,25,pooja1748@gmail.com
1749,Yash,Ahmedabad,52,yash1749@gmail.com
1750,Harsh,Ahmedabad,46,harsh1750@gmail.com
1751,Vikas,Rajkot,48,vikas1751@gmail.com
1752,Sneha,Jaipur,47,sneha1752@gmail.com
1753,Arjun,Rajkot,19,arjun1753@gmail.com
1754,Kriti,Pune,34,kriti1754@gmail.com
1755,Neha,Indore,58,neha1755@gmail.com
1756,Sneha,Delhi,38,sneha1756@gmail.com
1757,Nisha,Jaipur,51,nisha1757@gmail.com
1758,Meera,Surat,34,meera1758@gmail.com
1759,Sneha,Ahmedabad,23,sneha1759@gmail.com
1760,Vikas,Jaipur,22,vikas1760@gmail.com
1761,Meera,Mumbai,48,meera1761@gmail.com
1762,Rohit,Jaipur,31,rohit1762@gmail.com
1763,Harsh,Ahmedabad,29,harsh1763@gmail.com
1764,Mohit,Nagpur,30,mohit1764@gmail.com
1765,Sneha,Delhi,34,sneha1765@gmail.com
1766,Mohit,Delhi,30,mohit1766@gmail.com
1767,Sneha,Rajkot,40,sneha1767@gmail.com
1768,Karan,Pune,25,karan1768@gmail.com
1769,Neha,Nagpur,57,neha1769@gmail.com
1770,Aditya,Vadodara,20,aditya1770@gmail.com
1771,Kriti,Jaipur,57,kriti1771@gmail.com
1772,Rohit,Nagpur,54,rohit1772@gmail.com
1773,Aman,Nagpur,29,aman1773@gmail.com
1774,Yash,Ahmedabad,43,yash1774@gmail.com
1775,Sneha,Rajkot,26,sneha1775@gmail.com
1776,Rahul,Vadodara,45,rahul1776@gmail.com
1777,Kriti,Vadodara,20,kriti1777@gmail.com
1778,Yash,Jaipur,43,yash1778@gmail.com
1779,Riya,Nagpur,25,riya1779@gmail.com
1780,Yash,Nagpur,38,yash1780@gmail.com
1781,Aditya,Surat,31,aditya1781@gmail.com
1782,Vikas,Rajkot,24,vikas1782@gmail.com
1783,Rohit,Jaipur,57,rohit1783@gmail.com
1784,Aman,Mumbai,53,aman1784@gmail.com
1785,Aman,Delhi,35,aman1785@gmail.com
1786,Kriti,Rajkot,39,kriti1786@gmail.com
1787,Anjali,Mumbai,49,anjali1787@gmail.com
1788,Nisha,Delhi,44,nisha1788@gmail.com
1789,Anjali,Jaipur,43,anjali1789@gmail.com
1790,Aman,Nagpur,29,aman1790@gmail.com
1791,Harsh,Mumbai,54,harsh1791@gmail.com
1792,Sneha,Pune,35,sneha1792@gmail.com
1793,Sneha,Vadodara,45,sneha1793@gmail.com
1794,Vikas,Delhi,27,vikas1794@gmail.com
1795,Karan,Nagpur,18,karan1795@gmail.com
1796,Riya,Indore,49,riya1796@gmail.com
1797,Karan,Vadodara,52,karan1797@gmail.com
1798,Rohit,Nagpur,37,rohit1798@gmail.com
1799,Aman,Vadodara,54,aman1799@gmail.com
1800,Rahul,Indore,24,rahul1800@gmail.com
1801,Riya,Surat,31,riya1801@gmail.com
1802,Aman,Nagpur,58,aman1802@gmail.com
1803,Priya,Nagpur,39,priya1803@gmail.com
1804,Aman,Jaipur,41,aman1804@gmail.com
1805,Meera,Vadodara,34,meera1805@gmail.com
1806,Anjali,Surat,44,anjali1806@gmail.com
1807,Priya,Jaipur,56,priya1807@gmail.com
1808,Mohit,Rajkot,54,mohit1808@gmail.com
1809,Meera,Mumbai,36,meera1809@gmail.com
1810,Anjali,Jaipur,50,anjali1810@gmail.com
1811,Kriti,Nagpur,23,kriti1811@gmail.com
1812,Vikas,Rajkot,36,vikas1812@gmail.com
1813,Arjun,Mumbai,28,arjun1813@gmail.com
1814,Rohit,Indore,58,rohit1814@gmail.com
1815,Kavya,Rajkot,43,kavya1815@gmail.com
1816,Neha,Pune,28,neha1816@gmail.com
1817,Rohit,Delhi,38,rohit1817@gmail.com
1818,Rohit,Ahmedabad,35,rohit1818@gmail.com
1819,Kavya,Indore,35,kavya1819@gmail.com
1820,Arjun,Jaipur,55,arjun1820@gmail.com
1821,Yash,Nagpur,44,yash1821@gmail.com
1822,Riya,Mumbai,19,riya1822@gmail.com
1823,Karan,Delhi,60,karan1823@gmail.com
1824,Aman,Pune,31,aman1824@gmail.com
1825,Riya,Indore,24,riya1825@gmail.com
1826,Priya,Pune,48,priya1826@gmail.com
1827,Meera,Surat,19,meera1827@gmail.com
1828,Vikas,Vadodara,23,vikas1828@gmail.com
1829,Priya,Ahmedabad,57,priya1829@gmail.com
1830,Karan,Pune,59,karan1830@gmail.com
1831,Vikas,Ahmedabad,32,vikas1831@gmail.com
1832,Sneha,Ahmedabad,46,sneha1832@gmail.com
1833,Karan,Mumbai,51,karan1833@gmail.com
1834,Riya,Surat,20,riya1834@gmail.com
1835,Anjali,Jaipur,48,anjali1835@gmail.com
1836,Arjun,Vadodara,35,arjun1836@gmail.com
1837,Meera,Nagpur,26,meera1837@gmail.com
1838,Meera,Mumbai,55,meera1838@gmail.com
1839,Kavya,Nagpur,58,kavya1839@gmail.com
1840,Harsh,Indore,51,harsh1840@gmail.com
1841,Meera,Ahmedabad,40,meera1841@gmail.com
1842,Kriti,Vadodara,32,kriti1842@gmail.com
1843,Neha,Nagpur,37,neha1843@gmail.com
1844,Anjali,Indore,34,anjali1844@gmail.com
1845,Karan,Ahmedabad,18,karan1845@gmail.com
1846,Aditya,Vadodara,26,aditya1846@gmail.com
1847,Anjali,Ahmedabad,48,anjali1847@gmail.com
1848,Meera,Surat,49,meera1848@gmail.com
1849,Kriti,Ahmedabad,18,kriti1849@gmail.com
1850,Nisha,Ahmedabad,56,nisha1850@gmail.com
1851,Sneha,Surat,53,sneha1851@gmail.com
1852,Anjali,Delhi,44,anjali1852@gmail.com
1853,Meera,Indore,43,meera1853@gmail.com
1854,Sneha,Mumbai,59,sneha1854@gmail.com
1855,Vikas,Indore,32,vikas1855@gmail.com
1856,Aman,Pune,45,aman1856@gmail.com
1857,Sneha,Vadodara,57,sneha1857@gmail.com
1858,Aman,Ahmedabad,59,aman1858@gmail.com
1859,Meera,Ahmedabad,44,meera1859@gmail.com
1860,Mohit,Pune,29,mohit1860@gmail.com
1861,Karan,Ahmedabad,25,karan1861@gmail.com
1862,Arjun,Rajkot,46,arjun1862@gmail.com
1863,Aman,Rajkot,49,aman1863@gmail.com
1864,Mohit,Jaipur,19,mohit1864@gmail.com
1865,Karan,Surat,52,karan1865@gmail.com
1866,Aditya,Mumbai,24,aditya1866@gmail.com
1867,Pooja,Ahmedabad,26,pooja1867@gmail.com
1868,Arjun,Surat,32,arjun1868@gmail.com
1869,Neha,Mumbai,18,neha1869@gmail.com
1870,Kriti,Delhi,39,kriti1870@gmail.com
1871,Nisha,Ahmedabad,49,nisha1871@gmail.com
1872,Anjali,Nagpur,20,anjali1872@gmail.com
1873,Rohit,Pune,27,rohit1873@gmail.com
1874,Rahul,Ahmedabad,43,rahul1874@gmail.com
1875,Neha,Vadodara,48,neha1875@gmail.com
1876,Riya,Delhi,34,riya1876@gmail.com
1877,Vikas,Surat,25,vikas1877@gmail.com
1878,Sneha,Indore,46,sneha1878@gmail.com
1879,Sneha,Surat,30,sneha1879@gmail.com
1880,Arjun,Pune,51,arjun1880@gmail.com
1881,Mohit,Nagpur,42,mohit1881@gmail.com
1882,Pooja,Jaipur,28,pooja1882@gmail.com
1883,Rahul,Vadodara,51,rahul1883@gmail.com
1884,Priya,Ahmedabad,48,priya1884@gmail.com
1885,Pooja,Delhi,41,pooja1885@gmail.com
1886,Rahul,Delhi,25,rahul1886@gmail.com
1887,Sneha,Indore,38,sneha1887@gmail.com
1888,Aditya,Mumbai,35,aditya1888@gmail.com
1889,Harsh,Pune,43,harsh1889@gmail.com
1890,Sneha,Surat,20,sneha1890@gmail.com
1891,Harsh,Nagpur,56,harsh1891@gmail.com
1892,Karan,Jaipur,23,karan1892@gmail.com
1893,Sneha,Mumbai,49,sneha1893@gmail.com
1894,Neha,Rajkot,39,neha1894@gmail.com
1895,Rahul,Surat,40,rahul1895@gmail.com
1896,Karan,Vadodara,24,karan1896@gmail.com
1897,Karan,Nagpur,32,karan1897@gmail.com
1898,Rohit,Vadodara,59,rohit1898@gmail.com
1899,Anjali,Nagpur,30,anjali1899@gmail.com
1900,Aditya,Indore,40,aditya1900@gmail.com
1901,Karan,Ahmedabad,20,karan1901@gmail.com
1902,Kriti,Nagpur,53,kriti1902@gmail.com
1903,Pooja,Vadodara,49,pooja1903@gmail.com
1904,Mohit,Rajkot,29,mohit1904@gmail.com
1905,Meera,Jaipur,38,meera1905@gmail.com
1906,Arjun,Ahmedabad,56,arjun1906@gmail.com
1907,Meera,Mumbai,22,meera1907@gmail.com
1908,Yash,Mumbai,46,yash1908@gmail.com
1909,Pooja,Ahmedabad,52,pooja1909@gmail.com
1910,Anjali,Nagpur,18,anjali1910@gmail.com
1911,Yash,Indore,29,yash1911@gmail.com
1912,Aditya,Rajkot,41,aditya1912@gmail.com
1913,Kavya,Delhi,38,kavya1913@gmail.com
1914,Neha,Vadodara,42,neha1914@gmail.com
1915,Mohit,Vadodara,49,mohit1915@gmail.com
1916,Meera,Mumbai,57,meera1916@gmail.com
1917,Pooja,Jaipur,44,pooja1917@gmail.com
1918,Rohit,Pune,24,rohit1918@gmail.com
1919,Yash,Pune,20,yash1919@gmail.com
1920,Karan,Mumbai,20,karan1920@gmail.com
1921,Mohit,Pune,49,mohit1921@gmail.com
1922,Mohit,Pune,20,mohit1922@gmail.com
1923,Harsh,Indore,60,harsh1923@gmail.com
1924,Kriti,Vadodara,57,kriti1924@gmail.com
1925,Harsh,Ahmedabad,21,harsh1925@gmail.com
1926,Anjali,Delhi,56,anjali1926@gmail.com
1927,Neha,Surat,31,neha1927@gmail.com
1928,Kriti,Pune,47,kriti1928@gmail.com
1929,Rahul,Jaipur,53,rahul1929@gmail.com
1930,Nisha,Jaipur,21,nisha1930@gmail.com
1931,Kavya,Ahmedabad,51,kavya1931@gmail.com
1932,Rahul,Pune,37,rahul1932@gmail.com
1933,Neha,Delhi,51,neha1933@gmail.com
1934,Priya,Pune,32,priya1934@gmail.com
1935,Meera,Indore,30,meera1935@gmail.com
1936,Mohit,Vadodara,60,mohit1936@gmail.com
1937,Sneha,Rajkot,58,sneha1937@gmail.com
1938,Riya,Vadodara,53,riya1938@gmail.com
1939,Nisha,Pune,58,nisha1939@gmail.com
1940,Harsh,Jaipur,47,harsh1940@gmail.com
1941,Nisha,Pune,28,nisha1941@gmail.com
1942,Riya,Vadodara,43,riya1942@gmail.com
1943,Yash,Jaipur,60,yash1943@gmail.com
1944,Riya,Vadodara,56,riya1944@gmail.com
1945,Arjun,Jaipur,38,arjun1945@gmail.com
1946,Meera,Jaipur,41,meera1946@gmail.com
1947,Nisha,Indore,38,nisha1947@gmail.com
1948,Kavya,Delhi,54,kavya1948@gmail.com
1949,Meera,Delhi,42,meera1949@gmail.com
1950,Meera,Ahmedabad,41,meera1950@gmail.com
1951,Arjun,Nagpur,43,arjun1951@gmail.com
1952,Aditya,Surat,36,aditya1952@gmail.com
1953,Kavya,Surat,51,kavya1953@gmail.com
1954,Karan,Ahmedabad,18,karan1954@gmail.com
1955,Pooja,Delhi,31,pooja1955@gmail.com
1956,Rohit,Surat,35,rohit1956@gmail.com
1957,Meera,Vadodara,53,meera1957@gmail.com
1958,Harsh,Rajkot,27,harsh1958@gmail.com
1959,Priya,Surat,47,priya1959@gmail.com
1960,Anjali,Mumbai,26,anjali1960@gmail.com
1961,Aman,Jaipur,55,aman1961@gmail.com
1962,Sneha,Delhi,34,sneha1962@gmail.com
1963,Pooja,Pune,54,pooja1963@gmail.com
1964,Vikas,Rajkot,31,vikas1964@gmail.com
1965,Neha,Jaipur,48,neha1965@gmail.com
1966,Riya,Nagpur,54,riya1966@gmail.com
1967,Priya,Rajkot,59,priya1967@gmail.com
1968,Pooja,Surat,54,pooja1968@gmail.com
1969,Vikas,Pune,21,vikas1969@gmail.com
1970,Rohit,Jaipur,45,rohit1970@gmail.com
1971,Nisha,Pune,32,nisha1971@gmail.com
1972,Kavya,Surat,58,kavya1972@gmail.com
1973,Vikas,Surat,37,vikas1973@gmail.com
1974,Yash,Surat,38,yash1974@gmail.com
1975,Meera,Rajkot,27,meera1975@gmail.com
1976,Rohit,Vadodara,32,rohit1976@gmail.com
1977,Karan,Surat,43,karan1977@gmail.com
1978,Arjun,Rajkot,54,arjun1978@gmail.com
1979,Yash,Pune,32,yash1979@gmail.com
1980,Nisha,Ahmedabad,43,nisha1980@gmail.com
1981,Karan,Mumbai,39,karan1981@gmail.com
1982,Neha,Nagpur,54,neha1982@gmail.com
1983,Rahul,Vadodara,43,rahul1983@gmail.com
1984,Aman,Pune,43,aman1984@gmail.com
1985,Yash,Indore,26,yash1985@gmail.com
1986,Karan,Nagpur,53,karan1986@gmail.com
1987,Mohit,Nagpur,43,mohit1987@gmail.com
1988,Harsh,Delhi,53,harsh1988@gmail.com
1989,Kavya,Vadodara,33,kavya1989@gmail.com
1990,Sneha,Pune,35,sneha1990@gmail.com
1991,Nisha,Jaipur,54,nisha1991@gmail.com
1992,Neha,Pune,60,neha1992@gmail.com
1993,Nisha,Indore,41,nisha1993@gmail.com
1994,Anjali,Delhi,38,anjali1994@gmail.com
1995,Anjali,Rajkot,59,anjali1995@gmail.com
1996,Aditya,Ahmedabad,28,aditya1996@gmail.com
1997,Anjali,Rajkot,46,anjali1997@gmail.com
1998,Kavya,Mumbai,46,kavya1998@gmail.com
1999,Rahul,Delhi,30,rahul1999@gmail.com
2000,,Mumbai,23,anjali2000@gmail.com
2001,Priya,Surat,33,priya2001@gmail.com
2002,Kavya,Mumbai,36,kavya2002@gmail.com
2003,Aditya,Jaipur,25,aditya2003@gmail.com
2004,Pooja,Nagpur,48,pooja2004@gmail.com
2005,Aditya,Jaipur,31,aditya2005@gmail.com
2006,Meera,Delhi,31,meera2006@gmail.com
2007,Meera,Vadodara,34,meera2007@gmail.com
2008,Meera,Nagpur,57,meera2008@gmail.com
2009,Karan,Surat,42,karan2009@gmail.com
2010,Harsh,Vadodara,20,harsh2010@gmail.com
2011,Aman,Mumbai,21,aman2011@gmail.com
2012,Pooja,Delhi,57,pooja2012@gmail.com
2013,Aman,Surat,47,aman2013@gmail.com
2014,Aditya,Pune,42,aditya2014@gmail.com
2015,Aman,Jaipur,24,aman2015@gmail.com
2016,Aditya,Ahmedabad,59,aditya2016@gmail.com
2017,Vikas,Delhi,42,vikas2017@gmail.com
2018,Yash,Pune,38,yash2018@gmail.com
2019,Kriti,Rajkot,52,kriti2019@gmail.com
2020,Neha,Mumbai,30,neha2020@gmail.com
2021,Yash,Nagpur,53,yash2021@gmail.com
2022,Aditya,Surat,33,aditya2022@gmail.com
2023,Yash,Ahmedabad,39,yash2023@gmail.com
2024,Kriti,Indore,28,kriti2024@gmail.com
2025,Aditya,Jaipur,40,aditya2025@gmail.com
2026,Anjali,Ahmedabad,33,anjali2026@gmail.com
2027,Yash,Ahmedabad,21,yash2027@gmail.com
2028,Aman,Indore,19,aman2028@gmail.com
2029,Meera,Ahmedabad,32,meera2029@gmail.com
2030,Karan,Jaipur,43,karan2030@gmail.com
2031,Karan,Pune,42,karan2031@gmail.com
2032,Yash,Rajkot,58,yash2032@gmail.com
2033,Sneha,Indore,33,sneha2033@gmail.com
2034,Harsh,Mumbai,45,harsh2034@gmail.com
2035,Pooja,Rajkot,39,pooja2035@gmail.com
2036,Arjun,Vadodara,26,arjun2036@gmail.com
2037,Mohit,Mumbai,55,mohit2037@gmail.com
2038,Meera,Delhi,26,meera2038@gmail.com
2039,Pooja,Vadodara,26,pooja2039@gmail.com
2040,Nisha,Mumbai,59,nisha2040@gmail.com
2041,Harsh,Mumbai,38,harsh2041@gmail.com
2042,Neha,Vadodara,52,neha2042@gmail.com
2043,Priya,Mumbai,38,priya2043@gmail.com
2044,Karan,Surat,38,karan2044@gmail.com
2045,Nisha,Indore,37,nisha2045@gmail.com
2046,Arjun,Ahmedabad,27,arjun2046@gmail.com
2047,Mohit,Pune,26,mohit2047@gmail.com
2048,Riya,Surat,57,riya2048@gmail.com
2049,Kavya,Ahmedabad,56,kavya2049@gmail.com
2050,Harsh,Rajkot,32,harsh2050@gmail.com
2051,Kavya,Delhi,32,kavya2051@gmail.com
2052,Aditya,Jaipur,23,aditya2052@gmail.com
2053,Kriti,Mumbai,50,kriti2053@gmail.com
2054,Kavya,Nagpur,59,kavya2054@gmail.com
2055,Anjali,Mumbai,42,anjali2055@gmail.com
2056,Kriti,Nagpur,26,kriti2056@gmail.com
2057,Riya,Delhi,32,riya2057@gmail.com
2058,Rahul,Indore,18,rahul2058@gmail.com
2059,Aman,Indore,32,aman2059@gmail.com
2060,Mohit,Delhi,22,mohit2060@gmail.com
2061,Riya,Nagpur,57,riya2061@gmail.com
2062,Kriti,Jaipur,47,kriti2062@gmail.com
2063,Sneha,Indore,43,sneha2063@gmail.com
2064,Rahul,Rajkot,42,rahul2064@gmail.com
2065,Rohit,Indore,57,rohit2065@gmail.com
2066,Harsh,Rajkot,52,harsh2066@gmail.com
2067,Yash,Surat,51,yash2067@gmail.com
2068,Priya,Nagpur,47,priya2068@gmail.com
2069,Rahul,Delhi,51,rahul2069@gmail.com
2070,Meera,Indore,20,meera2070@gmail.com
2071,Meera,Indore,51,meera2071@gmail.com
2072,Rahul,Delhi,36,rahul2072@gmail.com
2073,Arjun,Indore,37,arjun2073@gmail.com
2074,Pooja,Nagpur,28,pooja2074@gmail.com
2075,Nisha,Ahmedabad,57,nisha2075@gmail.com
2076,Rahul,Vadodara,27,rahul2076@gmail.com
2077,Arjun,Nagpur,23,arjun2077@gmail.com
2078,Yash,Pune,29,yash2078@gmail.com
2079,Harsh,Vadodara,26,harsh2079@gmail.com
2080,Vikas,Indore,38,vikas2080@gmail.com
2081,Arjun,Surat,29,arjun2081@gmail.com
2082,Arjun,Rajkot,30,arjun2082@gmail.com
2083,Arjun,Pune,34,arjun2083@gmail.com
2084,Rohit,Mumbai,25,rohit2084@gmail.com
2085,Neha,Pune,46,neha2085@gmail.com
2086,Anjali,Pune,51,anjali2086@gmail.com
2087,Vikas,Vadodara,57,vikas2087@gmail.com
2088,Riya,Indore,53,riya2088@gmail.com
2089,Vikas,Surat,28,vikas2089@gmail.com
2090,Rohit,Rajkot,60,rohit2090@gmail.com
2091,Karan,Mumbai,27,karan2091@gmail.com
2092,Riya,Surat,44,riya2092@gmail.com
2093,Pooja,Ahmedabad,46,pooja2093@gmail.com
2094,Pooja,Mumbai,25,pooja2094@gmail.com
2095,Karan,Delhi,18,karan2095@gmail.com
2096,Kavya,Ahmedabad,18,kavya2096@gmail.com
2097,Arjun,Nagpur,49,arjun2097@gmail.com
2098,Meera,Surat,56,meera2098@gmail.com
2099,Kriti,Delhi,31,kriti2099@gmail.com
2100,Harsh,Nagpur,47,harsh2100@gmail.com
2100,Harsh,Nagpur,47,harsh2100@gmail.com
2101,Nisha,Nagpur,23,nisha2101@gmail.com
2102,Kavya,Rajkot,18,kavya2102@gmail.com
2103,Sneha,Vadodara,35,sneha2103@gmail.com
2104,Kavya,Vadodara,31,kavya2104@gmail.com
2105,Rahul,Mumbai,27,rahul2105@gmail.com
2106,Rahul,Jaipur,20,rahul2106@gmail.com
2107,Karan,Surat,60,karan2107@gmail.com
2108,Harsh,Rajkot,37,harsh2108@gmail.com
2109,Rohit,Pune,21,rohit2109@gmail.com
2110,Priya,Indore,29,priya2110@gmail.com
2111,Riya,Ahmedabad,57,riya2111@gmail.com
2112,Kavya,Rajkot,53,kavya2112@gmail.com
2113,Riya,Nagpur,55,riya2113@gmail.com
2114,Anjali,Surat,23,anjali2114@gmail.com
2115,Pooja,Jaipur,41,pooja2115@gmail.com
2116,Vikas,Pune,45,vikas2116@gmail.com
2117,Meera,Pune,36,meera2117@gmail.com
2118,Kriti,Mumbai,25,kriti2118@gmail.com
2119,Aman,Jaipur,51,aman2119@gmail.com
2120,Nisha,Vadodara,31,nisha2120@gmail.com
2121,Mohit,Rajkot,21,mohit2121@gmail.com
2122,Priya,Rajkot,58,priya2122@gmail.com
2123,Yash,Pune,48,yash2123@gmail.com
2124,Kavya,Ahmedabad,45,kavya2124@gmail.com
2125,Kavya,Jaipur,34,kavya2125@gmail.com
2126,Yash,Rajkot,57,yash2126@gmail.com
2127,Anjali,Mumbai,57,anjali2127@gmail.com
2128,Harsh,Nagpur,51,harsh2128@gmail.com
2129,Kriti,Nagpur,29,kriti2129@gmail.com
2130,Kavya,Delhi,36,kavya2130@gmail.com
2131,Mohit,Surat,25,mohit2131@gmail.com
2132,Aditya,Nagpur,58,aditya2132@gmail.com
2133,Priya,Delhi,57,priya2133@gmail.com
2134,Nisha,Indore,20,nisha2134@gmail.com
2135,Rohit,Jaipur,53,rohit2135@gmail.com
2136,Mohit,Surat,58,mohit2136@gmail.com
2137,Mohit,Ahmedabad,34,mohit2137@gmail.com
2138,Neha,Ahmedabad,37,neha2138@gmail.com
2139,Yash,Vadodara,38,yash2139@gmail.com
2140,Aditya,Pune,39,aditya2140@gmail.com
2141,Rohit,Indore,54,rohit2141@gmail.com
2142,Kavya,Surat,29,kavya2142@gmail.com
2143,Mohit,Jaipur,39,mohit2143@gmail.com
2144,Kriti,Nagpur,20,kriti2144@gmail.com
2145,Karan,Nagpur,27,karan2145@gmail.com
2146,Arjun,Vadodara,39,arjun2146@gmail.com
2147,Arjun,Indore,21,arjun2147@gmail.com
2148,Yash,Ahmedabad,54,yash2148@gmail.com
2149,Rohit,Vadodara,52,rohit2149@gmail.com
2150,Aditya,Delhi,54,aditya2150@gmail.com
2151,Rohit,Jaipur,22,rohit2151@gmail.com
2152,Karan,Ahmedabad,19,karan2152@gmail.com
2153,Rohit,Indore,58,rohit2153@gmail.com
2154,Meera,Mumbai,54,meera2154@gmail.com
2155,Kavya,Indore,29,kavya2155@gmail.com
2156,Kavya,Pune,37,kavya2156@gmail.com
2157,Rohit,Surat,35,rohit2157@gmail.com
2158,Nisha,Pune,49,nisha2158@gmail.com
2159,Sneha,Jaipur,46,sneha2159@gmail.com
2160,Pooja,Delhi,51,pooja2160@gmail.com
2161,Pooja,Mumbai,25,pooja2161@gmail.com
2162,Anjali,Surat,30,anjali2162@gmail.com
2163,Neha,Nagpur,50,neha2163@gmail.com
2164,Aditya,Nagpur,50,aditya2164@gmail.com
2165,Karan,Delhi,39,karan2165@gmail.com
2166,Kriti,Vadodara,37,kriti2166@gmail.com
2167,Rohit,Mumbai,24,rohit2167@gmail.com
2168,Yash,Mumbai,31,yash2168@gmail.com
2169,Rahul,Nagpur,42,rahul2169@gmail.com
2170,Yash,Pune,18,yash2170@gmail.com
2171,Pooja,Surat,56,pooja2171@gmail.com
2172,Neha,Jaipur,47,neha2172@gmail.com
2173,Rahul,Pune,51,rahul2173@gmail.com
2174,Pooja,Surat,54,pooja2174@gmail.com
2175,Pooja,Delhi,38,pooja2175@gmail.com
2176,Mohit,Delhi,36,mohit2176@gmail.com
2177,Aman,Vadodara,38,aman2177@gmail.com
2178,Arjun,Pune,35,arjun2178@gmail.com
2179,Karan,Mumbai,35,karan2179@gmail.com
2180,Priya,Surat,57,priya2180@gmail.com
2181,Meera,Vadodara,24,meera2181@gmail.com
2182,Mohit,Vadodara,40,mohit2182@gmail.com
2183,Meera,Jaipur,35,meera2183@gmail.com
2184,Karan,Ahmedabad,54,karan2184@gmail.com
2185,Sneha,Mumbai,22,sneha2185@gmail.com
2186,Pooja,Rajkot,39,pooja2186@gmail.com
2187,Meera,Nagpur,21,meera2187@gmail.com
2188,Karan,Surat,48,karan2188@gmail.com
2189,Rahul,Pune,42,rahul2189@gmail.com
2190,Rahul,Pune,45,rahul2190@gmail.com
2191,Vikas,Mumbai,56,vikas2191@gmail.com
2192,Harsh,Nagpur,57,harsh2192@gmail.com
2193,Anjali,Ahmedabad,39,anjali2193@gmail.com
2194,Mohit,Vadodara,23,mohit2194@gmail.com
2195,Arjun,Rajkot,26,arjun2195@gmail.com
2196,Neha,Nagpur,24,neha2196@gmail.com
2197,Arjun,Ahmedabad,59,arjun2197@gmail.com
2198,Arjun,Nagpur,32,arjun2198@gmail.com
2199,Sneha,Mumbai,57,sneha2199@gmail.com
2200,Aman,Jaipur,43,aman2200@gmail.com
2201,Riya,Jaipur,38,riya2201@gmail.com
2202,Arjun,Nagpur,19,arjun2202@gmail.com
2203,Neha,Nagpur,25,neha2203@gmail.com
2204,Anjali,Nagpur,47,anjali2204@gmail.com
2205,Riya,Ahmedabad,40,riya2205@gmail.com
2206,Kavya,Rajkot,26,kavya2206@gmail.com
2207,Yash,Pune,43,yash2207@gmail.com
2208,Priya,Jaipur,53,priya2208@gmail.com
2209,Neha,Ahmedabad,52,neha2209@gmail.com
2210,Arjun,Indore,55,arjun2210@gmail.com
2211,Nisha,Delhi,57,nisha2211@gmail.com
2212,Sneha,Vadodara,28,sneha2212@gmail.com
2213,Kriti,Indore,22,kriti2213@gmail.com
2214,Rohit,Delhi,55,rohit2214@gmail.com
2215,Nisha,Indore,54,nisha2215@gmail.com
2216,Rohit,Vadodara,33,rohit2216@gmail.com
2217,Riya,Pune,54,riya2217@gmail.com
2218,Kriti,Pune,55,kriti2218@gmail.com
2219,Kavya,Nagpur,38,kavya2219@gmail.com
2220,Meera,Pune,46,meera2220@gmail.com
2221,Riya,Ahmedabad,43,riya2221@gmail.com
2222,Neha,Rajkot,24,neha2222@gmail.com
2223,Kavya,Indore,38,kavya2223@gmail.com
2224,Kriti,Surat,23,kriti2224@gmail.com
2225,Mohit,Mumbai,55,mohit2225@gmail.com
2226,Aditya,Mumbai,60,aditya2226@gmail.com
2227,Karan,Nagpur,52,karan2227@gmail.com
2228,Pooja,Indore,57,pooja2228@gmail.com
2229,Harsh,Nagpur,30,harsh2229@gmail.com
2230,Mohit,Jaipur,37,mohit2230@gmail.com
2231,Harsh,Ahmedabad,45,harsh2231@gmail.com
2232,Anjali,Pune,55,anjali2232@gmail.com
2233,Aditya,Rajkot,50,aditya2233@gmail.com
2234,Vikas,Mumbai,36,vikas2234@gmail.com
2235,Rahul,Jaipur,53,rahul2235@gmail.com
2236,Rahul,Surat,53,rahul2236@gmail.com
2237,Anjali,Pune,36,anjali2237@gmail.com
2238,Aditya,Delhi,45,aditya2238@gmail.com
2239,Harsh,Indore,58,harsh2239@gmail.com
2240,Rohit,Indore,43,rohit2240@gmail.com
2241,Vikas,Indore,52,vikas2241@gmail.com
2242,Mohit,Mumbai,48,mohit2242@gmail.com
2243,Karan,Delhi,53,karan2243@gmail.com
2244,Vikas,Jaipur,44,vikas2244@gmail.com
2245,Karan,Ahmedabad,60,karan2245@gmail.com
2246,Karan,Mumbai,18,karan2246@gmail.com
2247,Neha,Surat,27,neha2247@gmail.com
2248,Kriti,Indore,26,kriti2248@gmail.com
2249,Neha,Mumbai,59,neha2249@gmail.com
2250,Nisha,Nagpur,56,nisha2250@gmail.com
2251,Nisha,Rajkot,29,nisha2251@gmail.com
2252,Arjun,Vadodara,45,arjun2252@gmail.com
2253,Meera,Nagpur,42,meera2253@gmail.com
2254,Anjali,Delhi,29,anjali2254@gmail.com
2255,Nisha,Rajkot,18,nisha2255@gmail.com
2256,Harsh,Nagpur,33,harsh2256@gmail.com
2257,Yash,Ahmedabad,44,yash2257@gmail.com
2258,Meera,Rajkot,41,meera2258@gmail.com
2259,Rahul,Surat,54,rahul2259@gmail.com
2260,Kriti,Jaipur,25,kriti2260@gmail.com
2261,Harsh,Nagpur,23,harsh2261@gmail.com
2262,Karan,Vadodara,35,karan2262@gmail.com
2263,Arjun,Vadodara,23,arjun2263@gmail.com
2264,Yash,Rajkot,23,yash2264@gmail.com
2265,Sneha,Nagpur,58,sneha2265@gmail.com
2266,Neha,Vadodara,55,neha2266@gmail.com
2267,Pooja,Rajkot,21,pooja2267@gmail.com
2268,Rohit,Vadodara,18,rohit2268@gmail.com
2269,Kriti,Nagpur,50,kriti2269@gmail.com
2270,Kriti,Rajkot,39,kriti2270@gmail.com
2271,Nisha,Jaipur,36,nisha2271@gmail.com
2272,Pooja,Mumbai,20,pooja2272@gmail.com
2273,Kavya,Ahmedabad,54,kavya2273@gmail.com
2274,Aman,Surat,58,aman2274@gmail.com
2275,Kriti,Rajkot,28,kriti2275@gmail.com
2276,Harsh,Surat,60,harsh2276@gmail.com
2277,Pooja,Rajkot,19,pooja2277@gmail.com
2278,Pooja,Nagpur,23,pooja2278@gmail.com
2279,Karan,Vadodara,22,karan2279@gmail.com
2280,Aman,Ahmedabad,26,aman2280@gmail.com
2281,Kavya,Ahmedabad,35,kavya2281@gmail.com
2282,Aman,Surat,25,aman2282@gmail.com
2283,Kavya,Mumbai,55,kavya2283@gmail.com
2284,Karan,Nagpur,41,karan2284@gmail.com
2285,Riya,Ahmedabad,33,riya2285@gmail.com
2286,Kriti,Mumbai,51,kriti2286@gmail.com
2287,Rahul,Jaipur,23,rahul2287@gmail.com
2288,Karan,Rajkot,27,karan2288@gmail.com
2289,Kriti,Indore,42,kriti2289@gmail.com
2290,Sneha,Nagpur,58,sneha2290@gmail.com
2291,Riya,Delhi,54,riya2291@gmail.com
2292,Anjali,Surat,59,anjali2292@gmail.com
2293,Aman,Pune,21,aman2293@gmail.com
2294,Riya,Nagpur,43,riya2294@gmail.com
2295,Kriti,Ahmedabad,48,kriti2295@gmail.com
2296,Meera,Delhi,42,meera2296@gmail.com
2297,Vikas,Nagpur,34,vikas2297@gmail.com
2298,Karan,Vadodara,45,karan2298@gmail.com
2299,Aditya,Ahmedabad,46,aditya2299@gmail.com
2300,Vikas,Jaipur,51,vikas2300@gmail.com
2301,Rahul,Pune,52,rahul2301@gmail.com
2302,Anjali,Indore,57,anjali2302@gmail.com
2303,Aman,Jaipur,35,aman2303@gmail.com
2304,Aman,Pune,34,aman2304@gmail.com
2305,Harsh,Indore,47,harsh2305@gmail.com
2306,Sneha,Rajkot,30,sneha2306@gmail.com
2307,Yash,Jaipur,29,yash2307@gmail.com
2308,Rohit,Vadodara,18,rohit2308@gmail.com
2309,Aditya,Pune,18,aditya2309@gmail.com
2310,Nisha,Pune,51,nisha2310@gmail.com
2311,Priya,Nagpur,40,priya2311@gmail.com
2312,Sneha,Ahmedabad,34,sneha2312@gmail.com
2313,Mohit,Surat,19,mohit2313@gmail.com
2314,Kavya,Pune,21,kavya2314@gmail.com
2315,Kavya,Delhi,56,kavya2315@gmail.com
2316,Priya,Pune,23,priya2316@gmail.com
2317,Kavya,Mumbai,42,kavya2317@gmail.com
2318,Harsh,Mumbai,25,harsh2318@gmail.com
2319,Riya,Ahmedabad,36,riya2319@gmail.com
2320,Arjun,Pune,58,arjun2320@gmail.com
2321,Arjun,Ahmedabad,45,arjun2321@gmail.com
2322,Rohit,Ahmedabad,28,rohit2322@gmail.com
2323,Neha,Ahmedabad,21,neha2323@gmail.com
2324,Vikas,Indore,39,vikas2324@gmail.com
2325,Rahul,Ahmedabad,34,rahul2325@gmail.com
2326,Riya,Nagpur,22,riya2326@gmail.com
2327,Kriti,Delhi,57,kriti2327@gmail.com
2328,Vikas,Mumbai,59,vikas2328@gmail.com
2329,Kriti,Pune,27,kriti2329@gmail.com
2330,Meera,Indore,31,meera2330@gmail.com
2331,Kavya,Pune,46,kavya2331@gmail.com
2332,Aman,Pune,20,aman2332@gmail.com
2333,Neha,Pune,54,neha2333@gmail.com
2334,Aman,Nagpur,19,aman2334@gmail.com
2335,Kriti,Mumbai,59,kriti2335@gmail.com
2336,Aditya,Surat,60,aditya2336@gmail.com
2337,Vikas,Ahmedabad,27,vikas2337@gmail.com
2338,Rohit,Indore,54,rohit2338@gmail.com
2339,Aditya,Vadodara,49,aditya2339@gmail.com
2340,Kriti,Indore,43,kriti2340@gmail.com
2341,Neha,Vadodara,32,neha2341@gmail.com
2342,Aditya,Indore,48,aditya2342@gmail.com
2343,Priya,Rajkot,52,priya2343@gmail.com
2344,Anjali,Jaipur,37,anjali2344@gmail.com
2345,Vikas,Surat,58,vikas2345@gmail.com
2346,Neha,Jaipur,52,neha2346@gmail.com
2347,Rohit,Pune,47,rohit2347@gmail.com
2348,Pooja,Delhi,29,pooja2348@gmail.com
2349,Meera,Surat,42,meera2349@gmail.com
2350,Mohit,Ahmedabad,42,mohit2350@gmail.com
2351,Priya,Jaipur,49,priya2351@gmail.com
2352,Neha,Nagpur,30,neha2352@gmail.com
2353,Karan,Surat,30,karan2353@gmail.com
2354,Aditya,Rajkot,33,aditya2354@gmail.com
2355,Kriti,Indore,22,kriti2355@gmail.com
2356,Meera,Ahmedabad,49,meera2356@gmail.com
2357,Meera,Nagpur,19,meera2357@gmail.com
2358,Rahul,Jaipur,21,rahul2358@gmail.com
2359,Rohit,Surat,43,rohit2359@gmail.com
2360,Priya,Delhi,59,priya2360@gmail.com
2361,Yash,Nagpur,52,yash2361@gmail.com
2362,Karan,Rajkot,32,karan2362@gmail.com
2363,Neha,Surat,27,neha2363@gmail.com
2364,Kriti,Surat,48,kriti2364@gmail.com
2365,Kavya,Surat,33,kavya2365@gmail.com
2366,Karan,Surat,29,karan2366@gmail.com
2367,Rahul,Ahmedabad,24,rahul2367@gmail.com
2368,Arjun,Rajkot,28,arjun2368@gmail.com
2369,Harsh,Pune,24,harsh2369@gmail.com
2370,Priya,Nagpur,56,priya2370@gmail.com
2371,Kavya,Delhi,22,kavya2371@gmail.com
2372,Mohit,Indore,39,mohit2372@gmail.com
2373,Vikas,Jaipur,25,vikas2373@gmail.com
2374,Harsh,Vadodara,26,harsh2374@gmail.com
2375,Rohit,Delhi,20,rohit2375@gmail.com
2376,Harsh,Mumbai,39,harsh2376@gmail.com
2377,Neha,Pune,35,neha2377@gmail.com
2378,Karan,Indore,28,karan2378@gmail.com
2379,Anjali,Vadodara,28,anjali2379@gmail.com
2380,Arjun,Delhi,55,arjun2380@gmail.com
2381,Rahul,Mumbai,24,rahul2381@gmail.com
2382,Kavya,Indore,28,kavya2382@gmail.com
2383,Aditya,Nagpur,23,aditya2383@gmail.com
2384,Aditya,Surat,29,aditya2384@gmail.com
2385,Neha,Rajkot,36,neha2385@gmail.com
2386,Nisha,Nagpur,26,nisha2386@gmail.com
2387,Mohit,Mumbai,58,mohit2387@gmail.com
2388,Aman,Vadodara,46,aman2388@gmail.com
2389,Nisha,Delhi,29,nisha2389@gmail.com
2390,Kavya,Surat,56,kavya2390@gmail.com
2391,Riya,Nagpur,57,riya2391@gmail.com
2392,Neha,Ahmedabad,40,neha2392@gmail.com
2393,Nisha,Surat,53,nisha2393@gmail.com
2394,Sneha,Delhi,25,sneha2394@gmail.com
2395,Yash,Pune,57,yash2395@gmail.com
2396,Anjali,Vadodara,50,anjali2396@gmail.com
2397,Sneha,Nagpur,58,sneha2397@gmail.com
2398,Mohit,Ahmedabad,21,mohit2398@gmail.com
2399,Mohit,Pune,27,mohit2399@gmail.com
2400,Kriti,Nagpur,29,kriti2400@gmail.com
2401,Riya,Surat,21,riya2401@gmail.com
2402,Anjali,Ahmedabad,31,anjali2402@gmail.com
2403,Nisha,Ahmedabad,39,nisha2403@gmail.com
2404,Kavya,Nagpur,20,kavya2404@gmail.com
2405,Priya,Surat,52,priya2405@gmail.com
2406,Riya,Mumbai,19,riya2406@gmail.com
2407,Kriti,Vadodara,25,kriti2407@gmail.com
2408,Neha,Delhi,46,neha2408@gmail.com
2409,Harsh,Rajkot,38,harsh2409@gmail.com
2410,Nisha,Delhi,38,nisha2410@gmail.com
2411,Sneha,Pune,38,sneha2411@gmail.com
2412,Sneha,Pune,33,sneha2412@gmail.com
2413,Nisha,Delhi,42,nisha2413@gmail.com
2414,Sneha,Pune,48,sneha2414@gmail.com
2415,Harsh,Nagpur,21,harsh2415@gmail.com
2416,Nisha,Mumbai,31,nisha2416@gmail.com
2417,Kavya,Nagpur,29,kavya2417@gmail.com
2418,Vikas,Jaipur,26,vikas2418@gmail.com
2419,Arjun,Delhi,58,arjun2419@gmail.com
2420,Anjali,Ahmedabad,30,anjali2420@gmail.com
2421,Rohit,Mumbai,20,rohit2421@gmail.com
2422,Harsh,Surat,35,harsh2422@gmail.com
2423,Karan,Pune,47,karan2423@gmail.com
2424,Arjun,Indore,28,arjun2424@gmail.com
2425,Rohit,Delhi,36,rohit2425@gmail.com
2426,Kavya,Mumbai,58,kavya2426@gmail.com
2427,Kavya,Mumbai,54,kavya2427@gmail.com
2428,Meera,Delhi,23,meera2428@gmail.com
2429,Nisha,Vadodara,49,nisha2429@gmail.com
2430,Mohit,Rajkot,48,mohit2430@gmail.com
2431,Arjun,Ahmedabad,18,arjun2431@gmail.com
2432,Nisha,Delhi,33,nisha2432@gmail.com
2433,Rohit,Indore,55,rohit2433@gmail.com
2434,Sneha,Rajkot,27,sneha2434@gmail.com
2435,Harsh,Surat,44,harsh2435@gmail.com
2436,Rahul,Surat,48,rahul2436@gmail.com
2437,Yash,Surat,45,yash2437@gmail.com
2438,Yash,Indore,48,yash2438@gmail.com
2439,Priya,Nagpur,49,priya2439@gmail.com
2440,Sneha,Pune,53,sneha2440@gmail.com
2441,Aditya,Indore,31,aditya2441@gmail.com
2442,Karan,Jaipur,36,karan2442@gmail.com
2443,Sneha,Pune,19,sneha2443@gmail.com
2444,Kriti,Ahmedabad,28,kriti2444@gmail.com
2445,Arjun,Rajkot,55,arjun2445@gmail.com
2446,Aditya,Nagpur,47,aditya2446@gmail.com
2447,Karan,Indore,29,karan2447@gmail.com
2448,Anjali,Nagpur,58,anjali2448@gmail.com
2449,Aditya,Pune,42,aditya2449@gmail.com
2450,Rohit,Vadodara,20,rohit2450@gmail.com
2451,Pooja,Indore,35,pooja2451@gmail.com
2452,Kavya,Vadodara,54,kavya2452@gmail.com
2453,Mohit,Pune,57,mohit2453@gmail.com
2454,Rohit,Surat,50,rohit2454@gmail.com
2455,Anjali,Surat,25,anjali2455@gmail.com
2456,Vikas,Jaipur,47,vikas2456@gmail.com
2457,Kavya,Surat,41,kavya2457@gmail.com
2458,Anjali,Mumbai,59,anjali2458@gmail.com
2459,Meera,Pune,53,meera2459@gmail.com
2460,Mohit,Mumbai,39,mohit2460@gmail.com
2461,Sneha,Vadodara,25,sneha2461@gmail.com
2462,Kriti,Rajkot,31,kriti2462@gmail.com
2463,Sneha,Jaipur,40,sneha2463@gmail.com
2464,Aman,Vadodara,45,aman2464@gmail.com
2465,Aman,Surat,22,aman2465@gmail.com
2466,Anjali,Jaipur,46,anjali2466@gmail.com
2467,Kriti,Vadodara,51,kriti2467@gmail.com
2468,Priya,Nagpur,52,priya2468@gmail.com
2469,Meera,Ahmedabad,46,meera2469@gmail.com
2470,Kavya,Jaipur,22,kavya2470@gmail.com
2471,Mohit,Nagpur,23,mohit2471@gmail.com
2472,Neha,Indore,29,neha2472@gmail.com
2473,Pooja,Pune,24,pooja2473@gmail.com
2474,Riya,Ahmedabad,25,riya2474@gmail.com
2475,Karan,Nagpur,27,karan2475@gmail.com
2476,Mohit,Vadodara,58,mohit2476@gmail.com
2477,Aditya,Ahmedabad,44,aditya2477@gmail.com
2478,Meera,Mumbai,48,meera2478@gmail.com
2479,Anjali,Indore,46,anjali2479@gmail.com
2480,Aditya,Ahmedabad,30,aditya2480@gmail.com
2481,Neha,Surat,32,neha2481@gmail.com
2482,Yash,Jaipur,44,yash2482@gmail.com
2483,Harsh,Jaipur,59,harsh2483@gmail.com
2484,Rohit,Nagpur,55,rohit2484@gmail.com
2485,Yash,Vadodara,46,yash2485@gmail.com
2486,Arjun,Ahmedabad,54,arjun2486@gmail.com
2487,Karan,Ahmedabad,28,karan2487@gmail.com
2488,Aman,Delhi,48,aman2488@gmail.com
2489,Anjali,Ahmedabad,21,anjali2489@gmail.com
2490,Karan,Jaipur,36,karan2490@gmail.com
2491,Arjun,Mumbai,57,arjun2491@gmail.com
2492,Riya,Vadodara,36,riya2492@gmail.com
2493,Riya,Mumbai,60,riya2493@gmail.com
2494,Karan,Mumbai,33,karan2494@gmail.com
2495,Priya,Surat,38,priya2495@gmail.com
2496,Harsh,Mumbai,46,harsh2496@gmail.com
2497,Aman,Jaipur,29,aman2497@gmail.com
2498,Mohit,Vadodara,20,mohit2498@gmail.com
2499,Rohit,Jaipur,27,rohit2499@gmail.com
2500,Anjali,Nagpur,52,anjali2500@gmail.com
2501,Riya,Vadodara,37,riya2501@gmail.com
2502,Priya,Surat,43,priya2502@gmail.com
2503,Kriti,Mumbai,47,kriti2503@gmail.com
2504,Rohit,Mumbai,18,rohit2504@gmail.com
2505,Meera,Vadodara,39,meera2505@gmail.com
2506,Pooja,Nagpur,36,pooja2506@gmail.com
2507,Harsh,Mumbai,54,harsh2507@gmail.com
2508,Arjun,Jaipur,25,arjun2508@gmail.com
2509,Kriti,Surat,26,kriti2509@gmail.com
2510,Meera,Pune,37,meera2510@gmail.com
2511,Aditya,Indore,57,aditya2511@gmail.com
2512,Sneha,Nagpur,40,sneha2512@gmail.com
2513,Neha,Jaipur,21,neha2513@gmail.com
2514,Kavya,Delhi,55,kavya2514@gmail.com
2515,Yash,Delhi,35,yash2515@gmail.com
2516,Mohit,Surat,23,mohit2516@gmail.com
2517,Meera,Nagpur,60,meera2517@gmail.com
2518,Neha,Vadodara,43,neha2518@gmail.com
2519,Mohit,Nagpur,38,mohit2519@gmail.com
2520,Kavya,Rajkot,50,kavya2520@gmail.com
2521,Rahul,Jaipur,43,rahul2521@gmail.com
2522,Karan,Indore,41,karan2522@gmail.com
2523,Vikas,Jaipur,18,vikas2523@gmail.com
2524,Pooja,Jaipur,40,pooja2524@gmail.com
2525,Pooja,Nagpur,53,pooja2525@gmail.com
2526,Neha,Delhi,46,neha2526@gmail.com
2527,Nisha,Nagpur,36,nisha2527@gmail.com
2528,Riya,Indore,44,riya2528@gmail.com
2529,Karan,Rajkot,56,karan2529@gmail.com
2530,Neha,Mumbai,31,neha2530@gmail.com
2531,Pooja,Nagpur,51,pooja2531@gmail.com
2532,Rohit,Pune,55,rohit2532@gmail.com
2533,Vikas,Pune,18,vikas2533@gmail.com
2534,Nisha,Ahmedabad,44,nisha2534@gmail.com
2535,Riya,Vadodara,47,riya2535@gmail.com
2536,Harsh,Mumbai,30,harsh2536@gmail.com
2537,Riya,Indore,36,riya2537@gmail.com
2538,Meera,Nagpur,20,meera2538@gmail.com
2539,Pooja,Rajkot,37,pooja2539@gmail.com
2540,Kriti,Vadodara,47,kriti2540@gmail.com
2541,Sneha,Surat,18,sneha2541@gmail.com
2542,Karan,Ahmedabad,37,karan2542@gmail.com
2543,Kriti,Pune,59,kriti2543@gmail.com
2544,Pooja,Indore,29,pooja2544@gmail.com
2545,Kriti,Delhi,19,kriti2545@gmail.com
2546,Priya,Ahmedabad,49,priya2546@gmail.com
2547,Neha,Rajkot,41,neha2547@gmail.com
2548,Harsh,Nagpur,54,harsh2548@gmail.com
2549,Nisha,Ahmedabad,58,nisha2549@gmail.com
2550,Kriti,Pune,41,kriti2550@gmail.com
2551,Yash,Rajkot,19,yash2551@gmail.com
2552,Aman,Mumbai,55,aman2552@gmail.com
2553,Rahul,Mumbai,38,rahul2553@gmail.com
2554,Arjun,Mumbai,40,arjun2554@gmail.com
2555,Riya,Surat,35,riya2555@gmail.com
2556,Anjali,Indore,58,anjali2556@gmail.com
2557,Anjali,Surat,36,anjali2557@gmail.com
2558,Pooja,Vadodara,58,pooja2558@gmail.com
2559,Neha,Vadodara,30,neha2559@gmail.com
2560,Riya,Pune,56,riya2560@gmail.com
2561,Riya,Vadodara,38,riya2561@gmail.com
2562,Rohit,Ahmedabad,35,rohit2562@gmail.com
2563,Anjali,Pune,52,anjali2563@gmail.com
2564,Harsh,Jaipur,27,harsh2564@gmail.com
2565,Aditya,Mumbai,51,aditya2565@gmail.com
2566,Pooja,Jaipur,49,pooja2566@gmail.com
2567,Nisha,Jaipur,28,nisha2567@gmail.com
2568,Priya,Delhi,27,priya2568@gmail.com
2569,Yash,Delhi,30,yash2569@gmail.com
2570,Meera,Rajkot,51,meera2570@gmail.com
2571,Meera,Vadodara,25,meera2571@gmail.com
2572,Nisha,Nagpur,22,nisha2572@gmail.com
2573,Priya,Mumbai,19,priya2573@gmail.com
2574,Kriti,Jaipur,37,kriti2574@gmail.com
2575,Anjali,Mumbai,46,anjali2575@gmail.com
2576,Kavya,Vadodara,39,kavya2576@gmail.com
2577,Riya,Ahmedabad,19,riya2577@gmail.com
2578,Priya,Delhi,26,priya2578@gmail.com
2579,Karan,Delhi,37,karan2579@gmail.com
2580,Karan,Delhi,26,karan2580@gmail.com
2581,Neha,Indore,25,neha2581@gmail.com
2582,Neha,Surat,48,neha2582@gmail.com
2583,Nisha,Surat,30,nisha2583@gmail.com
2584,Priya,Surat,60,priya2584@gmail.com
2585,Yash,Rajkot,21,yash2585@gmail.com
2586,Kriti,Pune,34,kriti2586@gmail.com
2587,Rahul,Pune,37,rahul2587@gmail.com
2588,Aditya,Pune,25,aditya2588@gmail.com
2589,Kavya,Delhi,55,kavya2589@gmail.com
2590,Mohit,Mumbai,60,mohit2590@gmail.com
2591,Anjali,Surat,23,anjali2591@gmail.com
2592,Karan,Ahmedabad,55,karan2592@gmail.com
2593,Anjali,Jaipur,28,anjali2593@gmail.com
2594,Yash,Rajkot,33,yash2594@gmail.com
2595,Yash,Rajkot,22,yash2595@gmail.com
2596,Priya,Rajkot,18,priya2596@gmail.com
2597,Yash,Delhi,30,yash2597@gmail.com
2598,Pooja,Mumbai,52,pooja2598@gmail.com
2599,Aditya,Pune,31,aditya2599@gmail.com
2600,Yash,Nagpur,41,yash2600@gmail.com
2601,Harsh,Mumbai,46,harsh2601@gmail.com
2602,Priya,Mumbai,40,priya2602@gmail.com
2603,Vikas,Indore,31,vikas2603@gmail.com
2604,Yash,Delhi,44,yash2604@gmail.com
2605,Priya,Jaipur,25,priya2605@gmail.com
2606,Arjun,Pune,51,arjun2606@gmail.com
2607,Karan,Nagpur,41,karan2607@gmail.com
2608,Pooja,Vadodara,20,pooja2608@gmail.com
2609,Neha,Jaipur,49,neha2609@gmail.com
2610,Priya,Indore,36,priya2610@gmail.com
2611,Arjun,Rajkot,37,arjun2611@gmail.com
2612,Arjun,Delhi,53,arjun2612@gmail.com
2613,Nisha,Ahmedabad,45,nisha2613@gmail.com
2614,Mohit,Pune,48,mohit2614@gmail.com
2615,Anjali,Mumbai,18,anjali2615@gmail.com
2616,Kriti,Pune,43,kriti2616@gmail.com
2617,Arjun,Vadodara,60,arjun2617@gmail.com
2618,Neha,Pune,27,neha2618@gmail.com
2619,Vikas,Indore,55,vikas2619@gmail.com
2620,Priya,Mumbai,22,priya2620@gmail.com
2621,Anjali,Delhi,39,anjali2621@gmail.com
2622,Mohit,Rajkot,43,mohit2622@gmail.com
2623,Priya,Delhi,45,priya2623@gmail.com
2624,Kriti,Ahmedabad,55,kriti2624@gmail.com
2625,Harsh,Ahmedabad,59,harsh2625@gmail.com
2626,Vikas,Jaipur,48,vikas2626@gmail.com
2627,Kavya,Indore,49,kavya2627@gmail.com
2628,Yash,Ahmedabad,27,yash2628@gmail.com
2629,Arjun,Pune,25,arjun2629@gmail.com
2630,Aman,Nagpur,49,aman2630@gmail.com
2631,Sneha,Mumbai,19,sneha2631@gmail.com
2632,Priya,Surat,22,priya2632@gmail.com
2633,Kriti,Surat,29,kriti2633@gmail.com
2634,Vikas,Rajkot,38,vikas2634@gmail.com
2635,Karan,Ahmedabad,57,karan2635@gmail.com
2636,Kavya,Pune,22,kavya2636@gmail.com
2637,Yash,Nagpur,47,yash2637@gmail.com
2638,Mohit,Ahmedabad,60,mohit2638@gmail.com
2639,Kriti,Nagpur,50,kriti2639@gmail.com
2640,Aman,Vadodara,39,aman2640@gmail.com
2641,Meera,Vadodara,19,meera2641@gmail.com
2642,Rahul,Indore,25,rahul2642@gmail.com
2643,Vikas,Nagpur,38,vikas2643@gmail.com
2644,Vikas,Nagpur,47,vikas2644@gmail.com
2645,Rahul,Surat,29,rahul2645@gmail.com
2646,Meera,Ahmedabad,28,meera2646@gmail.com
2647,Kriti,Indore,26,kriti2647@gmail.com
2648,Pooja,Indore,49,pooja2648@gmail.com
2649,Priya,Rajkot,49,priya2649@gmail.com
2650,Meera,Vadodara,54,meera2650@gmail.com
2651,Kriti,Nagpur,53,kriti2651@gmail.com
2652,Riya,Vadodara,21,riya2652@gmail.com
2653,Vikas,Ahmedabad,49,vikas2653@gmail.com
2654,Harsh,Indore,57,harsh2654@gmail.com
2655,Anjali,Ahmedabad,38,anjali2655@gmail.com
2656,Rahul,Surat,55,rahul2656@gmail.com
2657,Rahul,Mumbai,41,rahul2657@gmail.com
2658,Anjali,Rajkot,19,anjali2658@gmail.com
2659,Rohit,Indore,24,rohit2659@gmail.com
2660,Nisha,Jaipur,40,nisha2660@gmail.com
2661,Nisha,Jaipur,21,nisha2661@gmail.com
2662,Sneha,Delhi,33,sneha2662@gmail.com
2663,Pooja,Rajkot,23,pooja2663@gmail.com
2664,Neha,Ahmedabad,25,neha2664@gmail.com
2665,Rohit,Mumbai,19,rohit2665@gmail.com
2666,Meera,Jaipur,20,meera2666@gmail.com
2667,Arjun,Indore,54,arjun2667@gmail.com
2668,Yash,Indore,35,yash2668@gmail.com
2669,Aditya,Nagpur,55,aditya2669@gmail.com
2670,Aditya,Jaipur,42,aditya2670@gmail.com
2671,Harsh,Indore,38,harsh2671@gmail.com
2672,Harsh,Pune,49,harsh2672@gmail.com
2673,Priya,Delhi,39,priya2673@gmail.com
2674,Kriti,Vadodara,60,kriti2674@gmail.com
2675,Rohit,Mumbai,57,rohit2675@gmail.com
2676,Pooja,Jaipur,45,pooja2676@gmail.com
2677,Mohit,Nagpur,58,mohit2677@gmail.com
2678,Neha,Vadodara,31,neha2678@gmail.com
2679,Pooja,Ahmedabad,21,pooja2679@gmail.com
2680,Pooja,Rajkot,43,pooja2680@gmail.com
2681,Sneha,Rajkot,23,sneha2681@gmail.com
2682,Harsh,Pune,55,harsh2682@gmail.com
2683,Rohit,Ahmedabad,22,rohit2683@gmail.com
2684,Harsh,Vadodara,48,harsh2684@gmail.com
2685,Nisha,Delhi,40,nisha2685@gmail.com
2686,Neha,Ahmedabad,50,neha2686@gmail.com
2687,Pooja,Indore,60,pooja2687@gmail.com
2688,Meera,Jaipur,30,meera2688@gmail.com
2689,Nisha,Indore,34,nisha2689@gmail.com
2690,Kavya,Vadodara,47,kavya2690@gmail.com
2691,Meera,Mumbai,19,meera2691@gmail.com
2692,Yash,Mumbai,54,yash2692@gmail.com
2693,Kriti,Delhi,60,kriti2693@gmail.com
2694,Arjun,Ahmedabad,58,arjun2694@gmail.com
2695,Meera,Rajkot,45,meera2695@gmail.com
2696,Harsh,Surat,51,harsh2696@gmail.com
2697,Mohit,Jaipur,47,mohit2697@gmail.com
2698,Karan,Delhi,27,karan2698@gmail.com
2699,Pooja,Indore,44,pooja2699@gmail.com
2700,Rohit,Pune,58,rohit2700@gmail.com
2701,Mohit,Indore,35,mohit2701@gmail.com
2702,Pooja,Mumbai,34,pooja2702@gmail.com
2703,Kavya,Delhi,43,kavya2703@gmail.com
2704,Sneha,Pune,27,sneha2704@gmail.com
2705,Mohit,Surat,33,mohit2705@gmail.com
2706,Pooja,Nagpur,49,pooja2706@gmail.com
2707,Meera,Indore,45,meera2707@gmail.com
2708,Rahul,Delhi,28,rahul2708@gmail.com
2709,Aman,Mumbai,19,aman2709@gmail.com
2710,Aman,Ahmedabad,60,aman2710@gmail.com
2711,Meera,Mumbai,59,meera2711@gmail.com
2712,Rahul,Nagpur,19,rahul2712@gmail.com
2713,Rahul,Pune,38,rahul2713@gmail.com
2714,Kavya,Ahmedabad,22,kavya2714@gmail.com
2715,Nisha,Jaipur,60,nisha2715@gmail.com
2716,Neha,Indore,26,neha2716@gmail.com
2717,Sneha,Pune,54,sneha2717@gmail.com
2718,Yash,Pune,51,yash2718@gmail.com
2719,Harsh,Vadodara,34,harsh2719@gmail.com
2720,Kriti,Pune,33,kriti2720@gmail.com
2721,Kavya,Pune,38,kavya2721@gmail.com
2722,Rohit,Rajkot,42,rohit2722@gmail.com
2723,Sneha,Indore,31,sneha2723@gmail.com
2724,Karan,Pune,29,karan2724@gmail.com
2725,Mohit,Ahmedabad,46,mohit2725@gmail.com
2726,Nisha,Ahmedabad,55,nisha2726@gmail.com
2727,Rahul,Nagpur,52,rahul2727@gmail.com
2728,Anjali,Pune,38,anjali2728@gmail.com
2729,Meera,Indore,48,meera2729@gmail.com
2730,Sneha,Ahmedabad,27,sneha2730@gmail.com
2731,Anjali,Nagpur,41,anjali2731@gmail.com
2732,Pooja,Surat,59,pooja2732@gmail.com
2733,Kavya,Surat,60,kavya2733@gmail.com
2734,Rahul,Delhi,34,rahul2734@gmail.com
2735,Meera,Indore,37,meera2735@gmail.com
2736,Anjali,Pune,52,anjali2736@gmail.com
2737,Sneha,Nagpur,42,sneha2737@gmail.com
2738,Aditya,Indore,34,aditya2738@gmail.com
2739,Pooja,Pune,33,pooja2739@gmail.com
2740,Pooja,Delhi,28,pooja2740@gmail.com
2741,Arjun,Jaipur,59,arjun2741@gmail.com
2742,Nisha,Surat,35,nisha2742@gmail.com
2743,Neha,Nagpur,48,neha2743@gmail.com
2744,Nisha,Jaipur,45,nisha2744@gmail.com
2745,Priya,Mumbai,34,priya2745@gmail.com
2746,Yash,Pune,40,yash2746@gmail.com
2747,Nisha,Rajkot,53,nisha2747@gmail.com
2748,Rohit,Nagpur,19,rohit2748@gmail.com
2749,Rahul,Mumbai,58,rahul2749@gmail.com
2750,Arjun,Mumbai,18,arjun2750@gmail.com
2751,Vikas,Delhi,58,vikas2751@gmail.com
2752,Pooja,Jaipur,54,pooja2752@gmail.com
2753,Neha,Pune,28,neha2753@gmail.com
2754,Sneha,Vadodara,59,sneha2754@gmail.com
2755,Karan,Rajkot,44,karan2755@gmail.com
2756,Rohit,Nagpur,48,rohit2756@gmail.com
2757,Karan,Ahmedabad,29,karan2757@gmail.com
2758,Harsh,Jaipur,36,harsh2758@gmail.com
2759,Mohit,Pune,44,mohit2759@gmail.com
2760,Anjali,Mumbai,43,anjali2760@gmail.com
2761,Vikas,Rajkot,32,vikas2761@gmail.com
2762,Aditya,Surat,53,aditya2762@gmail.com
2763,Kavya,Delhi,23,kavya2763@gmail.com
2764,Arjun,Delhi,34,arjun2764@gmail.com
2765,Riya,Surat,43,riya2765@gmail.com
2766,Kavya,Indore,56,kavya2766@gmail.com
2767,Aman,Mumbai,23,aman2767@gmail.com
2768,Anjali,Mumbai,54,anjali2768@gmail.com
2769,Priya,Surat,51,priya2769@gmail.com
2770,Nisha,Nagpur,49,nisha2770@gmail.com
2771,Priya,Delhi,31,priya2771@gmail.com
2772,Mohit,Ahmedabad,36,mohit2772@gmail.com
2773,Kriti,Indore,26,kriti2773@gmail.com
2774,Nisha,Delhi,56,nisha2774@gmail.com
2775,Mohit,Ahmedabad,30,mohit2775@gmail.com
2776,Nisha,Mumbai,44,nisha2776@gmail.com
2777,Karan,Surat,36,karan2777@gmail.com
2778,Aman,Delhi,57,aman2778@gmail.com
2779,Arjun,Delhi,41,arjun2779@gmail.com
2780,Harsh,Nagpur,23,harsh2780@gmail.com
2781,Aditya,Nagpur,26,aditya2781@gmail.com
2782,Rohit,Indore,31,rohit2782@gmail.com
2783,Vikas,Indore,56,vikas2783@gmail.com
2784,Aman,Pune,24,aman2784@gmail.com
2785,Meera,Surat,21,meera2785@gmail.com
2786,Rohit,Delhi,48,rohit2786@gmail.com
2787,Anjali,Rajkot,60,anjali2787@gmail.com
2788,Kavya,Surat,18,kavya2788@gmail.com
2789,Aman,Vadodara,57,aman2789@gmail.com
2790,Vikas,Ahmedabad,43,vikas2790@gmail.com
2791,Anjali,Mumbai,53,anjali2791@gmail.com
2792,Rahul,Rajkot,29,rahul2792@gmail.com
2793,Aman,Mumbai,50,aman2793@gmail.com
2794,Kriti,Jaipur,47,kriti2794@gmail.com
2795,Karan,Pune,38,karan2795@gmail.com
2796,Yash,Indore,27,yash2796@gmail.com
2797,Aman,Pune,38,aman2797@gmail.com
2798,Rahul,Mumbai,49,rahul2798@gmail.com
2799,Aman,Jaipur,45,aman2799@gmail.com
2800,Pooja,Ahmedabad,57,pooja2800@gmail.com
2800,Pooja,Ahmedabad,57,pooja2800@gmail.com
2801,Aman,Vadodara,38,aman2801@gmail.com
2802,Nisha,Mumbai,38,nisha2802@gmail.com
2803,Kriti,Mumbai,53,kriti2803@gmail.com
2804,Arjun,Surat,30,arjun2804@gmail.com
2805,Karan,Surat,32,karan2805@gmail.com
2806,Riya,Surat,48,riya2806@gmail.com
2807,Aman,Mumbai,47,aman2807@gmail.com
2808,Nisha,Pune,49,nisha2808@gmail.com
2809,Rahul,Nagpur,40,rahul2809@gmail.com
2810,Meera,Nagpur,47,meera2810@gmail.com
2811,Kriti,Pune,27,kriti2811@gmail.com
2812,Priya,Jaipur,23,priya2812@gmail.com
2813,Mohit,Ahmedabad,29,mohit2813@gmail.com
2814,Riya,Vadodara,35,riya2814@gmail.com
2815,Harsh,Rajkot,31,harsh2815@gmail.com
2816,Harsh,Surat,51,harsh2816@gmail.com
2817,Harsh,Mumbai,44,harsh2817@gmail.com
2818,Neha,Delhi,49,neha2818@gmail.com
2819,Priya,Jaipur,19,priya2819@gmail.com
2820,Pooja,Pune,43,pooja2820@gmail.com
2821,Anjali,Rajkot,24,anjali2821@gmail.com
2822,Rohit,Mumbai,19,rohit2822@gmail.com
2823,Neha,Nagpur,60,neha2823@gmail.com
2824,Kriti,Nagpur,58,kriti2824@gmail.com
2825,Aman,Rajkot,60,aman2825@gmail.com
2826,Aditya,Jaipur,20,aditya2826@gmail.com
2827,Kavya,Nagpur,38,kavya2827@gmail.com
2828,Harsh,Mumbai,31,harsh2828@gmail.com
2829,Rahul,Ahmedabad,38,rahul2829@gmail.com
2830,Rahul,Pune,53,rahul2830@gmail.com
2831,Kavya,Indore,23,kavya2831@gmail.com
2832,Vikas,Ahmedabad,29,vikas2832@gmail.com
2833,Sneha,Indore,23,sneha2833@gmail.com
2834,Aditya,Delhi,28,aditya2834@gmail.com
2835,Vikas,Indore,36,vikas2835@gmail.com
2836,Karan,Pune,37,karan2836@gmail.com
2837,Kriti,Indore,37,kriti2837@gmail.com
2838,Kavya,Mumbai,40,kavya2838@gmail.com
2839,Priya,Jaipur,50,priya2839@gmail.com
2840,Mohit,Nagpur,46,mohit2840@gmail.com
2841,Vikas,Nagpur,35,vikas2841@gmail.com
2842,Harsh,Rajkot,45,harsh2842@gmail.com
2843,Neha,Indore,41,neha2843@gmail.com
2844,Kavya,Mumbai,45,kavya2844@gmail.com
2845,Nisha,Pune,20,nisha2845@gmail.com
2846,Yash,Jaipur,47,yash2846@gmail.com
2847,Sneha,Mumbai,49,sneha2847@gmail.com
2848,Yash,Vadodara,23,yash2848@gmail.com
2849,Pooja,Nagpur,45,pooja2849@gmail.com
2850,Neha,Nagpur,37,neha2850@gmail.com
2851,Karan,Mumbai,37,karan2851@gmail.com
2852,Sneha,Vadodara,45,sneha2852@gmail.com
2853,Pooja,Rajkot,21,pooja2853@gmail.com
2854,Meera,Pune,20,meera2854@gmail.com
2855,Yash,Pune,50,yash2855@gmail.com
2856,Nisha,Indore,24,nisha2856@gmail.com
2857,Arjun,Rajkot,34,arjun2857@gmail.com
2858,Anjali,Ahmedabad,55,anjali2858@gmail.com
2859,Neha,Vadodara,19,neha2859@gmail.com
2860,Priya,Nagpur,29,priya2860@gmail.com
2861,Riya,Indore,20,riya2861@gmail.com
2862,Neha,Indore,37,neha2862@gmail.com
2863,Rohit,Rajkot,47,rohit2863@gmail.com
2864,Arjun,Rajkot,34,arjun2864@gmail.com
2865,Rohit,Mumbai,31,rohit2865@gmail.com
2866,Riya,Pune,56,riya2866@gmail.com
2867,Aman,Pune,45,aman2867@gmail.com
2868,Meera,Surat,18,meera2868@gmail.com
2869,Vikas,Pune,18,vikas2869@gmail.com
2870,Riya,Nagpur,47,riya2870@gmail.com
2871,Vikas,Rajkot,49,vikas2871@gmail.com
2872,Pooja,Rajkot,57,pooja2872@gmail.com
2873,Anjali,Indore,37,anjali2873@gmail.com
2874,Neha,Mumbai,26,neha2874@gmail.com
2875,Aditya,Delhi,25,aditya2875@gmail.com
2876,Aditya,Delhi,19,aditya2876@gmail.com
2877,Mohit,Nagpur,59,mohit2877@gmail.com
2878,Karan,Delhi,45,karan2878@gmail.com
2879,Meera,Delhi,23,meera2879@gmail.com
2880,Pooja,Nagpur,27,pooja2880@gmail.com
2881,Kriti,Indore,19,kriti2881@gmail.com
2882,Priya,Mumbai,27,priya2882@gmail.com
2883,Arjun,Nagpur,48,arjun2883@gmail.com
2884,Aditya,Nagpur,55,aditya2884@gmail.com
2885,Sneha,Delhi,36,sneha2885@gmail.com
2886,Harsh,Indore,21,harsh2886@gmail.com
2887,Rohit,Surat,24,rohit2887@gmail.com
2888,Nisha,Indore,49,nisha2888@gmail.com
2889,Harsh,Rajkot,53,harsh2889@gmail.com
2890,Pooja,Surat,49,pooja2890@gmail.com
2891,Vikas,Nagpur,50,vikas2891@gmail.com
2892,Harsh,Rajkot,49,harsh2892@gmail.com
2893,Sneha,Surat,51,sneha2893@gmail.com
2894,Aditya,Indore,54,aditya2894@gmail.com
2895,Rohit,Vadodara,22,rohit2895@gmail.com
2896,Aman,Indore,48,aman2896@gmail.com
2897,Priya,Nagpur,57,priya2897@gmail.com
2898,Anjali,Nagpur,45,anjali2898@gmail.com
2899,Aditya,Mumbai,36,aditya2899@gmail.com
2900,Mohit,Nagpur,40,mohit2900@gmail.com
2901,Arjun,Delhi,50,arjun2901@gmail.com
2902,Sneha,Rajkot,39,sneha2902@gmail.com
2903,Kavya,Nagpur,26,kavya2903@gmail.com
2904,Pooja,Indore,44,pooja2904@gmail.com
2905,Anjali,Nagpur,28,anjali2905@gmail.com
2906,Kavya,Delhi,36,kavya2906@gmail.com
2907,Neha,Nagpur,26,neha2907@gmail.com
2908,Riya,Delhi,28,riya2908@gmail.com
2909,Kavya,Nagpur,24,kavya2909@gmail.com
2910,Nisha,Nagpur,37,nisha2910@gmail.com
2911,Sneha,Delhi,53,sneha2911@gmail.com
2912,Rahul,Surat,40,rahul2912@gmail.com
2913,Aman,Jaipur,28,aman2913@gmail.com
2914,Riya,Vadodara,20,riya2914@gmail.com
2915,Neha,Jaipur,45,neha2915@gmail.com
2916,Priya,Rajkot,32,priya2916@gmail.com
2917,Priya,Vadodara,32,priya2917@gmail.com
2918,Kriti,Ahmedabad,39,kriti2918@gmail.com
2919,Anjali,Surat,53,anjali2919@gmail.com
2920,Aman,Mumbai,50,aman2920@gmail.com
2921,Kavya,Pune,21,kavya2921@gmail.com
2922,Arjun,Nagpur,25,arjun2922@gmail.com
2923,Priya,Rajkot,57,priya2923@gmail.com
2924,Priya,Vadodara,20,priya2924@gmail.com
2925,Yash,Pune,28,yash2925@gmail.com
2926,Priya,Delhi,41,priya2926@gmail.com
2927,Riya,Ahmedabad,46,riya2927@gmail.com
2928,Yash,Nagpur,24,yash2928@gmail.com
2929,Karan,Jaipur,39,karan2929@gmail.com
2930,Karan,Pune,30,karan2930@gmail.com
2931,Arjun,Indore,18,arjun2931@gmail.com
2932,Sneha,Nagpur,39,sneha2932@gmail.com
2933,Pooja,Vadodara,28,pooja2933@gmail.com
2934,Neha,Ahmedabad,41,neha2934@gmail.com
2935,Nisha,Jaipur,58,nisha2935@gmail.com
2936,Sneha,Mumbai,51,sneha2936@gmail.com
2937,Nisha,Delhi,26,nisha2937@gmail.com
2938,Nisha,Indore,44,nisha2938@gmail.com
2939,Arjun,Vadodara,41,arjun2939@gmail.com
2940,Aditya,Nagpur,27,aditya2940@gmail.com
2941,Aditya,Vadodara,22,aditya2941@gmail.com
2942,Neha,Jaipur,38,neha2942@gmail.com
2943,Vikas,Mumbai,45,vikas2943@gmail.com
2944,Rahul,Indore,20,rahul2944@gmail.com
2945,Karan,Rajkot,21,karan2945@gmail.com
2946,Yash,Ahmedabad,44,yash2946@gmail.com
2947,Vikas,Vadodara,37,vikas2947@gmail.com
2948,Rohit,Jaipur,18,rohit2948@gmail.com
2949,Aman,Vadodara,57,aman2949@gmail.com
2950,Karan,Indore,46,karan2950@gmail.com
2951,Mohit,Vadodara,57,mohit2951@gmail.com
2952,Kavya,Nagpur,40,kavya2952@gmail.com
2953,Vikas,Delhi,37,vikas2953@gmail.com
2954,Neha,Surat,52,neha2954@gmail.com
2955,Rohit,Indore,26,rohit2955@gmail.com
2956,Yash,Vadodara,36,yash2956@gmail.com
2957,Mohit,Pune,50,mohit2957@gmail.com
2958,Meera,Ahmedabad,51,meera2958@gmail.com
2959,Rohit,Mumbai,19,rohit2959@gmail.com
2960,Aditya,Vadodara,55,aditya2960@gmail.com
2961,Aman,Delhi,37,aman2961@gmail.com
2962,Nisha,Vadodara,25,nisha2962@gmail.com
2963,Rahul,Jaipur,34,rahul2963@gmail.com
2964,Yash,Jaipur,25,yash2964@gmail.com
2965,Rahul,Pune,46,rahul2965@gmail.com
2966,Pooja,Rajkot,18,pooja2966@gmail.com
2967,Arjun,Jaipur,33,arjun2967@gmail.com
2968,Harsh,Rajkot,58,harsh2968@gmail.com
2969,Meera,Rajkot,32,meera2969@gmail.com
2970,Anjali,Ahmedabad,36,anjali2970@gmail.com
2971,Harsh,Mumbai,42,harsh2971@gmail.com
2972,Yash,Delhi,24,yash2972@gmail.com
2973,Rohit,Vadodara,55,rohit2973@gmail.com
2974,Mohit,Jaipur,47,mohit2974@gmail.com
2975,Priya,Mumbai,45,priya2975@gmail.com
2976,Nisha,Pune,23,nisha2976@gmail.com
2977,Rahul,Indore,26,rahul2977@gmail.com
2978,Kriti,Delhi,46,kriti2978@gmail.com
2979,Neha,Jaipur,51,neha2979@gmail.com
2980,Vikas,Rajkot,53,vikas2980@gmail.com
2981,Yash,Indore,34,yash2981@gmail.com
2982,Harsh,Nagpur,58,harsh2982@gmail.com
2983,Nisha,Nagpur,49,nisha2983@gmail.com
2984,Nisha,Mumbai,27,nisha2984@gmail.com
2985,Yash,Mumbai,49,yash2985@gmail.com
2986,Arjun,Mumbai,50,arjun2986@gmail.com
2987,Yash,Pune,31,yash2987@gmail.com
2988,Arjun,Nagpur,20,arjun2988@gmail.com
2989,Riya,Vadodara,41,riya2989@gmail.com
2990,Priya,Rajkot,44,priya2990@gmail.com
2991,Priya,Pune,41,priya2991@gmail.com
2992,Harsh,Ahmedabad,20,harsh2992@gmail.com
2993,Yash,Mumbai,25,yash2993@gmail.com
2994,Anjali,Ahmedabad,41,anjali2994@gmail.com
2995,Pooja,Ahmedabad,49,pooja2995@gmail.com
2996,Aditya,Mumbai,27,aditya2996@gmail.com
2997,Harsh,Indore,21,harsh2997@gmail.com
2998,Pooja,Ahmedabad,31,pooja2998@gmail.com
2999,Riya,Nagpur,18,riya2999@gmail.com
3000,,Vadodara,-5,priya3000@gmail.com
3001,Neha,Surat,44,neha3001@gmail.com
3002,Kriti,Rajkot,37,kriti3002@gmail.com
3003,Harsh,Nagpur,39,harsh3003@gmail.com
3004,Vikas,Nagpur,56,vikas3004@gmail.com
3005,Karan,Mumbai,50,karan3005@gmail.com
3006,Arjun,Nagpur,60,arjun3006@gmail.com
3007,Arjun,Mumbai,38,arjun3007@gmail.com
3008,Neha,Rajkot,60,neha3008@gmail.com
3009,Kavya,Indore,42,kavya3009@gmail.com
3010,Sneha,Indore,39,sneha3010@gmail.com
3011,Meera,Surat,60,meera3011@gmail.com
3012,Arjun,Ahmedabad,59,arjun3012@gmail.com
3013,Neha,Mumbai,19,neha3013@gmail.com
3014,Harsh,Ahmedabad,53,harsh3014@gmail.com
3015,Priya,Vadodara,23,priya3015@gmail.com
3016,Mohit,Rajkot,52,mohit3016@gmail.com
3017,Harsh,Surat,54,harsh3017@gmail.com
3018,Yash,Delhi,48,yash3018@gmail.com
3019,Yash,Surat,25,yash3019@gmail.com
3020,Meera,Mumbai,19,meera3020@gmail.com
3021,Aman,Delhi,33,aman3021@gmail.com
3022,Harsh,Nagpur,23,harsh3022@gmail.com
3023,Meera,Rajkot,38,meera3023@gmail.com
3024,Vikas,Rajkot,20,vikas3024@gmail.com
3025,Kriti,Surat,39,kriti3025@gmail.com
3026,Nisha,Mumbai,44,nisha3026@gmail.com
3027,Aditya,Vadodara,38,aditya3027@gmail.com
3028,Vikas,Ahmedabad,23,vikas3028@gmail.com
3029,Priya,Pune,52,priya3029@gmail.com
3030,Riya,Ahmedabad,27,riya3030@gmail.com
3031,Riya,Ahmedabad,23,riya3031@gmail.com
3032,Karan,Ahmedabad,44,karan3032@gmail.com
3033,Riya,Surat,57,riya3033@gmail.com
3034,Rohit,Mumbai,19,rohit3034@gmail.com
3035,Rahul,Ahmedabad,42,rahul3035@gmail.com
3036,Priya,Jaipur,27,priya3036@gmail.com
3037,Nisha,Jaipur,34,nisha3037@gmail.com
3038,Vikas,Pune,21,vikas3038@gmail.com
3039,Mohit,Delhi,56,mohit3039@gmail.com
3040,Harsh,Delhi,49,harsh3040@gmail.com
3041,Yash,Vadodara,42,yash3041@gmail.com
3042,Priya,Ahmedabad,21,priya3042@gmail.com
3043,Rohit,Nagpur,53,rohit3043@gmail.com
3044,Nisha,Pune,48,nisha3044@gmail.com
3045,Aditya,Indore,58,aditya3045@gmail.com
3046,Sneha,Surat,35,sneha3046@gmail.com
3047,Meera,Rajkot,24,meera3047@gmail.com
3048,Sneha,Vadodara,59,sneha3048@gmail.com
3049,Karan,Ahmedabad,54,karan3049@gmail.com
3050,Nisha,Nagpur,23,nisha3050@gmail.com
3051,Yash,Delhi,27,yash3051@gmail.com
3052,Anjali,Vadodara,28,anjali3052@gmail.com
3053,Sneha,Vadodara,45,sneha3053@gmail.com
3054,Meera,Nagpur,20,meera3054@gmail.com
3055,Aditya,Nagpur,57,aditya3055@gmail.com
3056,Pooja,Mumbai,18,pooja3056@gmail.com
3057,Rahul,Nagpur,35,rahul3057@gmail.com
3058,Kavya,Ahmedabad,42,kavya3058@gmail.com
3059,Anjali,Delhi,55,anjali3059@gmail.com
3060,Yash,Ahmedabad,20,yash3060@gmail.com
3061,Riya,Vadodara,54,riya3061@gmail.com
3062,Neha,Ahmedabad,23,neha3062@gmail.com
3063,Vikas,Pune,26,vikas3063@gmail.com
3064,Meera,Ahmedabad,45,meera3064@gmail.com
3065,Mohit,Rajkot,50,mohit3065@gmail.com
3066,Rohit,Jaipur,58,rohit3066@gmail.com
3067,Aman,Nagpur,35,aman3067@gmail.com
3068,Sneha,Jaipur,39,sneha3068@gmail.com
3069,Mohit,Nagpur,56,mohit3069@gmail.com
3070,Rohit,Surat,26,rohit3070@gmail.com
3071,Aditya,Rajkot,48,aditya3071@gmail.com
3072,Aditya,Surat,29,aditya3072@gmail.com
3073,Nisha,Vadodara,49,nisha3073@gmail.com
3074,Vikas,Vadodara,23,vikas3074@gmail.com
3075,Neha,Vadodara,19,neha3075@gmail.com
3076,Arjun,Pune,40,arjun3076@gmail.com
3077,Vikas,Rajkot,40,vikas3077@gmail.com
3078,Vikas,Mumbai,18,vikas3078@gmail.com
3079,Priya,Nagpur,41,priya3079@gmail.com
3080,Mohit,Nagpur,18,mohit3080@gmail.com
3081,Sneha,Surat,35,sneha3081@gmail.com
3082,Anjali,Delhi,23,anjali3082@gmail.com
3083,Kavya,Ahmedabad,32,kavya3083@gmail.com
3084,Sneha,Nagpur,41,sneha3084@gmail.com
3085,Rahul,Ahmedabad,49,rahul3085@gmail.com
3086,Kavya,Delhi,18,kavya3086@gmail.com
3087,Mohit,Indore,25,mohit3087@gmail.com
3088,Aman,Rajkot,50,aman3088@gmail.com
3089,Kriti,Mumbai,53,kriti3089@gmail.com
3090,Mohit,Rajkot,56,mohit3090@gmail.com
3091,Harsh,Mumbai,22,harsh3091@gmail.com
3092,Harsh,Mumbai,22,harsh3092@gmail.com
3093,Karan,Ahmedabad,54,karan3093@gmail.com
3094,Sneha,Vadodara,35,sneha3094@gmail.com
3095,Mohit,Surat,52,mohit3095@gmail.com
3096,Kavya,Ahmedabad,53,kavya3096@gmail.com
3097,Arjun,Surat,45,arjun3097@gmail.com
3098,Rahul,Jaipur,45,rahul3098@gmail.com
3099,Nisha,Ahmedabad,25,nisha3099@gmail.com
3100,Yash,Nagpur,49,yash3100@gmail.com
3101,Anjali,Vadodara,20,anjali3101@gmail.com
3102,Sneha,Surat,35,sneha3102@gmail.com
3103,Nisha,Vadodara,46,nisha3103@gmail.com
3104,Rohit,Surat,43,rohit3104@gmail.com
3105,Mohit,Jaipur,23,mohit3105@gmail.com
3106,Harsh,Surat,32,harsh3106@gmail.com
3107,Nisha,Pune,33,nisha3107@gmail.com
3108,Mohit,Mumbai,39,mohit3108@gmail.com
3109,Pooja,Pune,58,pooja3109@gmail.com
3110,Priya,Surat,48,priya3110@gmail.com
3111,Nisha,Surat,55,nisha3111@gmail.com
3112,Rohit,Ahmedabad,33,rohit3112@gmail.com
3113,Priya,Nagpur,33,priya3113@gmail.com
3114,Rohit,Surat,39,rohit3114@gmail.com
3115,Yash,Delhi,22,yash3115@gmail.com
3116,Kavya,Rajkot,46,kavya3116@gmail.com
3117,Priya,Nagpur,55,priya3117@gmail.com
3118,Priya,Pune,21,priya3118@gmail.com
3119,Rahul,Indore,38,rahul3119@gmail.com
3120,Neha,Mumbai,21,neha3120@gmail.com
3121,Arjun,Surat,37,arjun3121@gmail.com
3122,Kavya,Indore,22,kavya3122@gmail.com
3123,Priya,Surat,53,priya3123@gmail.com
3124,Rahul,Ahmedabad,42,rahul3124@gmail.com
3125,Vikas,Pune,57,vikas3125@gmail.com
3126,Nisha,Delhi,56,nisha3126@gmail.com
3127,Kavya,Surat,47,kavya3127@gmail.com
3128,Vikas,Nagpur,45,vikas3128@gmail.com
3129,Kavya,Rajkot,24,kavya3129@gmail.com
3130,Rohit,Surat,47,rohit3130@gmail.com
3131,Yash,Jaipur,55,yash3131@gmail.com
3132,Mohit,Pune,24,mohit3132@gmail.com
3133,Aditya,Rajkot,22,aditya3133@gmail.com
3134,Harsh,Delhi,54,harsh3134@gmail.com
3135,Karan,Vadodara,34,karan3135@gmail.com
3136,Anjali,Indore,48,anjali3136@gmail.com
3137,Kavya,Nagpur,29,kavya3137@gmail.com
3138,Sneha,Mumbai,20,sneha3138@gmail.com
3139,Rahul,Mumbai,37,rahul3139@gmail.com
3140,Harsh,Indore,50,harsh3140@gmail.com
3141,Anjali,Ahmedabad,55,anjali3141@gmail.com
3142,Meera,Mumbai,27,meera3142@gmail.com
3143,Kriti,Ahmedabad,56,kriti3143@gmail.com
3144,Rohit,Ahmedabad,41,rohit3144@gmail.com
3145,Aditya,Vadodara,55,aditya3145@gmail.com
3146,Karan,Surat,33,karan3146@gmail.com
3147,Yash,Vadodara,21,yash3147@gmail.com
3148,Nisha,Jaipur,30,nisha3148@gmail.com
3149,Mohit,Delhi,22,mohit3149@gmail.com
3150,Rohit,Delhi,60,rohit3150@gmail.com
3151,Kriti,Nagpur,56,kriti3151@gmail.com
3152,Rohit,Rajkot,54,rohit3152@gmail.com
3153,Rohit,Rajkot,37,rohit3153@gmail.com
3154,Nisha,Jaipur,28,nisha3154@gmail.com
3155,Priya,Nagpur,20,priya3155@gmail.com
3156,Kriti,Delhi,18,kriti3156@gmail.com
3157,Sneha,Delhi,47,sneha3157@gmail.com
3158,Kavya,Delhi,33,kavya3158@gmail.com
3159,Kriti,Jaipur,42,kriti3159@gmail.com
3160,Mohit,Indore,29,mohit3160@gmail.com
3161,Aditya,Jaipur,18,aditya3161@gmail.com
3162,Neha,Jaipur,19,neha3162@gmail.com
3163,Meera,Pune,27,meera3163@gmail.com
3164,Pooja,Nagpur,30,pooja3164@gmail.com
3165,Harsh,Jaipur,20,harsh3165@gmail.com
3166,Aditya,Delhi,30,aditya3166@gmail.com
3167,Pooja,Mumbai,32,pooja3167@gmail.com
3168,Aman,Mumbai,39,aman3168@gmail.com
3169,Meera,Delhi,29,meera3169@gmail.com
3170,Mohit,Surat,29,mohit3170@gmail.com
3171,Aman,Pune,19,aman3171@gmail.com
3172,Karan,Indore,59,karan3172@gmail.com
3173,Priya,Jaipur,31,priya3173@gmail.com
3174,Pooja,Nagpur,33,pooja3174@gmail.com
3175,Anjali,Jaipur,60,anjali3175@gmail.com
3176,Riya,Vadodara,57,riya3176@gmail.com
3177,Nisha,Pune,25,nisha3177@gmail.com
3178,Karan,Mumbai,30,karan3178@gmail.com
3179,Mohit,Vadodara,42,mohit3179@gmail.com
3180,Anjali,Jaipur,56,anjali3180@gmail.com
3181,Nisha,Delhi,20,nisha3181@gmail.com
3182,Kavya,Rajkot,30,kavya3182@gmail.com
3183,Meera,Ahmedabad,27,meera3183@gmail.com
3184,Rohit,Delhi,21,rohit3184@gmail.com
3185,Aman,Mumbai,50,aman3185@gmail.com
3186,Harsh,Nagpur,31,harsh3186@gmail.com
3187,Neha,Nagpur,60,neha3187@gmail.com
3188,Kavya,Pune,28,kavya3188@gmail.com
3189,Yash,Indore,59,yash3189@gmail.com
3190,Yash,Jaipur,49,yash3190@gmail.com
3191,Yash,Nagpur,29,yash3191@gmail.com
3192,Rohit,Jaipur,51,rohit3192@gmail.com
3193,Kriti,Nagpur,48,kriti3193@gmail.com
3194,Aman,Rajkot,43,aman3194@gmail.com
3195,Harsh,Surat,31,harsh3195@gmail.com
3196,Sneha,Delhi,46,sneha3196@gmail.com
3197,Sneha,Indore,31,sneha3197@gmail.com
3198,Pooja,Indore,42,pooja3198@gmail.com
3199,Harsh,Mumbai,41,harsh3199@gmail.com
3200,Aman,Vadodara,23,aman3200@gmail.com
3201,Karan,Pune,36,karan3201@gmail.com
3202,Arjun,Vadodara,40,arjun3202@gmail.com
3203,Sneha,Rajkot,20,sneha3203@gmail.com
3204,Arjun,Vadodara,57,arjun3204@gmail.com
3205,Rohit,Indore,46,rohit3205@gmail.com
3206,Arjun,Indore,44,arjun3206@gmail.com
3207,Anjali,Nagpur,38,anjali3207@gmail.com
3208,Aman,Indore,19,aman3208@gmail.com
3209,Riya,Nagpur,32,riya3209@gmail.com
3210,Aman,Pune,40,aman3210@gmail.com
3211,Neha,Ahmedabad,50,neha3211@gmail.com
3212,Yash,Vadodara,59,yash3212@gmail.com
3213,Neha,Ahmedabad,32,neha3213@gmail.com
3214,Priya,Pune,22,priya3214@gmail.com
3215,Anjali,Surat,52,anjali3215@gmail.com
3216,Mohit,Jaipur,30,mohit3216@gmail.com
3217,Rohit,Ahmedabad,37,rohit3217@gmail.com
3218,Aman,Delhi,56,aman3218@gmail.com
3219,Karan,Vadodara,34,karan3219@gmail.com
3220,Aditya,Ahmedabad,36,aditya3220@gmail.com
3221,Anjali,Indore,43,anjali3221@gmail.com
3222,Harsh,Surat,48,harsh3222@gmail.com
3223,Yash,Mumbai,43,yash3223@gmail.com
3224,Sneha,Delhi,31,sneha3224@gmail.com
3225,Kriti,Delhi,51,kriti3225@gmail.com
3226,Harsh,Vadodara,47,harsh3226@gmail.com
3227,Arjun,Jaipur,23,arjun3227@gmail.com
3228,Rohit,Delhi,45,rohit3228@gmail.com
3229,Nisha,Delhi,46,nisha3229@gmail.com
3230,Arjun,Vadodara,19,arjun3230@gmail.com
3231,Anjali,Mumbai,54,anjali3231@gmail.com
3232,Karan,Ahmedabad,18,karan3232@gmail.com
3233,Kriti,Jaipur,39,kriti3233@gmail.com
3234,Sneha,Indore,45,sneha3234@gmail.com
3235,Vikas,Vadodara,37,vikas3235@gmail.com
3236,Rohit,Rajkot,19,rohit3236@gmail.com
3237,Harsh,Surat,26,harsh3237@gmail.com
3238,Karan,Jaipur,54,karan3238@gmail.com
3239,Kavya,Rajkot,54,kavya3239@gmail.com
3240,Vikas,Indore,31,vikas3240@gmail.com
3241,Vikas,Pune,52,vikas3241@gmail.com
3242,Vikas,Delhi,48,vikas3242@gmail.com
3243,Priya,Jaipur,54,priya3243@gmail.com
3244,Arjun,Ahmedabad,23,arjun3244@gmail.com
3245,Riya,Pune,53,riya3245@gmail.com
3246,Riya,Surat,56,riya3246@gmail.com
3247,Kriti,Surat,29,kriti3247@gmail.com
3248,Mohit,Pune,42,mohit3248@gmail.com
3249,Pooja,Delhi,32,pooja3249@gmail.com
3250,Pooja,Vadodara,22,pooja3250@gmail.com
3251,Arjun,Surat,41,arjun3251@gmail.com
3252,Yash,Surat,28,yash3252@gmail.com
3253,Rohit,Indore,43,rohit3253@gmail.com
3254,Riya,Pune,26,riya3254@gmail.com
3255,Meera,Indore,48,meera3255@gmail.com
3256,Neha,Indore,31,neha3256@gmail.com
3257,Karan,Delhi,37,karan3257@gmail.com
3258,Nisha,Nagpur,28,nisha3258@gmail.com
3259,Kavya,Rajkot,37,kavya3259@gmail.com
3260,Harsh,Delhi,50,harsh3260@gmail.com
3261,Arjun,Ahmedabad,30,arjun3261@gmail.com
3262,Aditya,Mumbai,46,aditya3262@gmail.com
3263,Neha,Indore,56,neha3263@gmail.com
3264,Sneha,Vadodara,39,sneha3264@gmail.com
3265,Harsh,Nagpur,47,harsh3265@gmail.com
3266,Arjun,Rajkot,20,arjun3266@gmail.com
3267,Neha,Ahmedabad,59,neha3267@gmail.com
3268,Arjun,Jaipur,37,arjun3268@gmail.com
3269,Vikas,Rajkot,29,vikas3269@gmail.com
3270,Nisha,Delhi,29,nisha3270@gmail.com
3271,Kavya,Indore,47,kavya3271@gmail.com
3272,Vikas,Mumbai,54,vikas3272@gmail.com
3273,Priya,Indore,20,priya3273@gmail.com
3274,Sneha,Mumbai,35,sneha3274@gmail.com
3275,Meera,Ahmedabad,60,meera3275@gmail.com
3276,Neha,Delhi,49,neha3276@gmail.com
3277,Nisha,Vadodara,25,nisha3277@gmail.com
3278,Anjali,Pune,24,anjali3278@gmail.com
3279,Yash,Jaipur,44,yash3279@gmail.com
3280,Arjun,Mumbai,34,arjun3280@gmail.com
3281,Mohit,Vadodara,20,mohit3281@gmail.com
3282,Arjun,Surat,22,arjun3282@gmail.com
3283,Arjun,Indore,39,arjun3283@gmail.com
3284,Vikas,Delhi,43,vikas3284@gmail.com
3285,Rahul,Surat,34,rahul3285@gmail.com
3286,Priya,Mumbai,38,priya3286@gmail.com
3287,Arjun,Nagpur,47,arjun3287@gmail.com
3288,Neha,Pune,53,neha3288@gmail.com
3289,Sneha,Nagpur,26,sneha3289@gmail.com
3290,Kriti,Ahmedabad,28,kriti3290@gmail.com
3291,Riya,Surat,56,riya3291@gmail.com
3292,Priya,Mumbai,36,priya3292@gmail.com
3293,Priya,Vadodara,43,priya3293@gmail.com
3294,Riya,Pune,60,riya3294@gmail.com
3295,Aditya,Ahmedabad,27,aditya3295@gmail.com
3296,Arjun,Jaipur,29,arjun3296@gmail.com
3297,Mohit,Surat,52,mohit3297@gmail.com
3298,Mohit,Nagpur,21,mohit3298@gmail.com
3299,Yash,Pune,42,yash3299@gmail.com
3300,Pooja,Nagpur,21,pooja3300@gmail.com
3301,Kavya,Surat,21,kavya3301@gmail.com
3302,Vikas,Delhi,33,vikas3302@gmail.com
3303,Anjali,Delhi,30,anjali3303@gmail.com
3304,Neha,Surat,44,neha3304@gmail.com
3305,Aditya,Surat,39,aditya3305@gmail.com
3306,Mohit,Pune,32,mohit3306@gmail.com
3307,Priya,Mumbai,28,priya3307@gmail.com
3308,Rahul,Indore,50,rahul3308@gmail.com
3309,Priya,Jaipur,38,priya3309@gmail.com
3310,Meera,Delhi,57,meera3310@gmail.com
3311,Mohit,Vadodara,43,mohit3311@gmail.com
3312,Nisha,Pune,32,nisha3312@gmail.com
3313,Mohit,Pune,40,mohit3313@gmail.com
3314,Rohit,Mumbai,18,rohit3314@gmail.com
3315,Vikas,Jaipur,18,vikas3315@gmail.com
3316,Vikas,Delhi,47,vikas3316@gmail.com
3317,Sneha,Pune,60,sneha3317@gmail.com
3318,Aman,Rajkot,41,aman3318@gmail.com
3319,Rahul,Pune,31,rahul3319@gmail.com
3320,Nisha,Ahmedabad,56,nisha3320@gmail.com
3321,Kriti,Pune,52,kriti3321@gmail.com
3322,Harsh,Mumbai,34,harsh3322@gmail.com
3323,Priya,Rajkot,38,priya3323@gmail.com
3324,Vikas,Mumbai,39,vikas3324@gmail.com
3325,Riya,Jaipur,60,riya3325@gmail.com
3326,Kriti,Pune,39,kriti3326@gmail.com
3327,Aditya,Rajkot,55,aditya3327@gmail.com
3328,Arjun,Indore,50,arjun3328@gmail.com
3329,Sneha,Vadodara,55,sneha3329@gmail.com
3330,Aditya,Delhi,19,aditya3330@gmail.com
3331,Kavya,Pune,37,kavya3331@gmail.com
3332,Sneha,Indore,33,sneha3332@gmail.com
3333,Kavya,Pune,21,kavya3333@gmail.com
3334,Karan,Jaipur,49,karan3334@gmail.com
3335,Pooja,Delhi,27,pooja3335@gmail.com
3336,Vikas,Delhi,59,vikas3336@gmail.com
3337,Rahul,Delhi,56,rahul3337@gmail.com
3338,Arjun,Jaipur,26,arjun3338@gmail.com
3339,Aman,Jaipur,59,aman3339@gmail.com
3340,Rahul,Vadodara,44,rahul3340@gmail.com
3341,Pooja,Surat,32,pooja3341@gmail.com
3342,Rohit,Jaipur,33,rohit3342@gmail.com
3343,Mohit,Vadodara,21,mohit3343@gmail.com
3344,Sneha,Delhi,56,sneha3344@gmail.com
3345,Vikas,Vadodara,38,vikas3345@gmail.com
3346,Riya,Nagpur,58,riya3346@gmail.com
3347,Aditya,Pune,49,aditya3347@gmail.com
3348,Neha,Delhi,21,neha3348@gmail.com
3349,Karan,Delhi,26,karan3349@gmail.com
3350,Neha,Mumbai,55,neha3350@gmail.com
3351,Meera,Delhi,33,meera3351@gmail.com
3352,Yash,Pune,45,yash3352@gmail.com
3353,Arjun,Ahmedabad,28,arjun3353@gmail.com
3354,Mohit,Delhi,45,mohit3354@gmail.com
3355,Riya,Rajkot,33,riya3355@gmail.com
3356,Pooja,Ahmedabad,54,pooja3356@gmail.com
3357,Arjun,Delhi,35,arjun3357@gmail.com
3358,Kriti,Pune,41,kriti3358@gmail.com
3359,Vikas,Indore,28,vikas3359@gmail.com
3360,Kriti,Nagpur,45,kriti3360@gmail.com
3361,Yash,Rajkot,45,yash3361@gmail.com
3362,Karan,Nagpur,19,karan3362@gmail.com
3363,Vikas,Indore,23,vikas3363@gmail.com
3364,Pooja,Rajkot,52,pooja3364@gmail.com
3365,Karan,Vadodara,29,karan3365@gmail.com
3366,Aman,Indore,47,aman3366@gmail.com
3367,Pooja,Nagpur,36,pooja3367@gmail.com
3368,Vikas,Vadodara,56,vikas3368@gmail.com
3369,Kriti,Pune,39,kriti3369@gmail.com
3370,Karan,Nagpur,30,karan3370@gmail.com
3371,Karan,Delhi,18,karan3371@gmail.com
3372,Aditya,Vadodara,41,aditya3372@gmail.com
3373,Kriti,Indore,44,kriti3373@gmail.com
3374,Vikas,Jaipur,42,vikas3374@gmail.com
3375,Kriti,Ahmedabad,59,kriti3375@gmail.com
3376,Harsh,Pune,44,harsh3376@gmail.com
3377,Rahul,Pune,42,rahul3377@gmail.com
3378,Harsh,Mumbai,30,harsh3378@gmail.com
3379,Nisha,Ahmedabad,40,nisha3379@gmail.com
3380,Yash,Nagpur,58,yash3380@gmail.com
3381,Anjali,Surat,59,anjali3381@gmail.com
3382,Vikas,Indore,33,vikas3382@gmail.com
3383,Sneha,Nagpur,20,sneha3383@gmail.com
3384,Anjali,Surat,60,anjali3384@gmail.com
3385,Karan,Ahmedabad,56,karan3385@gmail.com
3386,Arjun,Mumbai,34,arjun3386@gmail.com
3387,Sneha,Rajkot,55,sneha3387@gmail.com
3388,Riya,Surat,25,riya3388@gmail.com
3389,Neha,Indore,43,neha3389@gmail.com
3390,Harsh,Pune,51,harsh3390@gmail.com
3391,Mohit,Indore,28,mohit3391@gmail.com
3392,Nisha,Ahmedabad,37,nisha3392@gmail.com
3393,Yash,Vadodara,60,yash3393@gmail.com
3394,Vikas,Rajkot,37,vikas3394@gmail.com
3395,Nisha,Pune,24,nisha3395@gmail.com
3396,Harsh,Jaipur,27,harsh3396@gmail.com
3397,Aman,Delhi,43,aman3397@gmail.com
3398,Pooja,Surat,28,pooja3398@gmail.com
3399,Kriti,Surat,24,kriti3399@gmail.com
3400,Neha,Indore,51,neha3400@gmail.com
3401,Nisha,Ahmedabad,45,nisha3401@gmail.com
3402,Riya,Mumbai,41,riya3402@gmail.com
3403,Riya,Mumbai,30,riya3403@gmail.com
3404,Kriti,Mumbai,50,kriti3404@gmail.com
3405,Priya,Nagpur,54,priya3405@gmail.com
3406,Mohit,Mumbai,30,mohit3406@gmail.com
3407,Rahul,Mumbai,30,rahul3407@gmail.com
3408,Aman,Indore,46,aman3408@gmail.com
3409,Kavya,Pune,58,kavya3409@gmail.com
3410,Riya,Pune,36,riya3410@gmail.com
3411,Neha,Indore,25,neha3411@gmail.com
3412,Aman,Pune,39,aman3412@gmail.com
3413,Aditya,Rajkot,33,aditya3413@gmail.com
3414,Kriti,Nagpur,24,kriti3414@gmail.com
3415,Aditya,Surat,35,aditya3415@gmail.com
3416,Aditya,Rajkot,20,aditya3416@gmail.com
3417,Priya,Delhi,51,priya3417@gmail.com
3418,Aditya,Indore,56,aditya3418@gmail.com
3419,Yash,Ahmedabad,49,yash3419@gmail.com
3420,Kriti,Jaipur,56,kriti3420@gmail.com
3421,Nisha,Jaipur,41,nisha3421@gmail.com
3422,Rohit,Jaipur,33,rohit3422@gmail.com
3423,Anjali,Indore,42,anjali3423@gmail.com
3424,Kavya,Surat,40,kavya3424@gmail.com
3425,Rohit,Pune,18,rohit3425@gmail.com
3426,Arjun,Indore,26,arjun3426@gmail.com
3427,Aditya,Rajkot,25,aditya3427@gmail.com
3428,Yash,Ahmedabad,33,yash3428@gmail.com
3429,Anjali,Nagpur,57,anjali3429@gmail.com
3430,Kriti,Vadodara,44,kriti3430@gmail.com
3431,Mohit,Surat,58,mohit3431@gmail.com
3432,Rohit,Surat,58,rohit3432@gmail.com
3433,Anjali,Surat,38,anjali3433@gmail.com
3434,Arjun,Delhi,56,arjun3434@gmail.com
3435,Kriti,Indore,57,kriti3435@gmail.com
3436,Neha,Jaipur,45,neha3436@gmail.com
3437,Kriti,Pune,42,kriti3437@gmail.com
3438,Pooja,Rajkot,30,pooja3438@gmail.com
3439,Karan,Vadodara,54,karan3439@gmail.com
3440,Yash,Surat,26,yash3440@gmail.com
3441,Kriti,Pune,37,kriti3441@gmail.com
3442,Meera,Nagpur,28,meera3442@gmail.com
3443,Arjun,Pune,48,arjun3443@gmail.com
3444,Meera,Delhi,33,meera3444@gmail.com
3445,Mohit,Mumbai,60,mohit3445@gmail.com
3446,Neha,Pune,45,neha3446@gmail.com
3447,Aditya,Mumbai,38,aditya3447@gmail.com
3448,Vikas,Ahmedabad,32,vikas3448@gmail.com
3449,Aman,Nagpur,60,aman3449@gmail.com
3450,Priya,Mumbai,52,priya3450@gmail.com
3451,Kriti,Pune,39,kriti3451@gmail.com
3452,Sneha,Rajkot,56,sneha3452@gmail.com
3453,Neha,Jaipur,42,neha3453@gmail.com
3454,Vikas,Vadodara,45,vikas3454@gmail.com
3455,Sneha,Delhi,34,sneha3455@gmail.com
3456,Priya,Ahmedabad,23,priya3456@gmail.com
3457,Priya,Pune,39,priya3457@gmail.com
3458,Harsh,Delhi,25,harsh3458@gmail.com
3459,Harsh,Jaipur,26,harsh3459@gmail.com
3460,Rohit,Indore,54,rohit3460@gmail.com
3461,Aditya,Ahmedabad,21,aditya3461@gmail.com
3462,Harsh,Vadodara,30,harsh3462@gmail.com
3463,Vikas,Indore,38,vikas3463@gmail.com
3464,Anjali,Mumbai,51,anjali3464@gmail.com
3465,Kavya,Rajkot,32,kavya3465@gmail.com
3466,Priya,Indore,18,priya3466@gmail.com
3467,Meera,Nagpur,38,meera3467@gmail.com
3468,Karan,Ahmedabad,32,karan3468@gmail.com
3469,Kriti,Nagpur,27,kriti3469@gmail.com
3470,Kavya,Ahmedabad,27,kavya3470@gmail.com
3471,Rahul,Rajkot,38,rahul3471@gmail.com
3472,Pooja,Vadodara,25,pooja3472@gmail.com
3473,Aman,Rajkot,48,aman3473@gmail.com
3474,Mohit,Nagpur,36,mohit3474@gmail.com
3475,Vikas,Surat,39,vikas3475@gmail.com
3476,Karan,Delhi,32,karan3476@gmail.com
3477,Rahul,Mumbai,49,rahul3477@gmail.com
3478,Vikas,Ahmedabad,60,vikas3478@gmail.com
3479,Riya,Surat,53,riya3479@gmail.com
3480,Vikas,Jaipur,45,vikas3480@gmail.com
3481,Kriti,Jaipur,43,kriti3481@gmail.com
3482,Vikas,Pune,51,vikas3482@gmail.com
3483,Pooja,Ahmedabad,30,pooja3483@gmail.com
3484,Meera,Indore,24,meera3484@gmail.com
3485,Karan,Jaipur,55,karan3485@gmail.com
3486,Rahul,Ahmedabad,47,rahul3486@gmail.com
3487,Riya,Rajkot,26,riya3487@gmail.com
3488,Arjun,Nagpur,36,arjun3488@gmail.com
3489,Karan,Delhi,31,karan3489@gmail.com
3490,Mohit,Surat,41,mohit3490@gmail.com
3491,Harsh,Pune,27,harsh3491@gmail.com
3492,Vikas,Indore,28,vikas3492@gmail.com
3493,Rahul,Pune,40,rahul3493@gmail.com
3494,Kriti,Mumbai,21,kriti3494@gmail.com
3495,Priya,Vadodara,59,priya3495@gmail.com
3496,Rohit,Rajkot,45,rohit3496@gmail.com
3497,Karan,Indore,33,karan3497@gmail.com
3498,Rahul,Pune,33,rahul3498@gmail.com
3499,Vikas,Nagpur,37,vikas3499@gmail.com
3500,Kavya,Mumbai,59,kavya3500@gmail.com
3500,Kavya,Mumbai,59,kavya3500@gmail.com
3501,Vikas,Pune,47,vikas3501@gmail.com
3502,Vikas,Ahmedabad,58,vikas3502@gmail.com
3503,Arjun,Jaipur,18,arjun3503@gmail.com
3504,Priya,Pune,23,priya3504@gmail.com
3505,Priya,Nagpur,59,priya3505@gmail.com
3506,Yash,Delhi,19,yash3506@gmail.com
3507,Harsh,Rajkot,54,harsh3507@gmail.com
3508,Kriti,Ahmedabad,24,kriti3508@gmail.com
3509,Harsh,Mumbai,42,harsh3509@gmail.com
3510,Kriti,Indore,37,kriti3510@gmail.com
3511,Harsh,Mumbai,24,harsh3511@gmail.com
3512,Rohit,Pune,52,rohit3512@gmail.com
3513,Riya,Indore,19,riya3513@gmail.com
3514,Vikas,Vadodara,52,vikas3514@gmail.com
3515,Yash,Nagpur,22,yash3515@gmail.com
3516,Yash,Rajkot,52,yash3516@gmail.com
3517,Priya,Delhi,60,priya3517@gmail.com
3518,Priya,Mumbai,56,priya3518@gmail.com
3519,Riya,Surat,53,riya3519@gmail.com
3520,Arjun,Jaipur,25,arjun3520@gmail.com
3521,Rahul,Mumbai,54,rahul3521@gmail.com
3522,Mohit,Mumbai,23,mohit3522@gmail.com
3523,Meera,Ahmedabad,20,meera3523@gmail.com
3524,Neha,Pune,50,neha3524@gmail.com
3525,Pooja,Jaipur,52,pooja3525@gmail.com
3526,Riya,Indore,60,riya3526@gmail.com
3527,Aditya,Delhi,37,aditya3527@gmail.com
3528,Rahul,Vadodara,36,rahul3528@gmail.com
3529,Meera,Nagpur,26,meera3529@gmail.com
3530,Harsh,Nagpur,38,harsh3530@gmail.com
3531,Yash,Jaipur,56,yash3531@gmail.com
3532,Meera,Vadodara,31,meera3532@gmail.com
3533,Priya,Surat,33,priya3533@gmail.com
3534,Rahul,Delhi,27,rahul3534@gmail.com
3535,Pooja,Delhi,26,pooja3535@gmail.com
3536,Kavya,Vadodara,31,kavya3536@gmail.com
3537,Harsh,Jaipur,35,harsh3537@gmail.com
3538,Karan,Rajkot,45,karan3538@gmail.com
3539,Neha,Vadodara,34,neha3539@gmail.com
3540,Aman,Indore,59,aman3540@gmail.com
3541,Riya,Indore,47,riya3541@gmail.com
3542,Neha,Ahmedabad,45,neha3542@gmail.com
3543,Karan,Vadodara,31,karan3543@gmail.com
3544,Neha,Ahmedabad,58,neha3544@gmail.com
3545,Mohit,Jaipur,54,mohit3545@gmail.com
3546,Yash,Rajkot,28,yash3546@gmail.com
3547,Nisha,Mumbai,38,nisha3547@gmail.com
3548,Nisha,Indore,19,nisha3548@gmail.com
3549,Kavya,Delhi,22,kavya3549@gmail.com
3550,Aman,Pune,52,aman3550@gmail.com
3551,Priya,Vadodara,44,priya3551@gmail.com
3552,Neha,Jaipur,58,neha3552@gmail.com
3553,Neha,Jaipur,39,neha3553@gmail.com
3554,Aman,Mumbai,32,aman3554@gmail.com
3555,Aman,Surat,24,aman3555@gmail.com
3556,Vikas,Delhi,42,vikas3556@gmail.com
3557,Priya,Pune,29,priya3557@gmail.com
3558,Yash,Ahmedabad,55,yash3558@gmail.com
3559,Kriti,Pune,51,kriti3559@gmail.com
3560,Anjali,Rajkot,36,anjali3560@gmail.com
3561,Meera,Ahmedabad,56,meera3561@gmail.com
3562,Priya,Surat,28,priya3562@gmail.com
3563,Rohit,Indore,29,rohit3563@gmail.com
3564,Anjali,Vadodara,53,anjali3564@gmail.com
3565,Kavya,Indore,48,kavya3565@gmail.com
3566,Harsh,Mumbai,34,harsh3566@gmail.com
3567,Aditya,Vadodara,27,aditya3567@gmail.com
3568,Karan,Mumbai,42,karan3568@gmail.com
3569,Harsh,Ahmedabad,21,harsh3569@gmail.com
3570,Anjali,Delhi,56,anjali3570@gmail.com
3571,Nisha,Nagpur,29,nisha3571@gmail.com
3572,Arjun,Jaipur,47,arjun3572@gmail.com
3573,Yash,Ahmedabad,35,yash3573@gmail.com
3574,Nisha,Vadodara,32,nisha3574@gmail.com
3575,Pooja,Pune,37,pooja3575@gmail.com
3576,Nisha,Jaipur,23,nisha3576@gmail.com
3577,Neha,Pune,33,neha3577@gmail.com
3578,Neha,Mumbai,54,neha3578@gmail.com
3579,Rahul,Pune,36,rahul3579@gmail.com
3580,Meera,Nagpur,18,meera3580@gmail.com
3581,Nisha,Vadodara,26,nisha3581@gmail.com
3582,Kriti,Nagpur,50,kriti3582@gmail.com
3583,Meera,Pune,43,meera3583@gmail.com
3584,Aditya,Rajkot,30,aditya3584@gmail.com
3585,Aditya,Indore,52,aditya3585@gmail.com
3586,Anjali,Delhi,60,anjali3586@gmail.com
3587,Yash,Rajkot,20,yash3587@gmail.com
3588,Kavya,Nagpur,28,kavya3588@gmail.com
3589,Yash,Delhi,29,yash3589@gmail.com
3590,Neha,Jaipur,26,neha3590@gmail.com
3591,Yash,Jaipur,21,yash3591@gmail.com
3592,Nisha,Nagpur,42,nisha3592@gmail.com
3593,Riya,Jaipur,25,riya3593@gmail.com
3594,Rohit,Delhi,52,rohit3594@gmail.com
3595,Priya,Ahmedabad,37,priya3595@gmail.com
3596,Kriti,Ahmedabad,34,kriti3596@gmail.com
3597,Mohit,Surat,58,mohit3597@gmail.com
3598,Harsh,Indore,31,harsh3598@gmail.com
3599,Pooja,Vadodara,20,pooja3599@gmail.com
3600,Arjun,Rajkot,49,arjun3600@gmail.com
3601,Rahul,Jaipur,18,rahul3601@gmail.com
3602,Kavya,Nagpur,39,kavya3602@gmail.com
3603,Pooja,Jaipur,24,pooja3603@gmail.com
3604,Aditya,Jaipur,29,aditya3604@gmail.com
3605,Vikas,Jaipur,18,vikas3605@gmail.com
3606,Priya,Indore,49,priya3606@gmail.com
3607,Mohit,Pune,51,mohit3607@gmail.com
3608,Yash,Mumbai,44,yash3608@gmail.com
3609,Priya,Nagpur,18,priya3609@gmail.com
3610,Karan,Ahmedabad,32,karan3610@gmail.com
3611,Kriti,Indore,41,kriti3611@gmail.com
3612,Pooja,Jaipur,45,pooja3612@gmail.com
3613,Riya,Vadodara,35,riya3613@gmail.com
3614,Priya,Nagpur,60,priya3614@gmail.com
3615,Arjun,Mumbai,26,arjun3615@gmail.com
3616,Anjali,Indore,18,anjali3616@gmail.com
3617,Anjali,Delhi,25,anjali3617@gmail.com
3618,Mohit,Ahmedabad,20,mohit3618@gmail.com
3619,Karan,Indore,44,karan3619@gmail.com
3620,Rohit,Surat,28,rohit3620@gmail.com
3621,Mohit,Nagpur,60,mohit3621@gmail.com
3622,Aman,Pune,44,aman3622@gmail.com
3623,Kriti,Vadodara,49,kriti3623@gmail.com
3624,Karan,Jaipur,43,karan3624@gmail.com
3625,Yash,Indore,26,yash3625@gmail.com
3626,Priya,Pune,19,priya3626@gmail.com
3627,Karan,Mumbai,40,karan3627@gmail.com
3628,Yash,Surat,33,yash3628@gmail.com
3629,Rahul,Jaipur,45,rahul3629@gmail.com
3630,Kavya,Surat,45,kavya3630@gmail.com
3631,Kriti,Ahmedabad,36,kriti3631@gmail.com
3632,Kriti,Pune,45,kriti3632@gmail.com
3633,Sneha,Rajkot,27,sneha3633@gmail.com
3634,Yash,Mumbai,33,yash3634@gmail.com
3635,Aman,Pune,34,aman3635@gmail.com
3636,Sneha,Indore,30,sneha3636@gmail.com
3637,Kriti,Pune,50,kriti3637@gmail.com
3638,Kavya,Mumbai,30,kavya3638@gmail.com
3639,Harsh,Mumbai,32,harsh3639@gmail.com
3640,Priya,Mumbai,43,priya3640@gmail.com
3641,Rahul,Ahmedabad,30,rahul3641@gmail.com
3642,Karan,Indore,19,karan3642@gmail.com
3643,Kavya,Delhi,23,kavya3643@gmail.com
3644,Rahul,Indore,44,rahul3644@gmail.com
3645,Yash,Ahmedabad,58,yash3645@gmail.com
3646,Sneha,Delhi,39,sneha3646@gmail.com
3647,Nisha,Nagpur,21,nisha3647@gmail.com
3648,Yash,Indore,59,yash3648@gmail.com
3649,Rahul,Ahmedabad,25,rahul3649@gmail.com
3650,Aman,Jaipur,35,aman3650@gmail.com
3651,Anjali,Indore,33,anjali3651@gmail.com
3652,Rohit,Surat,29,rohit3652@gmail.com
3653,Rahul,Surat,21,rahul3653@gmail.com
3654,Rohit,Delhi,36,rohit3654@gmail.com
3655,Kriti,Ahmedabad,56,kriti3655@gmail.com
3656,Priya,Indore,29,priya3656@gmail.com
3657,Aman,Nagpur,41,aman3657@gmail.com
3658,Rohit,Ahmedabad,25,rohit3658@gmail.com
3659,Priya,Surat,53,priya3659@gmail.com
3660,Karan,Jaipur,41,karan3660@gmail.com
3661,Anjali,Rajkot,51,anjali3661@gmail.com
3662,Kavya,Jaipur,33,kavya3662@gmail.com
3663,Aman,Delhi,55,aman3663@gmail.com
3664,Vikas,Pune,24,vikas3664@gmail.com
3665,Karan,Rajkot,25,karan3665@gmail.com
3666,Rahul,Rajkot,59,rahul3666@gmail.com
3667,Mohit,Delhi,46,mohit3667@gmail.com
3668,Priya,Pune,52,priya3668@gmail.com
3669,Kavya,Jaipur,37,kavya3669@gmail.com
3670,Kriti,Delhi,52,kriti3670@gmail.com
3671,Karan,Surat,26,karan3671@gmail.com
3672,Mohit,Indore,53,mohit3672@gmail.com
3673,Aman,Vadodara,40,aman3673@gmail.com
3674,Anjali,Nagpur,58,anjali3674@gmail.com
3675,Priya,Indore,22,priya3675@gmail.com
3676,Kriti,Indore,51,kriti3676@gmail.com
3677,Yash,Surat,28,yash3677@gmail.com
3678,Kavya,Ahmedabad,26,kavya3678@gmail.com
3679,Pooja,Surat,54,pooja3679@gmail.com
3680,Rahul,Delhi,43,rahul3680@gmail.com
3681,Kriti,Vadodara,50,kriti3681@gmail.com
3682,Neha,Mumbai,46,neha3682@gmail.com
3683,Yash,Indore,53,yash3683@gmail.com
3684,Vikas,Indore,56,vikas3684@gmail.com
3685,Aman,Delhi,29,aman3685@gmail.com
3686,Aditya,Mumbai,54,aditya3686@gmail.com
3687,Mohit,Rajkot,18,mohit3687@gmail.com
3688,Yash,Nagpur,50,yash3688@gmail.com
3689,Yash,Ahmedabad,37,yash3689@gmail.com
3690,Sneha,Ahmedabad,35,sneha3690@gmail.com
3691,Meera,Pune,28,meera3691@gmail.com
3692,Sneha,Surat,52,sneha3692@gmail.com
3693,Sneha,Ahmedabad,20,sneha3693@gmail.com
3694,Karan,Ahmedabad,26,karan3694@gmail.com
3695,Aman,Surat,59,aman3695@gmail.com
3696,Sneha,Delhi,52,sneha3696@gmail.com
3697,Priya,Surat,59,priya3697@gmail.com
3698,Anjali,Rajkot,41,anjali3698@gmail.com
3699,Rohit,Pune,53,rohit3699@gmail.com
3700,Aman,Mumbai,44,aman3700@gmail.com
3701,Kavya,Ahmedabad,38,kavya3701@gmail.com
3702,Rahul,Surat,40,rahul3702@gmail.com
3703,Sneha,Ahmedabad,29,sneha3703@gmail.com
3704,Aman,Surat,52,aman3704@gmail.com
3705,Harsh,Pune,42,harsh3705@gmail.com
3706,Aman,Rajkot,53,aman3706@gmail.com
3707,Mohit,Nagpur,32,mohit3707@gmail.com
3708,Rohit,Ahmedabad,31,rohit3708@gmail.com
3709,Harsh,Indore,27,harsh3709@gmail.com
3710,Arjun,Delhi,45,arjun3710@gmail.com
3711,Anjali,Mumbai,48,anjali3711@gmail.com
3712,Neha,Nagpur,29,neha3712@gmail.com
3713,Arjun,Mumbai,29,arjun3713@gmail.com
3714,Mohit,Rajkot,49,mohit3714@gmail.com
3715,Riya,Ahmedabad,19,riya3715@gmail.com
3716,Pooja,Mumbai,29,pooja3716@gmail.com
3717,Vikas,Rajkot,30,vikas3717@gmail.com
3718,Neha,Mumbai,22,neha3718@gmail.com
3719,Nisha,Delhi,47,nisha3719@gmail.com
3720,Vikas,Pune,51,vikas3720@gmail.com
3721,Karan,Surat,56,karan3721@gmail.com
3722,Priya,Indore,42,priya3722@gmail.com
3723,Aditya,Pune,18,aditya3723@gmail.com
3724,Rahul,Mumbai,33,rahul3724@gmail.com
3725,Neha,Ahmedabad,27,neha3725@gmail.com
3726,Kavya,Surat,18,kavya3726@gmail.com
3727,Priya,Vadodara,39,priya3727@gmail.com
3728,Neha,Delhi,26,neha3728@gmail.com
3729,Kriti,Rajkot,46,kriti3729@gmail.com
3730,Riya,Ahmedabad,39,riya3730@gmail.com
3731,Kriti,Mumbai,33,kriti3731@gmail.com
3732,Rahul,Vadodara,35,rahul3732@gmail.com
3733,Meera,Pune,19,meera3733@gmail.com
3734,Rahul,Pune,52,rahul3734@gmail.com
3735,Pooja,Pune,50,pooja3735@gmail.com
3736,Nisha,Mumbai,18,nisha3736@gmail.com
3737,Sneha,Surat,32,sneha3737@gmail.com
3738,Nisha,Indore,27,nisha3738@gmail.com
3739,Anjali,Ahmedabad,32,anjali3739@gmail.com
3740,Vikas,Pune,49,vikas3740@gmail.com
3741,Riya,Pune,32,riya3741@gmail.com
3742,Priya,Ahmedabad,40,priya3742@gmail.com
3743,Neha,Rajkot,39,neha3743@gmail.com
3744,Priya,Jaipur,23,priya3744@gmail.com
3745,Rahul,Rajkot,27,rahul3745@gmail.com
3746,Riya,Indore,51,riya3746@gmail.com
3747,Rohit,Rajkot,29,rohit3747@gmail.com
3748,Nisha,Mumbai,60,nisha3748@gmail.com
3749,Pooja,Rajkot,36,pooja3749@gmail.com
3750,Anjali,Pune,35,anjali3750@gmail.com
3751,Kriti,Jaipur,34,kriti3751@gmail.com
3752,Neha,Surat,27,neha3752@gmail.com
3753,Karan,Jaipur,27,karan3753@gmail.com
3754,Vikas,Nagpur,48,vikas3754@gmail.com
3755,Neha,Pune,54,neha3755@gmail.com
3756,Nisha,Ahmedabad,27,nisha3756@gmail.com
3757,Neha,Jaipur,26,neha3757@gmail.com
3758,Riya,Indore,40,riya3758@gmail.com
3759,Rohit,Nagpur,45,rohit3759@gmail.com
3760,Kriti,Indore,56,kriti3760@gmail.com
3761,Rohit,Mumbai,59,rohit3761@gmail.com
3762,Sneha,Indore,44,sneha3762@gmail.com
3763,Meera,Nagpur,52,meera3763@gmail.com
3764,Meera,Nagpur,52,meera3764@gmail.com
3765,Meera,Delhi,42,meera3765@gmail.com
3766,Neha,Rajkot,44,neha3766@gmail.com
3767,Yash,Rajkot,32,yash3767@gmail.com
3768,Neha,Delhi,41,neha3768@gmail.com
3769,Aditya,Delhi,19,aditya3769@gmail.com
3770,Anjali,Vadodara,48,anjali3770@gmail.com
3771,Karan,Pune,21,karan3771@gmail.com
3772,Anjali,Jaipur,26,anjali3772@gmail.com
3773,Pooja,Nagpur,27,pooja3773@gmail.com
3774,Meera,Indore,33,meera3774@gmail.com
3775,Mohit,Delhi,21,mohit3775@gmail.com
3776,Karan,Pune,27,karan3776@gmail.com
3777,Vikas,Surat,45,vikas3777@gmail.com
3778,Anjali,Surat,24,anjali3778@gmail.com
3779,Harsh,Pune,48,harsh3779@gmail.com
3780,Kavya,Mumbai,19,kavya3780@gmail.com
3781,Karan,Jaipur,27,karan3781@gmail.com
3782,Neha,Delhi,22,neha3782@gmail.com
3783,Aditya,Rajkot,44,aditya3783@gmail.com
3784,Karan,Mumbai,48,karan3784@gmail.com
3785,Karan,Vadodara,37,karan3785@gmail.com
3786,Kriti,Indore,39,kriti3786@gmail.com
3787,Arjun,Surat,36,arjun3787@gmail.com
3788,Priya,Mumbai,21,priya3788@gmail.com
3789,Rahul,Rajkot,29,rahul3789@gmail.com
3790,Yash,Mumbai,18,yash3790@gmail.com
3791,Vikas,Indore,47,vikas3791@gmail.com
3792,Meera,Ahmedabad,54,meera3792@gmail.com
3793,Yash,Ahmedabad,32,yash3793@gmail.com
3794,Nisha,Mumbai,35,nisha3794@gmail.com
3795,Neha,Vadodara,42,neha3795@gmail.com
3796,Karan,Delhi,43,karan3796@gmail.com
3797,Kavya,Surat,32,kavya3797@gmail.com
3798,Vikas,Mumbai,53,vikas3798@gmail.com
3799,Kavya,Pune,47,kavya3799@gmail.com
3800,Kriti,Jaipur,59,kriti3800@gmail.com
3801,Vikas,Indore,28,vikas3801@gmail.com
3802,Rahul,Jaipur,59,rahul3802@gmail.com
3803,Nisha,Delhi,35,nisha3803@gmail.com
3804,Priya,Pune,22,priya3804@gmail.com
3805,Anjali,Rajkot,39,anjali3805@gmail.com
3806,Aditya,Delhi,36,aditya3806@gmail.com
3807,Riya,Vadodara,24,riya3807@gmail.com
3808,Neha,Delhi,56,neha3808@gmail.com
3809,Aditya,Ahmedabad,30,aditya3809@gmail.com
3810,Meera,Delhi,58,meera3810@gmail.com
3811,Rahul,Delhi,35,rahul3811@gmail.com
3812,Neha,Rajkot,54,neha3812@gmail.com
3813,Rahul,Rajkot,48,rahul3813@gmail.com
3814,Rahul,Surat,38,rahul3814@gmail.com
3815,Neha,Ahmedabad,18,neha3815@gmail.com
3816,Anjali,Ahmedabad,43,anjali3816@gmail.com
3817,Yash,Delhi,38,yash3817@gmail.com
3818,Vikas,Jaipur,26,vikas3818@gmail.com
3819,Priya,Jaipur,44,priya3819@gmail.com
3820,Yash,Pune,50,yash3820@gmail.com
3821,Karan,Surat,55,karan3821@gmail.com
3822,Vikas,Nagpur,55,vikas3822@gmail.com
3823,Rahul,Ahmedabad,28,rahul3823@gmail.com
3824,Karan,Nagpur,23,karan3824@gmail.com
3825,Neha,Delhi,31,neha3825@gmail.com
3826,Karan,Mumbai,50,karan3826@gmail.com
3827,Yash,Rajkot,59,yash3827@gmail.com
3828,Yash,Jaipur,46,yash3828@gmail.com
3829,Karan,Jaipur,36,karan3829@gmail.com
3830,Anjali,Rajkot,45,anjali3830@gmail.com
3831,Rahul,Indore,33,rahul3831@gmail.com
3832,Mohit,Rajkot,56,mohit3832@gmail.com
3833,Neha,Mumbai,54,neha3833@gmail.com
3834,Kriti,Pune,18,kriti3834@gmail.com
3835,Karan,Ahmedabad,53,karan3835@gmail.com
3836,Neha,Nagpur,24,neha3836@gmail.com
3837,Arjun,Jaipur,28,arjun3837@gmail.com
3838,Pooja,Mumbai,22,pooja3838@gmail.com
3839,Aman,Rajkot,41,aman3839@gmail.com
3840,Anjali,Pune,22,anjali3840@gmail.com
3841,Riya,Nagpur,34,riya3841@gmail.com
3842,Kriti,Ahmedabad,46,kriti3842@gmail.com
3843,Karan,Pune,54,karan3843@gmail.com
3844,Kriti,Surat,41,kriti3844@gmail.com
3845,Pooja,Indore,44,pooja3845@gmail.com
3846,Kavya,Mumbai,46,kavya3846@gmail.com
3847,Anjali,Vadodara,57,anjali3847@gmail.com
3848,Rohit,Jaipur,23,rohit3848@gmail.com
3849,Nisha,Vadodara,46,nisha3849@gmail.com
3850,Aman,Surat,57,aman3850@gmail.com
3851,Rahul,Delhi,53,rahul3851@gmail.com
3852,Aditya,Mumbai,24,aditya3852@gmail.com
3853,Pooja,Indore,28,pooja3853@gmail.com
3854,Harsh,Indore,22,harsh3854@gmail.com
3855,Sneha,Indore,47,sneha3855@gmail.com
3856,Neha,Jaipur,47,neha3856@gmail.com
3857,Arjun,Vadodara,47,arjun3857@gmail.com
3858,Priya,Pune,29,priya3858@gmail.com
3859,Priya,Indore,45,priya3859@gmail.com
3860,Mohit,Indore,39,mohit3860@gmail.com
3861,Neha,Jaipur,39,neha3861@gmail.com
3862,Kavya,Nagpur,31,kavya3862@gmail.com
3863,Kriti,Pune,35,kriti3863@gmail.com
3864,Arjun,Surat,52,arjun3864@gmail.com
3865,Karan,Nagpur,27,karan3865@gmail.com
3866,Mohit,Jaipur,54,mohit3866@gmail.com
3867,Rahul,Rajkot,42,rahul3867@gmail.com
3868,Rahul,Jaipur,45,rahul3868@gmail.com
3869,Kriti,Delhi,21,kriti3869@gmail.com
3870,Mohit,Surat,45,mohit3870@gmail.com
3871,Aman,Ahmedabad,58,aman3871@gmail.com
3872,Riya,Pune,27,riya3872@gmail.com
3873,Neha,Ahmedabad,43,neha3873@gmail.com
3874,Neha,Ahmedabad,46,neha3874@gmail.com
3875,Nisha,Vadodara,31,nisha3875@gmail.com
3876,Aman,Mumbai,21,aman3876@gmail.com
3877,Neha,Indore,39,neha3877@gmail.com
3878,Pooja,Mumbai,30,pooja3878@gmail.com
3879,Anjali,Indore,48,anjali3879@gmail.com
3880,Kriti,Vadodara,28,kriti3880@gmail.com
3881,Nisha,Jaipur,54,nisha3881@gmail.com
3882,Vikas,Surat,53,vikas3882@gmail.com
3883,Kavya,Delhi,22,kavya3883@gmail.com
3884,Harsh,Rajkot,27,harsh3884@gmail.com
3885,Rohit,Jaipur,18,rohit3885@gmail.com
3886,Karan,Nagpur,27,karan3886@gmail.com
3887,Kriti,Jaipur,25,kriti3887@gmail.com
3888,Nisha,Ahmedabad,51,nisha3888@gmail.com
3889,Aditya,Nagpur,26,aditya3889@gmail.com
3890,Arjun,Rajkot,24,arjun3890@gmail.com
3891,Rahul,Delhi,30,rahul3891@gmail.com
3892,Nisha,Vadodara,28,nisha3892@gmail.com
3893,Kavya,Indore,31,kavya3893@gmail.com
3894,Anjali,Delhi,30,anjali3894@gmail.com
3895,Harsh,Surat,41,harsh3895@gmail.com
3896,Anjali,Surat,37,anjali3896@gmail.com
3897,Pooja,Vadodara,25,pooja3897@gmail.com
3898,Kriti,Nagpur,44,kriti3898@gmail.com
3899,Nisha,Jaipur,40,nisha3899@gmail.com
3900,Meera,Indore,51,meera3900@gmail.com
3901,Rohit,Pune,29,rohit3901@gmail.com
3902,Arjun,Indore,41,arjun3902@gmail.com
3903,Riya,Vadodara,56,riya3903@gmail.com
3904,Riya,Vadodara,45,riya3904@gmail.com
3905,Vikas,Ahmedabad,60,vikas3905@gmail.com
3906,Nisha,Ahmedabad,57,nisha3906@gmail.com
3907,Priya,Pune,24,priya3907@gmail.com
3908,Neha,Surat,57,neha3908@gmail.com
3909,Nisha,Pune,49,nisha3909@gmail.com
3910,Kavya,Vadodara,24,kavya3910@gmail.com
3911,Arjun,Vadodara,55,arjun3911@gmail.com
3912,Rahul,Ahmedabad,44,rahul3912@gmail.com
3913,Mohit,Delhi,47,mohit3913@gmail.com
3914,Meera,Indore,25,meera3914@gmail.com
3915,Mohit,Nagpur,25,mohit3915@gmail.com
3916,Anjali,Nagpur,44,anjali3916@gmail.com
3917,Vikas,Surat,41,vikas3917@gmail.com
3918,Sneha,Vadodara,36,sneha3918@gmail.com
3919,Aman,Ahmedabad,37,aman3919@gmail.com
3920,Nisha,Delhi,18,nisha3920@gmail.com
3921,Nisha,Surat,18,nisha3921@gmail.com
3922,Aditya,Mumbai,41,aditya3922@gmail.com
3923,Yash,Rajkot,38,yash3923@gmail.com
3924,Rohit,Mumbai,54,rohit3924@gmail.com
3925,Nisha,Delhi,53,nisha3925@gmail.com
3926,Vikas,Delhi,57,vikas3926@gmail.com
3927,Vikas,Surat,54,vikas3927@gmail.com
3928,Nisha,Mumbai,58,nisha3928@gmail.com
3929,Vikas,Mumbai,43,vikas3929@gmail.com
3930,Rohit,Vadodara,28,rohit3930@gmail.com
3931,Nisha,Delhi,24,nisha3931@gmail.com
3932,Karan,Vadodara,25,karan3932@gmail.com
3933,Harsh,Indore,58,harsh3933@gmail.com
3934,Aman,Vadodara,28,aman3934@gmail.com
3935,Rohit,Delhi,23,rohit3935@gmail.com
3936,Neha,Surat,45,neha3936@gmail.com
3937,Aditya,Rajkot,27,aditya3937@gmail.com
3938,Aditya,Rajkot,52,aditya3938@gmail.com
3939,Neha,Rajkot,42,neha3939@gmail.com
3940,Aditya,Mumbai,47,aditya3940@gmail.com
3941,Anjali,Mumbai,33,anjali3941@gmail.com
3942,Sneha,Ahmedabad,30,sneha3942@gmail.com
3943,Meera,Delhi,42,meera3943@gmail.com
3944,Aman,Surat,35,aman3944@gmail.com
3945,Neha,Mumbai,58,neha3945@gmail.com
3946,Aditya,Rajkot,24,aditya3946@gmail.com
3947,Priya,Nagpur,56,priya3947@gmail.com
3948,Priya,Pune,27,priya3948@gmail.com
3949,Pooja,Ahmedabad,29,pooja3949@gmail.com
3950,Neha,Pune,49,neha3950@gmail.com
3951,Anjali,Delhi,43,anjali3951@gmail.com
3952,Priya,Nagpur,19,priya3952@gmail.com
3953,Nisha,Pune,49,nisha3953@gmail.com
3954,Neha,Delhi,44,neha3954@gmail.com
3955,Vikas,Jaipur,58,vikas3955@gmail.com
3956,Arjun,Mumbai,29,arjun3956@gmail.com
3957,Pooja,Surat,29,pooja3957@gmail.com
3958,Harsh,Rajkot,20,harsh3958@gmail.com
3959,Priya,Jaipur,40,priya3959@gmail.com
3960,Kriti,Rajkot,56,kriti3960@gmail.com
3961,Meera,Surat,28,meera3961@gmail.com
3962,Yash,Ahmedabad,25,yash3962@gmail.com
3963,Mohit,Rajkot,19,mohit3963@gmail.com
3964,Meera,Surat,51,meera3964@gmail.com
3965,Yash,Mumbai,31,yash3965@gmail.com
3966,Anjali,Pune,31,anjali3966@gmail.com
3967,Aditya,Jaipur,26,aditya3967@gmail.com
3968,Sneha,Pune,26,sneha3968@gmail.com
3969,Aman,Ahmedabad,48,aman3969@gmail.com
3970,Mohit,Pune,40,mohit3970@gmail.com
3971,Meera,Ahmedabad,47,meera3971@gmail.com
3972,Kriti,Indore,50,kriti3972@gmail.com
3973,Vikas,Delhi,34,vikas3973@gmail.com
3974,Riya,Delhi,35,riya3974@gmail.com
3975,Vikas,Pune,55,vikas3975@gmail.com
3976,Harsh,Ahmedabad,28,harsh3976@gmail.com
3977,Mohit,Nagpur,45,mohit3977@gmail.com
3978,Arjun,Indore,56,arjun3978@gmail.com
3979,Aman,Jaipur,57,aman3979@gmail.com
3980,Priya,Rajkot,42,priya3980@gmail.com
3981,Nisha,Delhi,54,nisha3981@gmail.com
3982,Anjali,Jaipur,58,anjali3982@gmail.com
3983,Neha,Nagpur,28,neha3983@gmail.com
3984,Rahul,Vadodara,34,rahul3984@gmail.com
3985,Harsh,Indore,36,harsh3985@gmail.com
3986,Kavya,Vadodara,40,kavya3986@gmail.com
3987,Vikas,Surat,25,vikas3987@gmail.com
3988,Riya,Jaipur,45,riya3988@gmail.com
3989,Riya,Jaipur,33,riya3989@gmail.com
3990,Neha,Delhi,60,neha3990@gmail.com
3991,Anjali,Jaipur,27,anjali3991@gmail.com
3992,Rohit,Pune,18,rohit3992@gmail.com
3993,Rohit,Surat,39,rohit3993@gmail.com
3994,Mohit,Nagpur,54,mohit3994@gmail.com
3995,Rohit,Delhi,53,rohit3995@gmail.com
3996,Neha,Indore,36,neha3996@gmail.com
3997,Kavya,Delhi,51,kavya3997@gmail.com
3998,Mohit,Pune,53,mohit3998@gmail.com
3999,Aman,Rajkot,60,aman3999@gmail.com
4000,,Rajkot,59,neha4000@gmail.com
4001,Nisha,Indore,38,nisha4001@gmail.com
4002,Rohit,Delhi,30,rohit4002@gmail.com
4003,Rahul,Nagpur,49,rahul4003@gmail.com
4004,Rahul,Ahmedabad,44,rahul4004@gmail.com
4005,Priya,Pune,46,priya4005@gmail.com
4006,Riya,Rajkot,38,riya4006@gmail.com
4007,Harsh,Indore,33,harsh4007@gmail.com
4008,Harsh,Surat,36,harsh4008@gmail.com
4009,Aditya,Rajkot,18,aditya4009@gmail.com
4010,Arjun,Ahmedabad,26,arjun4010@gmail.com
4011,Vikas,Surat,52,vikas4011@gmail.com
4012,Yash,Surat,39,yash4012@gmail.com
4013,Aditya,Pune,48,aditya4013@gmail.com
4014,Priya,Indore,37,priya4014@gmail.com
4015,Aman,Jaipur,40,aman4015@gmail.com
4016,Vikas,Pune,53,vikas4016@gmail.com
4017,Rohit,Nagpur,57,rohit4017@gmail.com
4018,Rahul,Indore,37,rahul4018@gmail.com
4019,Arjun,Nagpur,59,arjun4019@gmail.com
4020,Priya,Jaipur,57,priya4020@gmail.com
4021,Priya,Surat,32,priya4021@gmail.com
4022,Rahul,Surat,26,rahul4022@gmail.com
4023,Priya,Jaipur,45,priya4023@gmail.com
4024,Sneha,Mumbai,23,sneha4024@gmail.com
4025,Mohit,Jaipur,52,mohit4025@gmail.com
4026,Aditya,Surat,34,aditya4026@gmail.com
4027,Rahul,Pune,21,rahul4027@gmail.com
4028,Pooja,Pune,34,pooja4028@gmail.com
4029,Rohit,Rajkot,42,rohit4029@gmail.com
4030,Aman,Mumbai,26,aman4030@gmail.com
4031,Harsh,Nagpur,25,harsh4031@gmail.com
4032,Karan,Jaipur,27,karan4032@gmail.com
4033,Harsh,Indore,58,harsh4033@gmail.com
4034,Arjun,Pune,51,arjun4034@gmail.com
4035,Yash,Delhi,54,yash4035@gmail.com
4036,Kriti,Nagpur,35,kriti4036@gmail.com
4037,Rohit,Nagpur,32,rohit4037@gmail.com
4038,Neha,Ahmedabad,36,neha4038@gmail.com
4039,Neha,Jaipur,53,neha4039@gmail.com
4040,Sneha,Delhi,22,sneha4040@gmail.com
4041,Neha,Nagpur,21,neha4041@gmail.com
4042,Mohit,Surat,60,mohit4042@gmail.com
4043,Mohit,Nagpur,42,mohit4043@gmail.com
4044,Mohit,Nagpur,24,mohit4044@gmail.com
4045,Rohit,Delhi,55,rohit4045@gmail.com
4046,Yash,Vadodara,38,yash4046@gmail.com
4047,Pooja,Nagpur,59,pooja4047@gmail.com
4048,Karan,Vadodara,24,karan4048@gmail.com
4049,Karan,Delhi,41,karan4049@gmail.com
4050,Vikas,Nagpur,57,vikas4050@gmail.com
4051,Yash,Delhi,43,yash4051@gmail.com
4052,Mohit,Pune,35,mohit4052@gmail.com
4053,Nisha,Mumbai,37,nisha4053@gmail.com
4054,Harsh,Pune,27,harsh4054@gmail.com
4055,Arjun,Pune,25,arjun4055@gmail.com
4056,Sneha,Surat,47,sneha4056@gmail.com
4057,Riya,Ahmedabad,19,riya4057@gmail.com
4058,Kriti,Vadodara,46,kriti4058@gmail.com
4059,Anjali,Ahmedabad,25,anjali4059@gmail.com
4060,Meera,Pune,40,meera4060@gmail.com
4061,Nisha,Delhi,27,nisha4061@gmail.com
4062,Vikas,Vadodara,45,vikas4062@gmail.com
4063,Yash,Jaipur,21,yash4063@gmail.com
4064,Arjun,Ahmedabad,41,arjun4064@gmail.com
4065,Priya,Surat,59,priya4065@gmail.com
4066,Vikas,Indore,30,vikas4066@gmail.com
4067,Pooja,Delhi,43,pooja4067@gmail.com
4068,Riya,Rajkot,35,riya4068@gmail.com
4069,Yash,Rajkot,49,yash4069@gmail.com
4070,Yash,Indore,24,yash4070@gmail.com
4071,Rahul,Delhi,25,rahul4071@gmail.com
4072,Sneha,Pune,21,sneha4072@gmail.com
4073,Rahul,Rajkot,35,rahul4073@gmail.com
4074,Sneha,Pune,52,sneha4074@gmail.com
4075,Priya,Ahmedabad,32,priya4075@gmail.com
4076,Kavya,Indore,43,kavya4076@gmail.com
4077,Vikas,Pune,32,vikas4077@gmail.com
4078,Aman,Nagpur,31,aman4078@gmail.com
4079,Riya,Delhi,40,riya4079@gmail.com
4080,Pooja,Rajkot,36,pooja4080@gmail.com
4081,Aditya,Pune,29,aditya4081@gmail.com
4082,Yash,Rajkot,48,yash4082@gmail.com
4083,Pooja,Delhi,28,pooja4083@gmail.com
4084,Rohit,Pune,28,rohit4084@gmail.com
4085,Riya,Jaipur,47,riya4085@gmail.com
4086,Karan,Surat,60,karan4086@gmail.com
4087,Kriti,Indore,39,kriti4087@gmail.com
4088,Aditya,Mumbai,34,aditya4088@gmail.com
4089,Neha,Mumbai,18,neha4089@gmail.com
4090,Kavya,Jaipur,48,kavya4090@gmail.com
4091,Harsh,Surat,49,harsh4091@gmail.com
4092,Sneha,Nagpur,25,sneha4092@gmail.com
4093,Rahul,Surat,54,rahul4093@gmail.com
4094,Pooja,Delhi,51,pooja4094@gmail.com
4095,Yash,Mumbai,27,yash4095@gmail.com
4096,Priya,Pune,37,priya4096@gmail.com
4097,Rohit,Nagpur,49,rohit4097@gmail.com
4098,Anjali,Vadodara,34,anjali4098@gmail.com
4099,Kriti,Ahmedabad,41,kriti4099@gmail.com
4100,Arjun,Surat,40,arjun4100@gmail.com
4101,Pooja,Jaipur,51,pooja4101@gmail.com
4102,Kavya,Nagpur,25,kavya4102@gmail.com
4103,Aman,Vadodara,58,aman4103@gmail.com
4104,Aditya,Mumbai,44,aditya4104@gmail.com
4105,Sneha,Mumbai,40,sneha4105@gmail.com
4106,Kriti,Surat,33,kriti4106@gmail.com
4107,Harsh,Indore,41,harsh4107@gmail.com
4108,Mohit,Pune,30,mohit4108@gmail.com
4109,Vikas,Pune,35,vikas4109@gmail.com
4110,Meera,Nagpur,51,meera4110@gmail.com
4111,Riya,Ahmedabad,40,riya4111@gmail.com
4112,Rohit,Indore,55,rohit4112@gmail.com
4113,Nisha,Ahmedabad,37,nisha4113@gmail.com
4114,Mohit,Surat,55,mohit4114@gmail.com
4115,Yash,Jaipur,57,yash4115@gmail.com
4116,Priya,Indore,47,priya4116@gmail.com
4117,Harsh,Jaipur,36,harsh4117@gmail.com
4118,Priya,Surat,49,priya4118@gmail.com
4119,Karan,Nagpur,27,karan4119@gmail.com
4120,Yash,Ahmedabad,57,yash4120@gmail.com
4121,Meera,Mumbai,37,meera4121@gmail.com
4122,Kriti,Ahmedabad,22,kriti4122@gmail.com
4123,Pooja,Surat,47,pooja4123@gmail.com
4124,Rahul,Delhi,36,rahul4124@gmail.com
4125,Harsh,Pune,21,harsh4125@gmail.com
4126,Kriti,Ahmedabad,18,kriti4126@gmail.com
4127,Nisha,Jaipur,60,nisha4127@gmail.com
4128,Aditya,Surat,34,aditya4128@gmail.com
4129,Karan,Jaipur,36,karan4129@gmail.com
4130,Yash,Vadodara,27,yash4130@gmail.com
4131,Neha,Ahmedabad,27,neha4131@gmail.com
4132,Mohit,Indore,55,mohit4132@gmail.com
4133,Neha,Ahmedabad,32,neha4133@gmail.com
4134,Rahul,Nagpur,40,rahul4134@gmail.com
4135,Sneha,Indore,45,sneha4135@gmail.com
4136,Vikas,Pune,34,vikas4136@gmail.com
4137,Pooja,Rajkot,37,pooja4137@gmail.com
4138,Riya,Rajkot,45,riya4138@gmail.com
4139,Rohit,Rajkot,26,rohit4139@gmail.com
4140,Mohit,Ahmedabad,26,mohit4140@gmail.com
4141,Nisha,Vadodara,30,nisha4141@gmail.com
4142,Pooja,Ahmedabad,23,pooja4142@gmail.com
4143,Pooja,Rajkot,58,pooja4143@gmail.com
4144,Arjun,Vadodara,29,arjun4144@gmail.com
4145,Vikas,Indore,24,vikas4145@gmail.com
4146,Karan,Vadodara,46,karan4146@gmail.com
4147,Rohit,Vadodara,40,rohit4147@gmail.com
4148,Arjun,Jaipur,45,arjun4148@gmail.com
4149,Arjun,Indore,44,arjun4149@gmail.com
4150,Arjun,Surat,53,arjun4150@gmail.com
4151,Aditya,Indore,23,aditya4151@gmail.com
4152,Karan,Rajkot,37,karan4152@gmail.com
4153,Sneha,Rajkot,50,sneha4153@gmail.com
4154,Anjali,Mumbai,57,anjali4154@gmail.com
4155,Meera,Rajkot,36,meera4155@gmail.com
4156,Rahul,Indore,26,rahul4156@gmail.com
4157,Vikas,Surat,47,vikas4157@gmail.com
4158,Yash,Nagpur,21,yash4158@gmail.com
4159,Neha,Surat,35,neha4159@gmail.com
4160,Priya,Jaipur,56,priya4160@gmail.com
4161,Priya,Ahmedabad,54,priya4161@gmail.com
4162,Kriti,Jaipur,21,kriti4162@gmail.com
4163,Priya,Rajkot,50,priya4163@gmail.com
4164,Rahul,Delhi,51,rahul4164@gmail.com
4165,Karan,Vadodara,49,karan4165@gmail.com
4166,Karan,Delhi,58,karan4166@gmail.com
4167,Karan,Ahmedabad,58,karan4167@gmail.com
4168,Pooja,Surat,49,pooja4168@gmail.com
4169,Kavya,Delhi,25,kavya4169@gmail.com
4170,Neha,Surat,27,neha4170@gmail.com
4171,Kavya,Pune,51,kavya4171@gmail.com
4172,Priya,Delhi,31,priya4172@gmail.com
4173,Priya,Nagpur,19,priya4173@gmail.com
4174,Yash,Nagpur,43,yash4174@gmail.com
4175,Rahul,Pune,37,rahul4175@gmail.com
4176,Vikas,Nagpur,29,vikas4176@gmail.com
4177,Sneha,Vadodara,34,sneha4177@gmail.com
4178,Kavya,Nagpur,60,kavya4178@gmail.com
4179,Kavya,Pune,45,kavya4179@gmail.com
4180,Karan,Surat,29,karan4180@gmail.com
4181,Karan,Delhi,28,karan4181@gmail.com
4182,Yash,Vadodara,30,yash4182@gmail.com
4183,Kriti,Nagpur,36,kriti4183@gmail.com
4184,Pooja,Pune,55,pooja4184@gmail.com
4185,Kriti,Jaipur,60,kriti4185@gmail.com
4186,Aman,Indore,42,aman4186@gmail.com
4187,Priya,Nagpur,44,priya4187@gmail.com
4188,Nisha,Mumbai,19,nisha4188@gmail.com
4189,Pooja,Nagpur,25,pooja4189@gmail.com
4190,Harsh,Indore,18,harsh4190@gmail.com
4191,Harsh,Ahmedabad,20,harsh4191@gmail.com
4192,Kavya,Nagpur,20,kavya4192@gmail.com
4193,Anjali,Mumbai,47,anjali4193@gmail.com
4194,Arjun,Ahmedabad,18,arjun4194@gmail.com
4195,Riya,Jaipur,50,riya4195@gmail.com
4196,Yash,Delhi,40,yash4196@gmail.com
4197,Yash,Indore,50,yash4197@gmail.com
4198,Neha,Mumbai,59,neha4198@gmail.com
4199,Karan,Jaipur,59,karan4199@gmail.com
4200,Harsh,Jaipur,47,harsh4200@gmail.com
4200,Harsh,Jaipur,47,harsh4200@gmail.com
4201,Karan,Ahmedabad,60,karan4201@gmail.com
4202,Pooja,Indore,22,pooja4202@gmail.com
4203,Kriti,Indore,48,kriti4203@gmail.com
4204,Kavya,Mumbai,54,kavya4204@gmail.com
4205,Yash,Vadodara,34,yash4205@gmail.com
4206,Karan,Jaipur,55,karan4206@gmail.com
4207,Harsh,Jaipur,55,harsh4207@gmail.com
4208,Kavya,Indore,22,kavya4208@gmail.com
4209,Rahul,Surat,28,rahul4209@gmail.com
4210,Sneha,Pune,60,sneha4210@gmail.com
4211,Priya,Nagpur,48,priya4211@gmail.com
4212,Rohit,Delhi,33,rohit4212@gmail.com
4213,Priya,Mumbai,42,priya4213@gmail.com
4214,Nisha,Pune,21,nisha4214@gmail.com
4215,Kavya,Ahmedabad,25,kavya4215@gmail.com
4216,Rahul,Pune,46,rahul4216@gmail.com
4217,Anjali,Rajkot,58,anjali4217@gmail.com
4218,Aditya,Mumbai,38,aditya4218@gmail.com
4219,Priya,Nagpur,42,priya4219@gmail.com
4220,Karan,Rajkot,53,karan4220@gmail.com
4221,Mohit,Delhi,34,mohit4221@gmail.com
4222,Kriti,Nagpur,36,kriti4222@gmail.com
4223,Sneha,Delhi,28,sneha4223@gmail.com
4224,Nisha,Vadodara,30,nisha4224@gmail.com
4225,Neha,Rajkot,19,neha4225@gmail.com
4226,Priya,Delhi,20,priya4226@gmail.com
4227,Karan,Surat,41,karan4227@gmail.com
4228,Nisha,Rajkot,52,nisha4228@gmail.com
4229,Neha,Jaipur,29,neha4229@gmail.com
4230,Yash,Nagpur,30,yash4230@gmail.com
4231,Mohit,Rajkot,48,mohit4231@gmail.com
4232,Yash,Jaipur,40,yash4232@gmail.com
4233,Kavya,Vadodara,26,kavya4233@gmail.com
4234,Neha,Nagpur,45,neha4234@gmail.com
4235,Vikas,Pune,54,vikas4235@gmail.com
4236,Neha,Mumbai,51,neha4236@gmail.com
4237,Pooja,Pune,25,pooja4237@gmail.com
4238,Kriti,Delhi,21,kriti4238@gmail.com
4239,Kavya,Vadodara,39,kavya4239@gmail.com
4240,Aditya,Delhi,36,aditya4240@gmail.com
4241,Aman,Indore,40,aman4241@gmail.com
4242,Neha,Mumbai,36,neha4242@gmail.com
4243,Neha,Vadodara,54,neha4243@gmail.com
4244,Sneha,Vadodara,57,sneha4244@gmail.com
4245,Yash,Ahmedabad,43,yash4245@gmail.com
4246,Kavya,Surat,52,kavya4246@gmail.com
4247,Priya,Rajkot,48,priya4247@gmail.com
4248,Aman,Surat,20,aman4248@gmail.com
4249,Rohit,Indore,34,rohit4249@gmail.com
4250,Mohit,Jaipur,21,mohit4250@gmail.com
4251,Karan,Delhi,53,karan4251@gmail.com
4252,Rohit,Surat,33,rohit4252@gmail.com
4253,Kriti,Pune,54,kriti4253@gmail.com
4254,Kavya,Surat,40,kavya4254@gmail.com
4255,Neha,Indore,56,neha4255@gmail.com
4256,Kavya,Pune,53,kavya4256@gmail.com
4257,Kriti,Mumbai,35,kriti4257@gmail.com
4258,Rahul,Pune,20,rahul4258@gmail.com
4259,Kriti,Vadodara,32,kriti4259@gmail.com
4260,Anjali,Indore,48,anjali4260@gmail.com
4261,Pooja,Delhi,19,pooja4261@gmail.com
4262,Rahul,Surat,30,rahul4262@gmail.com
4263,Meera,Rajkot,42,meera4263@gmail.com
4264,Aditya,Vadodara,48,aditya4264@gmail.com
4265,Rahul,Indore,42,rahul4265@gmail.com
4266,Karan,Indore,45,karan4266@gmail.com
4267,Meera,Mumbai,25,meera4267@gmail.com
4268,Arjun,Pune,57,arjun4268@gmail.com
4269,Anjali,Jaipur,30,anjali4269@gmail.com
4270,Rohit,Indore,21,rohit4270@gmail.com
4271,Sneha,Delhi,23,sneha4271@gmail.com
4272,Harsh,Surat,32,harsh4272@gmail.com
4273,Nisha,Vadodara,54,nisha4273@gmail.com
4274,Rahul,Surat,33,rahul4274@gmail.com
4275,Rahul,Pune,21,rahul4275@gmail.com
4276,Karan,Nagpur,29,karan4276@gmail.com
4277,Pooja,Surat,38,pooja4277@gmail.com
4278,Anjali,Rajkot,59,anjali4278@gmail.com
4279,Sneha,Ahmedabad,26,sneha4279@gmail.com
4280,Kavya,Indore,48,kavya4280@gmail.com
4281,Priya,Pune,22,priya4281@gmail.com
4282,Aman,Vadodara,31,aman4282@gmail.com
4283,Kriti,Jaipur,32,kriti4283@gmail.com
4284,Arjun,Ahmedabad,41,arjun4284@gmail.com
4285,Meera,Ahmedabad,59,meera4285@gmail.com
4286,Sneha,Vadodara,35,sneha4286@gmail.com
4287,Rohit,Vadodara,50,rohit4287@gmail.com
4288,Priya,Surat,40,priya4288@gmail.com
4289,Nisha,Rajkot,49,nisha4289@gmail.com
4290,Aman,Pune,31,aman4290@gmail.com
4291,Karan,Vadodara,32,karan4291@gmail.com
4292,Pooja,Vadodara,31,pooja4292@gmail.com
4293,Priya,Jaipur,27,priya4293@gmail.com
4294,Rahul,Delhi,46,rahul4294@gmail.com
4295,Arjun,Pune,19,arjun4295@gmail.com
4296,Kriti,Surat,35,kriti4296@gmail.com
4297,Aman,Rajkot,42,aman4297@gmail.com
4298,Pooja,Pune,21,pooja4298@gmail.com
4299,Aman,Rajkot,42,aman4299@gmail.com
4300,Kriti,Surat,42,kriti4300@gmail.com
4301,Vikas,Nagpur,20,vikas4301@gmail.com
4302,Sneha,Delhi,42,sneha4302@gmail.com
4303,Riya,Indore,52,riya4303@gmail.com
4304,Rahul,Ahmedabad,20,rahul4304@gmail.com
4305,Meera,Jaipur,19,meera4305@gmail.com
4306,Kavya,Jaipur,34,kavya4306@gmail.com
4307,Harsh,Delhi,19,harsh4307@gmail.com
4308,Rohit,Rajkot,45,rohit4308@gmail.com
4309,Nisha,Surat,24,nisha4309@gmail.com
4310,Meera,Indore,36,meera4310@gmail.com
4311,Meera,Nagpur,45,meera4311@gmail.com
4312,Harsh,Rajkot,51,harsh4312@gmail.com
4313,Aman,Mumbai,42,aman4313@gmail.com
4314,Arjun,Delhi,26,arjun4314@gmail.com
4315,Aditya,Ahmedabad,35,aditya4315@gmail.com
4316,Neha,Delhi,52,neha4316@gmail.com
4317,Pooja,Jaipur,54,pooja4317@gmail.com
4318,Vikas,Surat,57,vikas4318@gmail.com
4319,Aman,Jaipur,35,aman4319@gmail.com
4320,Aman,Rajkot,18,aman4320@gmail.com
4321,Priya,Ahmedabad,54,priya4321@gmail.com
4322,Rohit,Ahmedabad,29,rohit4322@gmail.com
4323,Arjun,Nagpur,19,arjun4323@gmail.com
4324,Arjun,Surat,47,arjun4324@gmail.com
4325,Rahul,Jaipur,48,rahul4325@gmail.com
4326,Meera,Delhi,44,meera4326@gmail.com
4327,Rahul,Rajkot,23,rahul4327@gmail.com
4328,Aman,Rajkot,53,aman4328@gmail.com
4329,Rohit,Pune,46,rohit4329@gmail.com
4330,Riya,Ahmedabad,35,riya4330@gmail.com
4331,Aman,Nagpur,26,aman4331@gmail.com
4332,Sneha,Mumbai,27,sneha4332@gmail.com
4333,Kavya,Surat,32,kavya4333@gmail.com
4334,Priya,Surat,29,priya4334@gmail.com
4335,Yash,Nagpur,55,yash4335@gmail.com
4336,Rohit,Surat,53,rohit4336@gmail.com
4337,Sneha,Surat,34,sneha4337@gmail.com
4338,Aman,Surat,40,aman4338@gmail.com
4339,Meera,Surat,56,meera4339@gmail.com
4340,Sneha,Jaipur,24,sneha4340@gmail.com
4341,Neha,Vadodara,46,neha4341@gmail.com
4342,Priya,Vadodara,22,priya4342@gmail.com
4343,Sneha,Delhi,38,sneha4343@gmail.com
4344,Harsh,Jaipur,44,harsh4344@gmail.com
4345,Neha,Indore,36,neha4345@gmail.com
4346,Karan,Surat,38,karan4346@gmail.com
4347,Kavya,Jaipur,39,kavya4347@gmail.com
4348,Nisha,Jaipur,48,nisha4348@gmail.com
4349,Pooja,Rajkot,19,pooja4349@gmail.com
4350,Riya,Jaipur,20,riya4350@gmail.com
4351,Pooja,Mumbai,55,pooja4351@gmail.com
4352,Aditya,Pune,56,aditya4352@gmail.com
4353,Mohit,Jaipur,50,mohit4353@gmail.com
4354,Yash,Rajkot,40,yash4354@gmail.com
4355,Mohit,Indore,55,mohit4355@gmail.com
4356,Rahul,Mumbai,42,rahul4356@gmail.com
4357,Neha,Pune,32,neha4357@gmail.com
4358,Harsh,Vadodara,54,harsh4358@gmail.com
4359,Meera,Indore,52,meera4359@gmail.com
4360,Priya,Vadodara,21,priya4360@gmail.com
4361,Kavya,Nagpur,60,kavya4361@gmail.com
4362,Yash,Vadodara,46,yash4362@gmail.com
4363,Rohit,Ahmedabad,30,rohit4363@gmail.com
4364,Harsh,Ahmedabad,33,harsh4364@gmail.com
4365,Rohit,Delhi,41,rohit4365@gmail.com
4366,Sneha,Nagpur,38,sneha4366@gmail.com
4367,Priya,Delhi,46,priya4367@gmail.com
4368,Nisha,Jaipur,23,nisha4368@gmail.com
4369,Anjali,Vadodara,50,anjali4369@gmail.com
4370,Neha,Jaipur,59,neha4370@gmail.com
4371,Kriti,Rajkot,32,kriti4371@gmail.com
4372,Arjun,Indore,32,arjun4372@gmail.com
4373,Harsh,Mumbai,52,harsh4373@gmail.com
4374,Sneha,Indore,55,sneha4374@gmail.com
4375,Karan,Rajkot,34,karan4375@gmail.com
4376,Pooja,Jaipur,38,pooja4376@gmail.com
4377,Priya,Pune,44,priya4377@gmail.com
4378,Nisha,Vadodara,27,nisha4378@gmail.com
4379,Harsh,Nagpur,58,harsh4379@gmail.com
4380,Mohit,Mumbai,47,mohit4380@gmail.com
4381,Aditya,Mumbai,25,aditya4381@gmail.com
4382,Nisha,Ahmedabad,53,nisha4382@gmail.com
4383,Kriti,Pune,26,kriti4383@gmail.com
4384,Rahul,Indore,19,rahul4384@gmail.com
4385,Riya,Pune,26,riya4385@gmail.com
4386,Yash,Vadodara,42,yash4386@gmail.com
4387,Nisha,Jaipur,26,nisha4387@gmail.com
4388,Vikas,Vadodara,33,vikas4388@gmail.com
4389,Pooja,Pune,39,pooja4389@gmail.com
4390,Rohit,Rajkot,56,rohit4390@gmail.com
4391,Kavya,Pune,20,kavya4391@gmail.com
4392,Neha,Jaipur,46,neha4392@gmail.com
4393,Nisha,Nagpur,45,nisha4393@gmail.com
4394,Pooja,Nagpur,26,pooja4394@gmail.com
4395,Riya,Rajkot,50,riya4395@gmail.com
4396,Neha,Mumbai,18,neha4396@gmail.com
4397,Harsh,Rajkot,41,harsh4397@gmail.com
4398,Arjun,Indore,38,arjun4398@gmail.com
4399,Arjun,Mumbai,50,arjun4399@gmail.com
4400,Harsh,Ahmedabad,24,harsh4400@gmail.com
4401,Sneha,Ahmedabad,49,sneha4401@gmail.com
4402,Rohit,Surat,54,rohit4402@gmail.com
4403,Yash,Vadodara,55,yash4403@gmail.com
4404,Yash,Indore,36,yash4404@gmail.com
4405,Rohit,Indore,38,rohit4405@gmail.com
4406,Riya,Mumbai,20,riya4406@gmail.com
4407,Mohit,Indore,51,mohit4407@gmail.com
4408,Aman,Rajkot,57,aman4408@gmail.com
4409,Rohit,Pune,40,rohit4409@gmail.com
4410,Pooja,Mumbai,25,pooja4410@gmail.com
4411,Pooja,Ahmedabad,49,pooja4411@gmail.com
4412,Arjun,Delhi,28,arjun4412@gmail.com
4413,Pooja,Ahmedabad,56,pooja4413@gmail.com
4414,Priya,Delhi,60,priya4414@gmail.com
4415,Aman,Mumbai,24,aman4415@gmail.com
4416,Mohit,Vadodara,50,mohit4416@gmail.com
4417,Riya,Surat,56,riya4417@gmail.com
4418,Rahul,Vadodara,52,rahul4418@gmail.com
4419,Mohit,Surat,49,mohit4419@gmail.com
4420,Aditya,Jaipur,31,aditya4420@gmail.com
4421,Pooja,Rajkot,45,pooja4421@gmail.com
4422,Arjun,Vadodara,26,arjun4422@gmail.com
4423,Arjun,Ahmedabad,25,arjun4423@gmail.com
4424,Priya,Nagpur,45,priya4424@gmail.com
4425,Kriti,Ahmedabad,23,kriti4425@gmail.com
4426,Karan,Ahmedabad,60,karan4426@gmail.com
4427,Priya,Jaipur,23,priya4427@gmail.com
4428,Sneha,Pune,38,sneha4428@gmail.com
4429,Riya,Vadodara,39,riya4429@gmail.com
4430,Aman,Nagpur,58,aman4430@gmail.com
4431,Yash,Pune,38,yash4431@gmail.com
4432,Rahul,Indore,24,rahul4432@gmail.com
4433,Yash,Jaipur,30,yash4433@gmail.com
4434,Meera,Surat,58,meera4434@gmail.com
4435,Aditya,Delhi,26,aditya4435@gmail.com
4436,Harsh,Indore,32,harsh4436@gmail.com
4437,Mohit,Ahmedabad,48,mohit4437@gmail.com
4438,Karan,Nagpur,29,karan4438@gmail.com
4439,Kriti,Ahmedabad,26,kriti4439@gmail.com
4440,Mohit,Pune,51,mohit4440@gmail.com
4441,Mohit,Surat,45,mohit4441@gmail.com
4442,Neha,Nagpur,53,neha4442@gmail.com
4443,Kavya,Delhi,29,kavya4443@gmail.com
4444,Rahul,Indore,34,rahul4444@gmail.com
4445,Kavya,Indore,58,kavya4445@gmail.com
4446,Harsh,Delhi,58,harsh4446@gmail.com
4447,Anjali,Nagpur,51,anjali4447@gmail.com
4448,Riya,Ahmedabad,32,riya4448@gmail.com
4449,Pooja,Nagpur,49,pooja4449@gmail.com
4450,Vikas,Rajkot,40,vikas4450@gmail.com
4451,Meera,Nagpur,36,meera4451@gmail.com
4452,Priya,Delhi,25,priya4452@gmail.com
4453,Pooja,Indore,46,pooja4453@gmail.com
4454,Rohit,Delhi,60,rohit4454@gmail.com
4455,Nisha,Pune,29,nisha4455@gmail.com
4456,Arjun,Jaipur,60,arjun4456@gmail.com
4457,Priya,Jaipur,43,priya4457@gmail.com
4458,Karan,Nagpur,49,karan4458@gmail.com
4459,Kavya,Indore,33,kavya4459@gmail.com
4460,Aditya,Ahmedabad,35,aditya4460@gmail.com
4461,Yash,Delhi,44,yash4461@gmail.com
4462,Rahul,Vadodara,38,rahul4462@gmail.com
4463,Aman,Jaipur,44,aman4463@gmail.com
4464,Vikas,Nagpur,45,vikas4464@gmail.com
4465,Vikas,Ahmedabad,21,vikas4465@gmail.com
4466,Aman,Nagpur,32,aman4466@gmail.com
4467,Rohit,Surat,37,rohit4467@gmail.com
4468,Arjun,Indore,32,arjun4468@gmail.com
4469,Harsh,Mumbai,52,harsh4469@gmail.com
4470,Mohit,Pune,57,mohit4470@gmail.com
4471,Kavya,Jaipur,26,kavya4471@gmail.com
4472,Kavya,Vadodara,19,kavya4472@gmail.com
4473,Aditya,Indore,23,aditya4473@gmail.com
4474,Rohit,Jaipur,53,rohit4474@gmail.com
4475,Neha,Surat,51,neha4475@gmail.com
4476,Mohit,Jaipur,52,mohit4476@gmail.com
4477,Mohit,Mumbai,52,mohit4477@gmail.com
4478,Vikas,Delhi,36,vikas4478@gmail.com
4479,Riya,Jaipur,39,riya4479@gmail.com
4480,Nisha,Delhi,53,nisha4480@gmail.com
4481,Sneha,Surat,20,sneha4481@gmail.com
4482,Aditya,Vadodara,24,aditya4482@gmail.com
4483,Yash,Indore,49,yash4483@gmail.com
4484,Rahul,Mumbai,36,rahul4484@gmail.com
4485,Pooja,Surat,32,pooja4485@gmail.com
4486,Sneha,Surat,35,sneha4486@gmail.com
4487,Priya,Indore,59,priya4487@gmail.com
4488,Vikas,Mumbai,35,vikas4488@gmail.com
4489,Neha,Pune,22,neha4489@gmail.com
4490,Yash,Indore,19,yash4490@gmail.com
4491,Aditya,Vadodara,56,aditya4491@gmail.com
4492,Karan,Pune,55,karan4492@gmail.com
4493,Vikas,Delhi,56,vikas4493@gmail.com
4494,Pooja,Jaipur,45,pooja4494@gmail.com
4495,Yash,Surat,37,yash4495@gmail.com
4496,Aman,Nagpur,30,aman4496@gmail.com
4497,Priya,Ahmedabad,59,priya4497@gmail.com
4498,Harsh,Nagpur,42,harsh4498@gmail.com
4499,Pooja,Indore,23,pooja4499@gmail.com
4500,Sneha,Indore,-5,sneha4500@gmail.com
4501,Aman,Nagpur,36,aman4501@gmail.com
4502,Meera,Vadodara,33,meera4502@gmail.com
4503,Vikas,Surat,49,vikas4503@gmail.com
4504,Vikas,Jaipur,52,vikas4504@gmail.com
4505,Priya,Nagpur,32,priya4505@gmail.com
4506,Harsh,Surat,43,harsh4506@gmail.com
4507,Sneha,Nagpur,41,sneha4507@gmail.com
4508,Kriti,Rajkot,24,kriti4508@gmail.com
4509,Pooja,Jaipur,27,pooja4509@gmail.com
4510,Neha,Pune,53,neha4510@gmail.com
4511,Riya,Delhi,49,riya4511@gmail.com
4512,Harsh,Delhi,23,harsh4512@gmail.com
4513,Karan,Indore,57,karan4513@gmail.com
4514,Kriti,Vadodara,54,kriti4514@gmail.com
4515,Sneha,Surat,49,sneha4515@gmail.com
4516,Aman,Indore,37,aman4516@gmail.com
4517,Rohit,Mumbai,20,rohit4517@gmail.com
4518,Rohit,Rajkot,56,rohit4518@gmail.com
4519,Nisha,Surat,35,nisha4519@gmail.com
4520,Mohit,Vadodara,49,mohit4520@gmail.com
4521,Meera,Nagpur,38,meera4521@gmail.com
4522,Sneha,Jaipur,47,sneha4522@gmail.com
4523,Kriti,Vadodara,53,kriti4523@gmail.com
4524,Neha,Pune,45,neha4524@gmail.com
4525,Neha,Indore,26,neha4525@gmail.com
4526,Aditya,Mumbai,51,aditya4526@gmail.com
4527,Priya,Mumbai,30,priya4527@gmail.com
4528,Arjun,Pune,20,arjun4528@gmail.com
4529,Nisha,Nagpur,28,nisha4529@gmail.com
4530,Yash,Nagpur,26,yash4530@gmail.com
4531,Meera,Indore,43,meera4531@gmail.com
4532,Aditya,Ahmedabad,25,aditya4532@gmail.com
4533,Nisha,Ahmedabad,35,nisha4533@gmail.com
4534,Yash,Jaipur,57,yash4534@gmail.com
4535,Anjali,Rajkot,59,anjali4535@gmail.com
4536,Riya,Mumbai,36,riya4536@gmail.com
4537,Yash,Delhi,57,yash4537@gmail.com
4538,Anjali,Vadodara,56,anjali4538@gmail.com
4539,Aman,Nagpur,47,aman4539@gmail.com
4540,Mohit,Jaipur,26,mohit4540@gmail.com
4541,Riya,Vadodara,48,riya4541@gmail.com
4542,Aditya,Jaipur,44,aditya4542@gmail.com
4543,Riya,Mumbai,48,riya4543@gmail.com
4544,Neha,Surat,37,neha4544@gmail.com
4545,Mohit,Delhi,24,mohit4545@gmail.com
4546,Meera,Nagpur,39,meera4546@gmail.com
4547,Priya,Surat,57,priya4547@gmail.com
4548,Arjun,Rajkot,28,arjun4548@gmail.com
4549,Neha,Jaipur,58,neha4549@gmail.com
4550,Meera,Delhi,40,meera4550@gmail.com
4551,Aditya,Delhi,35,aditya4551@gmail.com
4552,Pooja,Indore,55,pooja4552@gmail.com
4553,Pooja,Jaipur,57,pooja4553@gmail.com
4554,Vikas,Ahmedabad,53,vikas4554@gmail.com
4555,Meera,Delhi,22,meera4555@gmail.com
4556,Harsh,Mumbai,24,harsh4556@gmail.com
4557,Mohit,Ahmedabad,29,mohit4557@gmail.com
4558,Aman,Rajkot,24,aman4558@gmail.com
4559,Karan,Vadodara,55,karan4559@gmail.com
4560,Vikas,Jaipur,54,vikas4560@gmail.com
4561,Harsh,Rajkot,35,harsh4561@gmail.com
4562,Kavya,Nagpur,31,kavya4562@gmail.com
4563,Riya,Surat,32,riya4563@gmail.com
4564,Mohit,Pune,57,mohit4564@gmail.com
4565,Karan,Mumbai,28,karan4565@gmail.com
4566,Kriti,Surat,38,kriti4566@gmail.com
4567,Neha,Surat,26,neha4567@gmail.com
4568,Yash,Nagpur,45,yash4568@gmail.com
4569,Kriti,Jaipur,37,kriti4569@gmail.com
4570,Yash,Pune,33,yash4570@gmail.com
4571,Meera,Indore,42,meera4571@gmail.com
4572,Vikas,Nagpur,40,vikas4572@gmail.com
4573,Pooja,Vadodara,38,pooja4573@gmail.com
4574,Yash,Pune,56,yash4574@gmail.com
4575,Mohit,Mumbai,58,mohit4575@gmail.com
4576,Aman,Mumbai,45,aman4576@gmail.com
4577,Meera,Nagpur,49,meera4577@gmail.com
4578,Aman,Pune,53,aman4578@gmail.com
4579,Nisha,Jaipur,29,nisha4579@gmail.com
4580,Aditya,Jaipur,47,aditya4580@gmail.com
4581,Anjali,Indore,31,anjali4581@gmail.com
4582,Kavya,Vadodara,30,kavya4582@gmail.com
4583,Vikas,Jaipur,29,vikas4583@gmail.com
4584,Aditya,Delhi,46,aditya4584@gmail.com
4585,Anjali,Vadodara,30,anjali4585@gmail.com
4586,Aditya,Rajkot,37,aditya4586@gmail.com
4587,Rohit,Pune,41,rohit4587@gmail.com
4588,Aman,Vadodara,18,aman4588@gmail.com
4589,Kavya,Ahmedabad,20,kavya4589@gmail.com
4590,Aman,Nagpur,43,aman4590@gmail.com
4591,Rahul,Ahmedabad,35,rahul4591@gmail.com
4592,Rahul,Rajkot,19,rahul4592@gmail.com
4593,Kriti,Rajkot,58,kriti4593@gmail.com
4594,Arjun,Nagpur,29,arjun4594@gmail.com
4595,Kriti,Vadodara,24,kriti4595@gmail.com
4596,Rahul,Jaipur,19,rahul4596@gmail.com
4597,Kavya,Mumbai,29,kavya4597@gmail.com
4598,Karan,Pune,44,karan4598@gmail.com
4599,Priya,Surat,46,priya4599@gmail.com
4600,Rahul,Jaipur,24,rahul4600@gmail.com
4601,Meera,Ahmedabad,30,meera4601@gmail.com
4602,Kavya,Surat,39,kavya4602@gmail.com
4603,Rohit,Mumbai,55,rohit4603@gmail.com
4604,Anjali,Vadodara,18,anjali4604@gmail.com
4605,Vikas,Indore,60,vikas4605@gmail.com
4606,Rahul,Pune,30,rahul4606@gmail.com
4607,Yash,Mumbai,35,yash4607@gmail.com
4608,Neha,Mumbai,46,neha4608@gmail.com
4609,Rahul,Ahmedabad,56,rahul4609@gmail.com
4610,Mohit,Vadodara,44,mohit4610@gmail.com
4611,Riya,Surat,37,riya4611@gmail.com
4612,Aman,Vadodara,40,aman4612@gmail.com
4613,Priya,Jaipur,47,priya4613@gmail.com
4614,Harsh,Pune,54,harsh4614@gmail.com
4615,Arjun,Pune,25,arjun4615@gmail.com
4616,Neha,Mumbai,23,neha4616@gmail.com
4617,Riya,Jaipur,55,riya4617@gmail.com
4618,Aditya,Mumbai,18,aditya4618@gmail.com
4619,Mohit,Jaipur,47,mohit4619@gmail.com
4620,Neha,Delhi,37,neha4620@gmail.com
4621,Mohit,Mumbai,37,mohit4621@gmail.com
4622,Rahul,Indore,36,rahul4622@gmail.com
4623,Riya,Ahmedabad,26,riya4623@gmail.com
4624,Harsh,Jaipur,44,harsh4624@gmail.com
4625,Sneha,Delhi,35,sneha4625@gmail.com
4626,Mohit,Mumbai,36,mohit4626@gmail.com
4627,Aman,Nagpur,34,aman4627@gmail.com
4628,Neha,Nagpur,40,neha4628@gmail.com
4629,Harsh,Jaipur,40,harsh4629@gmail.com
4630,Yash,Nagpur,58,yash4630@gmail.com
4631,Riya,Surat,55,riya4631@gmail.com
4632,Vikas,Mumbai,52,vikas4632@gmail.com
4633,Harsh,Delhi,45,harsh4633@gmail.com
4634,Anjali,Ahmedabad,31,anjali4634@gmail.com
4635,Rohit,Vadodara,53,rohit4635@gmail.com
4636,Aman,Pune,50,aman4636@gmail.com
4637,Mohit,Ahmedabad,31,mohit4637@gmail.com
4638,Arjun,Ahmedabad,20,arjun4638@gmail.com
4639,Priya,Vadodara,60,priya4639@gmail.com
4640,Riya,Nagpur,26,riya4640@gmail.com
4641,Arjun,Rajkot,38,arjun4641@gmail.com
4642,Anjali,Rajkot,42,anjali4642@gmail.com
4643,Harsh,Surat,38,harsh4643@gmail.com
4644,Priya,Jaipur,18,priya4644@gmail.com
4645,Riya,Indore,48,riya4645@gmail.com
4646,Rohit,Jaipur,59,rohit4646@gmail.com
4647,Priya,Mumbai,40,priya4647@gmail.com
4648,Pooja,Mumbai,47,pooja4648@gmail.com
4649,Meera,Mumbai,19,meera4649@gmail.com
4650,Arjun,Rajkot,47,arjun4650@gmail.com
4651,Harsh,Rajkot,45,harsh4651@gmail.com
4652,Vikas,Nagpur,33,vikas4652@gmail.com
4653,Aman,Jaipur,56,aman4653@gmail.com
4654,Rohit,Nagpur,43,rohit4654@gmail.com
4655,Pooja,Surat,32,pooja4655@gmail.com
4656,Yash,Pune,44,yash4656@gmail.com
4657,Nisha,Ahmedabad,54,nisha4657@gmail.com
4658,Vikas,Rajkot,19,vikas4658@gmail.com
4659,Riya,Vadodara,28,riya4659@gmail.com
4660,Pooja,Rajkot,51,pooja4660@gmail.com
4661,Mohit,Rajkot,26,mohit4661@gmail.com
4662,Karan,Jaipur,21,karan4662@gmail.com
4663,Neha,Ahmedabad,27,neha4663@gmail.com
4664,Anjali,Nagpur,43,anjali4664@gmail.com
4665,Riya,Nagpur,18,riya4665@gmail.com
4666,Karan,Delhi,29,karan4666@gmail.com
4667,Pooja,Ahmedabad,23,pooja4667@gmail.com
4668,Riya,Delhi,31,riya4668@gmail.com
4669,Nisha,Pune,33,nisha4669@gmail.com
4670,Karan,Vadodara,41,karan4670@gmail.com
4671,Aditya,Nagpur,28,aditya4671@gmail.com
4672,Anjali,Pune,48,anjali4672@gmail.com
4673,Meera,Indore,31,meera4673@gmail.com
4674,Kriti,Indore,47,kriti4674@gmail.com
4675,Sneha,Pune,42,sneha4675@gmail.com
4676,Karan,Jaipur,26,karan4676@gmail.com
4677,Vikas,Jaipur,36,vikas4677@gmail.com
4678,Nisha,Rajkot,43,nisha4678@gmail.com
4679,Meera,Pune,40,meera4679@gmail.com
4680,Kriti,Rajkot,19,kriti4680@gmail.com
4681,Sneha,Rajkot,29,sneha4681@gmail.com
4682,Sneha,Jaipur,41,sneha4682@gmail.com
4683,Rohit,Vadodara,18,rohit4683@gmail.com
4684,Kavya,Rajkot,43,kavya4684@gmail.com
4685,Neha,Delhi,26,neha4685@gmail.com
4686,Kriti,Delhi,20,kriti4686@gmail.com
4687,Mohit,Ahmedabad,45,mohit4687@gmail.com
4688,Neha,Jaipur,42,neha4688@gmail.com
4689,Riya,Indore,27,riya4689@gmail.com
4690,Pooja,Ahmedabad,42,pooja4690@gmail.com
4691,Kriti,Surat,34,kriti4691@gmail.com
4692,Nisha,Mumbai,28,nisha4692@gmail.com
4693,Vikas,Vadodara,24,vikas4693@gmail.com
4694,Arjun,Pune,40,arjun4694@gmail.com
4695,Priya,Indore,18,priya4695@gmail.com
4696,Riya,Jaipur,26,riya4696@gmail.com
4697,Harsh,Vadodara,42,harsh4697@gmail.com
4698,Arjun,Surat,49,arjun4698@gmail.com
4699,Vikas,Indore,21,vikas4699@gmail.com
4700,Pooja,Indore,34,pooja4700@gmail.com
4701,Priya,Rajkot,46,priya4701@gmail.com
4702,Yash,Jaipur,48,yash4702@gmail.com
4703,Rohit,Vadodara,41,rohit4703@gmail.com
4704,Priya,Mumbai,45,priya4704@gmail.com
4705,Meera,Indore,23,meera4705@gmail.com
4706,Karan,Surat,39,karan4706@gmail.com
4707,Harsh,Ahmedabad,30,harsh4707@gmail.com
4708,Yash,Rajkot,47,yash4708@gmail.com
4709,Nisha,Surat,47,nisha4709@gmail.com
4710,Pooja,Surat,25,pooja4710@gmail.com
4711,Kriti,Nagpur,41,kriti4711@gmail.com
4712,Rahul,Rajkot,41,rahul4712@gmail.com
4713,Aman,Indore,39,aman4713@gmail.com
4714,Pooja,Surat,52,pooja4714@gmail.com
4715,Aman,Mumbai,36,aman4715@gmail.com
4716,Anjali,Indore,19,anjali4716@gmail.com
4717,Arjun,Jaipur,37,arjun4717@gmail.com
4718,Rahul,Rajkot,25,rahul4718@gmail.com
4719,Anjali,Surat,52,anjali4719@gmail.com
4720,Vikas,Delhi,29,vikas4720@gmail.com
4721,Neha,Vadodara,24,neha4721@gmail.com
4722,Karan,Mumbai,58,karan4722@gmail.com
4723,Kriti,Indore,35,kriti4723@gmail.com
4724,Anjali,Nagpur,57,anjali4724@gmail.com
4725,Sneha,Vadodara,54,sneha4725@gmail.com
4726,Arjun,Surat,22,arjun4726@gmail.com
4727,Rohit,Jaipur,20,rohit4727@gmail.com
4728,Karan,Rajkot,58,karan4728@gmail.com
4729,Priya,Indore,50,priya4729@gmail.com
4730,Neha,Jaipur,58,neha4730@gmail.com
4731,Pooja,Indore,43,pooja4731@gmail.com
4732,Aditya,Mumbai,34,aditya4732@gmail.com
4733,Neha,Indore,25,neha4733@gmail.com
4734,Mohit,Rajkot,34,mohit4734@gmail.com
4735,Pooja,Rajkot,50,pooja4735@gmail.com
4736,Meera,Delhi,21,meera4736@gmail.com
4737,Anjali,Rajkot,48,anjali4737@gmail.com
4738,Mohit,Indore,35,mohit4738@gmail.com
4739,Riya,Ahmedabad,50,riya4739@gmail.com
4740,Rahul,Rajkot,43,rahul4740@gmail.com
4741,Riya,Ahmedabad,35,riya4741@gmail.com
4742,Aditya,Indore,31,aditya4742@gmail.com
4743,Aditya,Indore,60,aditya4743@gmail.com
4744,Karan,Ahmedabad,35,karan4744@gmail.com
4745,Arjun,Rajkot,58,arjun4745@gmail.com
4746,Rohit,Pune,32,rohit4746@gmail.com
4747,Sneha,Surat,38,sneha4747@gmail.com
4748,Sneha,Pune,57,sneha4748@gmail.com
4749,Pooja,Rajkot,47,pooja4749@gmail.com
4750,Harsh,Indore,58,harsh4750@gmail.com
4751,Kavya,Jaipur,52,kavya4751@gmail.com
4752,Vikas,Nagpur,53,vikas4752@gmail.com
4753,Aditya,Jaipur,39,aditya4753@gmail.com
4754,Rohit,Jaipur,46,rohit4754@gmail.com
4755,Karan,Nagpur,49,karan4755@gmail.com
4756,Mohit,Vadodara,28,mohit4756@gmail.com
4757,Vikas,Ahmedabad,43,vikas4757@gmail.com
4758,Rahul,Rajkot,23,rahul4758@gmail.com
4759,Kriti,Vadodara,40,kriti4759@gmail.com
4760,Neha,Delhi,51,neha4760@gmail.com
4761,Anjali,Ahmedabad,36,anjali4761@gmail.com
4762,Rohit,Nagpur,47,rohit4762@gmail.com
4763,Aditya,Mumbai,57,aditya4763@gmail.com
4764,Harsh,Mumbai,57,harsh4764@gmail.com
4765,Anjali,Rajkot,45,anjali4765@gmail.com
4766,Nisha,Surat,36,nisha4766@gmail.com
4767,Meera,Nagpur,33,meera4767@gmail.com
4768,Vikas,Vadodara,26,vikas4768@gmail.com
4769,Vikas,Rajkot,25,vikas4769@gmail.com
4770,Priya,Indore,31,priya4770@gmail.com
4771,Mohit,Pune,54,mohit4771@gmail.com
4772,Pooja,Mumbai,28,pooja4772@gmail.com
4773,Vikas,Vadodara,44,vikas4773@gmail.com
4774,Anjali,Delhi,44,anjali4774@gmail.com
4775,Kavya,Ahmedabad,38,kavya4775@gmail.com
4776,Anjali,Pune,60,anjali4776@gmail.com
4777,Rohit,Vadodara,52,rohit4777@gmail.com
4778,Meera,Indore,32,meera4778@gmail.com
4779,Vikas,Nagpur,47,vikas4779@gmail.com
4780,Pooja,Nagpur,28,pooja4780@gmail.com
4781,Riya,Indore,36,riya4781@gmail.com
4782,Aditya,Vadodara,39,aditya4782@gmail.com
4783,Arjun,Mumbai,24,arjun4783@gmail.com
4784,Vikas,Rajkot,59,vikas4784@gmail.com
4785,Nisha,Indore,44,nisha4785@gmail.com
4786,Mohit,Surat,57,mohit4786@gmail.com
4787,Sneha,Mumbai,57,sneha4787@gmail.com
4788,Kavya,Vadodara,23,kavya4788@gmail.com
4789,Kavya,Rajkot,44,kavya4789@gmail.com
4790,Aditya,Jaipur,57,aditya4790@gmail.com
4791,Sneha,Mumbai,54,sneha4791@gmail.com
4792,Kriti,Pune,41,kriti4792@gmail.com
4793,Aditya,Rajkot,59,aditya4793@gmail.com
4794,Vikas,Vadodara,50,vikas4794@gmail.com
4795,Mohit,Mumbai,47,mohit4795@gmail.com
4796,Anjali,Delhi,29,anjali4796@gmail.com
4797,Kriti,Delhi,38,kriti4797@gmail.com
4798,Karan,Ahmedabad,22,karan4798@gmail.com
4799,Aditya,Delhi,54,aditya4799@gmail.com
4800,Arjun,Nagpur,33,arjun4800@gmail.com
4801,Kavya,Nagpur,33,kavya4801@gmail.com
4802,Riya,Nagpur,50,riya4802@gmail.com
4803,Priya,Rajkot,39,priya4803@gmail.com
4804,Riya,Delhi,47,riya4804@gmail.com
4805,Neha,Surat,20,neha4805@gmail.com
4806,Nisha,Vadodara,48,nisha4806@gmail.com
4807,Vikas,Pune,44,vikas4807@gmail.com
4808,Aman,Vadodara,25,aman4808@gmail.com
4809,Kavya,Vadodara,19,kavya4809@gmail.com
4810,Arjun,Nagpur,21,arjun4810@gmail.com
4811,Pooja,Indore,20,pooja4811@gmail.com
4812,Anjali,Indore,50,anjali4812@gmail.com
4813,Arjun,Indore,25,arjun4813@gmail.com
4814,Priya,Mumbai,34,priya4814@gmail.com
4815,Harsh,Pune,28,harsh4815@gmail.com
4816,Anjali,Indore,60,anjali4816@gmail.com
4817,Rohit,Mumbai,33,rohit4817@gmail.com
4818,Kriti,Delhi,34,kriti4818@gmail.com
4819,Priya,Jaipur,59,priya4819@gmail.com
4820,Neha,Nagpur,49,neha4820@gmail.com
4821,Sneha,Ahmedabad,39,sneha4821@gmail.com
4822,Pooja,Nagpur,39,pooja4822@gmail.com
4823,Arjun,Ahmedabad,54,arjun4823@gmail.com
4824,Aman,Rajkot,20,aman4824@gmail.com
4825,Karan,Mumbai,51,karan4825@gmail.com
4826,Pooja,Surat,32,pooja4826@gmail.com
4827,Anjali,Rajkot,41,anjali4827@gmail.com
4828,Pooja,Ahmedabad,28,pooja4828@gmail.com
4829,Harsh,Ahmedabad,48,harsh4829@gmail.com
4830,Arjun,Ahmedabad,27,arjun4830@gmail.com
4831,Karan,Mumbai,56,karan4831@gmail.com
4832,Pooja,Indore,34,pooja4832@gmail.com
4833,Sneha,Surat,31,sneha4833@gmail.com
4834,Harsh,Ahmedabad,27,harsh4834@gmail.com
4835,Harsh,Surat,34,harsh4835@gmail.com
4836,Anjali,Vadodara,51,anjali4836@gmail.com
4837,Vikas,Nagpur,57,vikas4837@gmail.com
4838,Riya,Jaipur,59,riya4838@gmail.com
4839,Karan,Rajkot,50,karan4839@gmail.com
4840,Rohit,Vadodara,41,rohit4840@gmail.com
4841,Vikas,Nagpur,59,vikas4841@gmail.com
4842,Riya,Vadodara,48,riya4842@gmail.com
4843,Riya,Nagpur,42,riya4843@gmail.com
4844,Aditya,Pune,39,aditya4844@gmail.com
4845,Sneha,Ahmedabad,31,sneha4845@gmail.com
4846,Sneha,Mumbai,35,sneha4846@gmail.com
4847,Kavya,Pune,59,kavya4847@gmail.com
4848,Mohit,Jaipur,49,mohit4848@gmail.com
4849,Arjun,Rajkot,58,arjun4849@gmail.com
4850,Aditya,Vadodara,32,aditya4850@gmail.com
4851,Mohit,Jaipur,60,mohit4851@gmail.com
4852,Rahul,Indore,58,rahul4852@gmail.com
4853,Priya,Jaipur,50,priya4853@gmail.com
4854,Neha,Ahmedabad,53,neha4854@gmail.com
4855,Meera,Vadodara,23,meera4855@gmail.com
4856,Rahul,Nagpur,54,rahul4856@gmail.com
4857,Yash,Delhi,33,yash4857@gmail.com
4858,Aman,Mumbai,59,aman4858@gmail.com
4859,Sneha,Delhi,47,sneha4859@gmail.com
4860,Riya,Surat,56,riya4860@gmail.com
4861,Aman,Vadodara,35,aman4861@gmail.com
4862,Neha,Delhi,22,neha4862@gmail.com
4863,Karan,Vadodara,37,karan4863@gmail.com
4864,Rahul,Delhi,32,rahul4864@gmail.com
4865,Sneha,Rajkot,55,sneha4865@gmail.com
4866,Kriti,Nagpur,24,kriti4866@gmail.com
4867,Meera,Surat,38,meera4867@gmail.com
4868,Neha,Delhi,48,neha4868@gmail.com
4869,Priya,Nagpur,23,priya4869@gmail.com
4870,Kriti,Delhi,24,kriti4870@gmail.com
4871,Meera,Rajkot,31,meera4871@gmail.com
4872,Kavya,Nagpur,37,kavya4872@gmail.com
4873,Harsh,Surat,55,harsh4873@gmail.com
4874,Nisha,Pune,46,nisha4874@gmail.com
4875,Mohit,Rajkot,58,mohit4875@gmail.com
4876,Kavya,Nagpur,18,kavya4876@gmail.com
4877,Aman,Indore,56,aman4877@gmail.com
4878,Aman,Nagpur,58,aman4878@gmail.com
4879,Riya,Jaipur,50,riya4879@gmail.com
4880,Kriti,Vadodara,36,kriti4880@gmail.com
4881,Pooja,Ahmedabad,52,pooja4881@gmail.com
4882,Sneha,Jaipur,35,sneha4882@gmail.com
4883,Meera,Vadodara,37,meera4883@gmail.com
4884,Arjun,Pune,29,arjun4884@gmail.com
4885,Kriti,Surat,38,kriti4885@gmail.com
4886,Yash,Nagpur,49,yash4886@gmail.com
4887,Riya,Mumbai,22,riya4887@gmail.com
4888,Nisha,Ahmedabad,24,nisha4888@gmail.com
4889,Arjun,Jaipur,58,arjun4889@gmail.com
4890,Meera,Mumbai,30,meera4890@gmail.com
4891,Priya,Delhi,31,priya4891@gmail.com
4892,Pooja,Vadodara,37,pooja4892@gmail.com
4893,Rohit,Vadodara,48,rohit4893@gmail.com
4894,Priya,Ahmedabad,57,priya4894@gmail.com
4895,Mohit,Rajkot,27,mohit4895@gmail.com
4896,Rohit,Mumbai,30,rohit4896@gmail.com
4897,Vikas,Mumbai,28,vikas4897@gmail.com
4898,Kavya,Mumbai,38,kavya4898@gmail.com
4899,Yash,Nagpur,59,yash4899@gmail.com
4900,Kavya,Indore,35,kavya4900@gmail.com
4900,Kavya,Indore,35,kavya4900@gmail.com
4901,Sneha,Ahmedabad,48,sneha4901@gmail.com
4902,Pooja,Jaipur,27,pooja4902@gmail.com
4903,Pooja,Jaipur,40,pooja4903@gmail.com
4904,Rohit,Nagpur,37,rohit4904@gmail.com
4905,Nisha,Rajkot,43,nisha4905@gmail.com
4906,Nisha,Surat,43,nisha4906@gmail.com
4907,Rahul,Indore,40,rahul4907@gmail.com
4908,Karan,Nagpur,35,karan4908@gmail.com
4909,Aditya,Delhi,31,aditya4909@gmail.com
4910,Aman,Ahmedabad,41,aman4910@gmail.com
4911,Aditya,Jaipur,45,aditya4911@gmail.com
4912,Vikas,Jaipur,53,vikas4912@gmail.com
4913,Meera,Delhi,31,meera4913@gmail.com
4914,Kavya,Vadodara,46,kavya4914@gmail.com
4915,Aman,Pune,22,aman4915@gmail.com
4916,Sneha,Mumbai,38,sneha4916@gmail.com
4917,Kriti,Rajkot,48,kriti4917@gmail.com
4918,Rahul,Indore,49,rahul4918@gmail.com
4919,Sneha,Ahmedabad,56,sneha4919@gmail.com
4920,Harsh,Indore,21,harsh4920@gmail.com
4921,Priya,Surat,58,priya4921@gmail.com
4922,Rohit,Ahmedabad,52,rohit4922@gmail.com
4923,Anjali,Nagpur,36,anjali4923@gmail.com
4924,Priya,Nagpur,26,priya4924@gmail.com
4925,Neha,Jaipur,44,neha4925@gmail.com
4926,Karan,Mumbai,55,karan4926@gmail.com
4927,Pooja,Rajkot,30,pooja4927@gmail.com
4928,Meera,Pune,46,meera4928@gmail.com
4929,Sneha,Jaipur,54,sneha4929@gmail.com
4930,Meera,Ahmedabad,53,meera4930@gmail.com
4931,Yash,Ahmedabad,19,yash4931@gmail.com
4932,Karan,Pune,38,karan4932@gmail.com
4933,Anjali,Nagpur,31,anjali4933@gmail.com
4934,Riya,Jaipur,47,riya4934@gmail.com
4935,Sneha,Nagpur,41,sneha4935@gmail.com
4936,Rohit,Delhi,34,rohit4936@gmail.com
4937,Aman,Rajkot,19,aman4937@gmail.com
4938,Karan,Pune,59,karan4938@gmail.com
4939,Nisha,Indore,43,nisha4939@gmail.com
4940,Kriti,Surat,51,kriti4940@gmail.com
4941,Rahul,Vadodara,41,rahul4941@gmail.com
4942,Aditya,Rajkot,45,aditya4942@gmail.com
4943,Rahul,Vadodara,38,rahul4943@gmail.com
4944,Meera,Nagpur,36,meera4944@gmail.com
4945,Harsh,Jaipur,58,harsh4945@gmail.com
4946,Neha,Pune,54,neha4946@gmail.com
4947,Neha,Vadodara,25,neha4947@gmail.com
4948,Meera,Mumbai,50,meera4948@gmail.com
4949,Neha,Rajkot,47,neha4949@gmail.com
4950,Kavya,Delhi,22,kavya4950@gmail.com
4951,Nisha,Ahmedabad,47,nisha4951@gmail.com
4952,Arjun,Mumbai,59,arjun4952@gmail.com
4953,Rohit,Pune,29,rohit4953@gmail.com
4954,Harsh,Jaipur,47,harsh4954@gmail.com
4955,Yash,Indore,19,yash4955@gmail.com
4956,Vikas,Rajkot,36,vikas4956@gmail.com
4957,Aditya,Rajkot,42,aditya4957@gmail.com
4958,Aditya,Surat,32,aditya4958@gmail.com
4959,Rohit,Indore,27,rohit4959@gmail.com
4960,Aman,Delhi,55,aman4960@gmail.com
4961,Rohit,Vadodara,47,rohit4961@gmail.com
4962,Mohit,Rajkot,40,mohit4962@gmail.com
4963,Harsh,Mumbai,30,harsh4963@gmail.com
4964,Karan,Delhi,37,karan4964@gmail.com
4965,Riya,Pune,19,riya4965@gmail.com
4966,Meera,Rajkot,20,meera4966@gmail.com
4967,Karan,Vadodara,40,karan4967@gmail.com
4968,Neha,Jaipur,38,neha4968@gmail.com
4969,Sneha,Delhi,30,sneha4969@gmail.com
4970,Pooja,Mumbai,45,pooja4970@gmail.com
4971,Aman,Delhi,31,aman4971@gmail.com
4972,Anjali,Surat,26,anjali4972@gmail.com
4973,Arjun,Pune,42,arjun4973@gmail.com
4974,Aditya,Nagpur,31,aditya4974@gmail.com
4975,Vikas,Surat,46,vikas4975@gmail.com
4976,Arjun,Indore,30,arjun4976@gmail.com
4977,Mohit,Indore,55,mohit4977@gmail.com
4978,Priya,Pune,29,priya4978@gmail.com
4979,Yash,Rajkot,51,yash4979@gmail.com
4980,Priya,Mumbai,31,priya4980@gmail.com
4981,Priya,Nagpur,56,priya4981@gmail.com
4982,Anjali,Jaipur,44,anjali4982@gmail.com
4983,Mohit,Delhi,23,mohit4983@gmail.com
4984,Yash,Jaipur,48,yash4984@gmail.com
4985,Aman,Vadodara,25,aman4985@gmail.com
4986,Arjun,Surat,18,arjun4986@gmail.com
4987,Vikas,Indore,43,vikas4987@gmail.com
4988,Priya,Jaipur,41,priya4988@gmail.com
4989,Pooja,Pune,45,pooja4989@gmail.com
4990,Pooja,Delhi,23,pooja4990@gmail.com
4991,Vikas,Nagpur,19,vikas4991@gmail.com
4992,Aman,Jaipur,20,aman4992@gmail.com
4993,Karan,Delhi,29,karan4993@gmail.com
4994,Harsh,Surat,26,harsh4994@gmail.com
4995,Yash,Mumbai,26,yash4995@gmail.com
4996,Kriti,Surat,21,kriti4996@gmail.com
4997,Kavya,Delhi,60,kavya4997@gmail.com
4998,Pooja,Jaipur,57,pooja4998@gmail.com
4999,Nisha,Mumbai,44,nisha4999@gmail.com
5000,,Mumbai,51,riya5000@gmail.com
5001,Karan,Mumbai,41,karan5001@gmail.com
5002,Priya,Mumbai,19,priya5002@gmail.com
5003,Kriti,Delhi,37,kriti5003@gmail.com
5004,Vikas,Jaipur,34,vikas5004@gmail.com
5005,Kavya,Jaipur,19,kavya5005@gmail.com
5006,Aditya,Jaipur,19,aditya5006@gmail.com
5007,Kriti,Surat,27,kriti5007@gmail.com
5008,Nisha,Surat,52,nisha5008@gmail.com
5009,Vikas,Rajkot,51,vikas5009@gmail.com
5010,Riya,Mumbai,24,riya5010@gmail.com
5011,Aditya,Jaipur,32,aditya5011@gmail.com
5012,Neha,Indore,22,neha5012@gmail.com
5013,Priya,Nagpur,47,priya5013@gmail.com
5014,Nisha,Vadodara,46,nisha5014@gmail.com
5015,Karan,Rajkot,58,karan5015@gmail.com
5016,Aditya,Ahmedabad,48,aditya5016@gmail.com
5017,Kriti,Ahmedabad,26,kriti5017@gmail.com
5018,Rohit,Vadodara,41,rohit5018@gmail.com
5019,Kavya,Pune,48,kavya5019@gmail.com
5020,Kriti,Rajkot,30,kriti5020@gmail.com
5021,Karan,Delhi,50,karan5021@gmail.com
5022,Karan,Mumbai,32,karan5022@gmail.com
5023,Neha,Pune,43,neha5023@gmail.com
5024,Pooja,Rajkot,24,pooja5024@gmail.com
5025,Sneha,Delhi,34,sneha5025@gmail.com
5026,Riya,Ahmedabad,39,riya5026@gmail.com
5027,Arjun,Rajkot,51,arjun5027@gmail.com
5028,Yash,Rajkot,35,yash5028@gmail.com
5029,Karan,Jaipur,45,karan5029@gmail.com
5030,Anjali,Mumbai,55,anjali5030@gmail.com
5031,Rahul,Indore,58,rahul5031@gmail.com
5032,Rahul,Delhi,29,rahul5032@gmail.com
5033,Aditya,Mumbai,58,aditya5033@gmail.com
5034,Rahul,Delhi,28,rahul5034@gmail.com
5035,Vikas,Jaipur,18,vikas5035@gmail.com
5036,Harsh,Nagpur,48,harsh5036@gmail.com
5037,Anjali,Delhi,58,anjali5037@gmail.com
5038,Harsh,Indore,46,harsh5038@gmail.com
5039,Mohit,Nagpur,57,mohit5039@gmail.com
5040,Aman,Vadodara,46,aman5040@gmail.com
5041,Priya,Ahmedabad,59,priya5041@gmail.com
5042,Yash,Jaipur,39,yash5042@gmail.com
5043,Riya,Ahmedabad,39,riya5043@gmail.com
5044,Kriti,Vadodara,47,kriti5044@gmail.com
5045,Priya,Jaipur,51,priya5045@gmail.com
5046,Aman,Pune,41,aman5046@gmail.com
5047,Nisha,Surat,52,nisha5047@gmail.com
5048,Karan,Pune,32,karan5048@gmail.com
5049,Arjun,Pune,25,arjun5049@gmail.com
5050,Meera,Ahmedabad,26,meera5050@gmail.com
5051,Anjali,Ahmedabad,46,anjali5051@gmail.com
5052,Nisha,Vadodara,23,nisha5052@gmail.com
5053,Yash,Mumbai,43,yash5053@gmail.com
5054,Yash,Delhi,27,yash5054@gmail.com
5055,Sneha,Surat,30,sneha5055@gmail.com
5056,Anjali,Vadodara,56,anjali5056@gmail.com
5057,Karan,Rajkot,51,karan5057@gmail.com
5058,Yash,Surat,52,yash5058@gmail.com
5059,Anjali,Vadodara,32,anjali5059@gmail.com
5060,Yash,Mumbai,41,yash5060@gmail.com
5061,Riya,Pune,28,riya5061@gmail.com
5062,Kavya,Delhi,27,kavya5062@gmail.com
5063,Meera,Rajkot,45,meera5063@gmail.com
5064,Mohit,Ahmedabad,21,mohit5064@gmail.com
5065,Vikas,Ahmedabad,42,vikas5065@gmail.com
5066,Yash,Indore,48,yash5066@gmail.com
5067,Arjun,Jaipur,26,arjun5067@gmail.com
5068,Pooja,Surat,22,pooja5068@gmail.com
5069,Aman,Vadodara,60,aman5069@gmail.com
5070,Pooja,Delhi,57,pooja5070@gmail.com
5071,Kavya,Pune,21,kavya5071@gmail.com
5072,Nisha,Mumbai,27,nisha5072@gmail.com
5073,Kriti,Mumbai,33,kriti5073@gmail.com
5074,Vikas,Mumbai,59,vikas5074@gmail.com
5075,Nisha,Indore,55,nisha5075@gmail.com
5076,Mohit,Delhi,40,mohit5076@gmail.com
5077,Neha,Delhi,35,neha5077@gmail.com
5078,Karan,Indore,25,karan5078@gmail.com
5079,Harsh,Mumbai,31,harsh5079@gmail.com
5080,Arjun,Mumbai,35,arjun5080@gmail.com
5081,Rohit,Surat,58,rohit5081@gmail.com
5082,Priya,Vadodara,37,priya5082@gmail.com
5083,Yash,Pune,58,yash5083@gmail.com
5084,Kavya,Nagpur,32,kavya5084@gmail.com
5085,Arjun,Ahmedabad,25,arjun5085@gmail.com
5086,Meera,Rajkot,47,meera5086@gmail.com
5087,Karan,Pune,39,karan5087@gmail.com
5088,Aman,Surat,42,aman5088@gmail.com
5089,Aman,Pune,58,aman5089@gmail.com
5090,Arjun,Indore,55,arjun5090@gmail.com
5091,Riya,Nagpur,36,riya5091@gmail.com
5092,Sneha,Vadodara,24,sneha5092@gmail.com
5093,Neha,Rajkot,56,neha5093@gmail.com
5094,Anjali,Delhi,60,anjali5094@gmail.com
5095,Kriti,Indore,44,kriti5095@gmail.com
5096,Rahul,Pune,35,rahul5096@gmail.com
5097,Aman,Ahmedabad,58,aman5097@gmail.com
5098,Yash,Jaipur,44,yash5098@gmail.com
5099,Aman,Jaipur,23,aman5099@gmail.com
5100,Aditya,Pune,49,aditya5100@gmail.com
5101,Sneha,Rajkot,49,sneha5101@gmail.com
5102,Sneha,Rajkot,45,sneha5102@gmail.com
5103,Aman,Pune,49,aman5103@gmail.com
5104,Meera,Rajkot,54,meera5104@gmail.com
5105,Vikas,Rajkot,51,vikas5105@gmail.com
5106,Vikas,Surat,56,vikas5106@gmail.com
5107,Priya,Rajkot,59,priya5107@gmail.com
5108,Priya,Rajkot,24,priya5108@gmail.com
5109,Priya,Delhi,41,priya5109@gmail.com
5110,Harsh,Rajkot,44,harsh5110@gmail.com
5111,Vikas,Surat,40,vikas5111@gmail.com
5112,Arjun,Nagpur,54,arjun5112@gmail.com
5113,Yash,Surat,43,yash5113@gmail.com
5114,Nisha,Surat,31,nisha5114@gmail.com
5115,Harsh,Mumbai,19,harsh5115@gmail.com
5116,Rohit,Pune,36,rohit5116@gmail.com
5117,Nisha,Surat,47,nisha5117@gmail.com
5118,Aman,Jaipur,40,aman5118@gmail.com
5119,Anjali,Delhi,35,anjali5119@gmail.com
5120,Arjun,Surat,38,arjun5120@gmail.com
5121,Arjun,Ahmedabad,28,arjun5121@gmail.com
5122,Mohit,Vadodara,53,mohit5122@gmail.com
5123,Rohit,Indore,40,rohit5123@gmail.com
5124,Riya,Nagpur,23,riya5124@gmail.com
5125,Rohit,Jaipur,57,rohit5125@gmail.com
5126,Meera,Delhi,38,meera5126@gmail.com
5127,Pooja,Pune,23,pooja5127@gmail.com
5128,Vikas,Jaipur,57,vikas5128@gmail.com
5129,Kriti,Mumbai,42,kriti5129@gmail.com
5130,Mohit,Ahmedabad,49,mohit5130@gmail.com
5131,Anjali,Jaipur,46,anjali5131@gmail.com
5132,Anjali,Mumbai,28,anjali5132@gmail.com
5133,Rohit,Surat,25,rohit5133@gmail.com
5134,Mohit,Rajkot,37,mohit5134@gmail.com
5135,Yash,Vadodara,36,yash5135@gmail.com
5136,Meera,Vadodara,29,meera5136@gmail.com
5137,Vikas,Rajkot,22,vikas5137@gmail.com
5138,Mohit,Pune,23,mohit5138@gmail.com
5139,Kavya,Indore,34,kavya5139@gmail.com
5140,Karan,Jaipur,52,karan5140@gmail.com
5141,Anjali,Indore,26,anjali5141@gmail.com
5142,Vikas,Pune,36,vikas5142@gmail.com
5143,Kavya,Rajkot,23,kavya5143@gmail.com
5144,Rohit,Delhi,46,rohit5144@gmail.com
5145,Rahul,Delhi,53,rahul5145@gmail.com
5146,Karan,Ahmedabad,19,karan5146@gmail.com
5147,Kriti,Delhi,32,kriti5147@gmail.com
5148,Sneha,Delhi,46,sneha5148@gmail.com
5149,Mohit,Mumbai,18,mohit5149@gmail.com
5150,Pooja,Delhi,19,pooja5150@gmail.com
5151,Kavya,Nagpur,46,kavya5151@gmail.com
5152,Nisha,Vadodara,53,nisha5152@gmail.com
5153,Harsh,Delhi,44,harsh5153@gmail.com
5154,Riya,Vadodara,55,riya5154@gmail.com
5155,Vikas,Rajkot,42,vikas5155@gmail.com
5156,Aman,Jaipur,34,aman5156@gmail.com
5157,Nisha,Jaipur,41,nisha5157@gmail.com
5158,Sneha,Jaipur,52,sneha5158@gmail.com
5159,Anjali,Pune,26,anjali5159@gmail.com
5160,Rohit,Delhi,52,rohit5160@gmail.com
5161,Harsh,Mumbai,24,harsh5161@gmail.com
5162,Yash,Nagpur,52,yash5162@gmail.com
5163,Rohit,Pune,56,rohit5163@gmail.com
5164,Sneha,Jaipur,59,sneha5164@gmail.com
5165,Meera,Delhi,47,meera5165@gmail.com
5166,Aman,Rajkot,21,aman5166@gmail.com
5167,Arjun,Rajkot,46,arjun5167@gmail.com
5168,Kriti,Rajkot,45,kriti5168@gmail.com
5169,Neha,Mumbai,19,neha5169@gmail.com
5170,Meera,Nagpur,53,meera5170@gmail.com
5171,Rahul,Jaipur,48,rahul5171@gmail.com
5172,Karan,Pune,40,karan5172@gmail.com
5173,Neha,Ahmedabad,54,neha5173@gmail.com
5174,Aman,Surat,56,aman5174@gmail.com
5175,Kriti,Indore,26,kriti5175@gmail.com
5176,Vikas,Delhi,60,vikas5176@gmail.com
5177,Arjun,Ahmedabad,52,arjun5177@gmail.com
5178,Pooja,Jaipur,32,pooja5178@gmail.com
5179,Harsh,Vadodara,44,harsh5179@gmail.com
5180,Karan,Vadodara,55,karan5180@gmail.com
5181,Rohit,Surat,57,rohit5181@gmail.com
5182,Rahul,Jaipur,55,rahul5182@gmail.com
5183,Priya,Pune,57,priya5183@gmail.com
5184,Neha,Vadodara,44,neha5184@gmail.com
5185,Riya,Delhi,33,riya5185@gmail.com
5186,Kavya,Mumbai,29,kavya5186@gmail.com
5187,Aditya,Nagpur,25,aditya5187@gmail.com
5188,Rohit,Pune,24,rohit5188@gmail.com
5189,Vikas,Rajkot,42,vikas5189@gmail.com
5190,Nisha,Indore,48,nisha5190@gmail.com
5191,Karan,Jaipur,29,karan5191@gmail.com
5192,Priya,Ahmedabad,40,priya5192@gmail.com
5193,Riya,Indore,34,riya5193@gmail.com
5194,Kriti,Pune,29,kriti5194@gmail.com
5195,Aman,Indore,30,aman5195@gmail.com
5196,Sneha,Jaipur,59,sneha5196@gmail.com
5197,Neha,Jaipur,46,neha5197@gmail.com
5198,Priya,Vadodara,34,priya5198@gmail.com
5199,Aditya,Rajkot,21,aditya5199@gmail.com
5200,Meera,Surat,41,meera5200@gmail.com
5201,Priya,Mumbai,18,priya5201@gmail.com
5202,Yash,Surat,18,yash5202@gmail.com
5203,Rohit,Indore,37,rohit5203@gmail.com
5204,Aditya,Rajkot,54,aditya5204@gmail.com
5205,Anjali,Pune,29,anjali5205@gmail.com
5206,Mohit,Rajkot,49,mohit5206@gmail.com
5207,Riya,Vadodara,31,riya5207@gmail.com
5208,Anjali,Pune,27,anjali5208@gmail.com
5209,Kavya,Jaipur,54,kavya5209@gmail.com
5210,Riya,Nagpur,29,riya5210@gmail.com
5211,Yash,Mumbai,46,yash5211@gmail.com
5212,Aditya,Rajkot,20,aditya5212@gmail.com
5213,Meera,Pune,37,meera5213@gmail.com
5214,Pooja,Pune,40,pooja5214@gmail.com
5215,Riya,Rajkot,51,riya5215@gmail.com
5216,Riya,Pune,49,riya5216@gmail.com
5217,Mohit,Rajkot,27,mohit5217@gmail.com
5218,Kavya,Jaipur,47,kavya5218@gmail.com
5219,Meera,Indore,46,meera5219@gmail.com
5220,Priya,Vadodara,22,priya5220@gmail.com
5221,Rohit,Delhi,41,rohit5221@gmail.com
5222,Karan,Delhi,49,karan5222@gmail.com
5223,Mohit,Indore,20,mohit5223@gmail.com
5224,Anjali,Surat,48,anjali5224@gmail.com
5225,Harsh,Pune,51,harsh5225@gmail.com
5226,Neha,Jaipur,51,neha5226@gmail.com
5227,Harsh,Rajkot,52,harsh5227@gmail.com
5228,Yash,Indore,52,yash5228@gmail.com
5229,Mohit,Ahmedabad,38,mohit5229@gmail.com
5230,Karan,Nagpur,30,karan5230@gmail.com
5231,Pooja,Indore,43,pooja5231@gmail.com
5232,Nisha,Indore,23,nisha5232@gmail.com
5233,Kriti,Surat,49,kriti5233@gmail.com
5234,Priya,Jaipur,53,priya5234@gmail.com
5235,Kriti,Rajkot,42,kriti5235@gmail.com
5236,Pooja,Nagpur,36,pooja5236@gmail.com
5237,Rahul,Vadodara,20,rahul5237@gmail.com
5238,Mohit,Pune,37,mohit5238@gmail.com
5239,Harsh,Rajkot,52,harsh5239@gmail.com
5240,Riya,Jaipur,21,riya5240@gmail.com
5241,Meera,Surat,21,meera5241@gmail.com
5242,Pooja,Indore,30,pooja5242@gmail.com
5243,Anjali,Vadodara,21,anjali5243@gmail.com
5244,Nisha,Vadodara,51,nisha5244@gmail.com
5245,Riya,Vadodara,41,riya5245@gmail.com
5246,Rahul,Delhi,24,rahul5246@gmail.com
5247,Arjun,Mumbai,32,arjun5247@gmail.com
5248,Rohit,Pune,31,rohit5248@gmail.com
5249,Kriti,Delhi,54,kriti5249@gmail.com
5250,Kavya,Surat,20,kavya5250@gmail.com
5251,Vikas,Delhi,25,vikas5251@gmail.com
5252,Pooja,Surat,33,pooja5252@gmail.com
5253,Rohit,Mumbai,42,rohit5253@gmail.com
5254,Sneha,Jaipur,43,sneha5254@gmail.com
5255,Rahul,Mumbai,27,rahul5255@gmail.com
5256,Kavya,Delhi,57,kavya5256@gmail.com
5257,Aman,Indore,54,aman5257@gmail.com
5258,Pooja,Delhi,59,pooja5258@gmail.com
5259,Aman,Indore,18,aman5259@gmail.com
5260,Nisha,Indore,42,nisha5260@gmail.com
5261,Aman,Delhi,49,aman5261@gmail.com
5262,Aman,Rajkot,18,aman5262@gmail.com
5263,Vikas,Surat,46,vikas5263@gmail.com
5264,Karan,Delhi,22,karan5264@gmail.com
5265,Priya,Pune,28,priya5265@gmail.com
5266,Kriti,Pune,29,kriti5266@gmail.com
5267,Meera,Jaipur,28,meera5267@gmail.com
5268,Aman,Indore,36,aman5268@gmail.com
5269,Meera,Ahmedabad,36,meera5269@gmail.com
5270,Harsh,Ahmedabad,24,harsh5270@gmail.com
5271,Priya,Indore,30,priya5271@gmail.com
5272,Neha,Vadodara,49,neha5272@gmail.com
5273,Mohit,Mumbai,51,mohit5273@gmail.com
5274,Rahul,Nagpur,48,rahul5274@gmail.com
5275,Priya,Pune,32,priya5275@gmail.com
5276,Rahul,Indore,29,rahul5276@gmail.com
5277,Neha,Pune,33,neha5277@gmail.com
5278,Nisha,Rajkot,41,nisha5278@gmail.com
5279,Arjun,Mumbai,46,arjun5279@gmail.com
5280,Kavya,Surat,60,kavya5280@gmail.com
5281,Yash,Delhi,31,yash5281@gmail.com
5282,Rohit,Surat,54,rohit5282@gmail.com
5283,Aditya,Mumbai,39,aditya5283@gmail.com
5284,Aman,Mumbai,40,aman5284@gmail.com
5285,Arjun,Delhi,59,arjun5285@gmail.com
5286,Rahul,Indore,42,rahul5286@gmail.com
5287,Karan,Ahmedabad,50,karan5287@gmail.com
5288,Neha,Delhi,29,neha5288@gmail.com
5289,Mohit,Jaipur,60,mohit5289@gmail.com
5290,Arjun,Surat,46,arjun5290@gmail.com
5291,Neha,Delhi,56,neha5291@gmail.com
5292,Yash,Ahmedabad,53,yash5292@gmail.com
5293,Riya,Mumbai,53,riya5293@gmail.com
5294,Rohit,Surat,25,rohit5294@gmail.com
5295,Neha,Indore,51,neha5295@gmail.com
5296,Meera,Surat,57,meera5296@gmail.com
5297,Riya,Jaipur,41,riya5297@gmail.com
5298,Rahul,Mumbai,24,rahul5298@gmail.com
5299,Sneha,Surat,42,sneha5299@gmail.com
5300,Aditya,Rajkot,21,aditya5300@gmail.com
5301,Vikas,Rajkot,25,vikas5301@gmail.com
5302,Sneha,Surat,54,sneha5302@gmail.com
5303,Meera,Pune,19,meera5303@gmail.com
5304,Kriti,Rajkot,59,kriti5304@gmail.com
5305,Vikas,Ahmedabad,57,vikas5305@gmail.com
5306,Vikas,Nagpur,33,vikas5306@gmail.com
5307,Kriti,Rajkot,34,kriti5307@gmail.com
5308,Anjali,Nagpur,48,anjali5308@gmail.com
5309,Karan,Nagpur,52,karan5309@gmail.com
5310,Anjali,Delhi,27,anjali5310@gmail.com
5311,Pooja,Mumbai,42,pooja5311@gmail.com
5312,Aman,Mumbai,41,aman5312@gmail.com
5313,Aditya,Indore,37,aditya5313@gmail.com
5314,Karan,Surat,47,karan5314@gmail.com
5315,Nisha,Vadodara,32,nisha5315@gmail.com
5316,Vikas,Mumbai,58,vikas5316@gmail.com
5317,Anjali,Delhi,43,anjali5317@gmail.com
5318,Nisha,Indore,47,nisha5318@gmail.com
5319,Arjun,Nagpur,42,arjun5319@gmail.com
5320,Arjun,Jaipur,39,arjun5320@gmail.com
5321,Rohit,Indore,26,rohit5321@gmail.com
5322,Yash,Delhi,33,yash5322@gmail.com
5323,Mohit,Delhi,54,mohit5323@gmail.com
5324,Mohit,Rajkot,41,mohit5324@gmail.com
5325,Arjun,Vadodara,44,arjun5325@gmail.com
5326,Anjali,Ahmedabad,31,anjali5326@gmail.com
5327,Vikas,Mumbai,48,vikas5327@gmail.com
5328,Priya,Vadodara,59,priya5328@gmail.com
5329,Arjun,Ahmedabad,57,arjun5329@gmail.com
5330,Nisha,Surat,30,nisha5330@gmail.com
5331,Mohit,Jaipur,53,mohit5331@gmail.com
5332,Riya,Indore,51,riya5332@gmail.com
5333,Nisha,Mumbai,46,nisha5333@gmail.com
5334,Aditya,Delhi,42,aditya5334@gmail.com
5335,Harsh,Mumbai,35,harsh5335@gmail.com
5336,Harsh,Mumbai,59,harsh5336@gmail.com
5337,Vikas,Rajkot,30,vikas5337@gmail.com
5338,Karan,Indore,38,karan5338@gmail.com
5339,Arjun,Delhi,26,arjun5339@gmail.com
5340,Kriti,Jaipur,57,kriti5340@gmail.com
5341,Kavya,Vadodara,58,kavya5341@gmail.com
5342,Rahul,Pune,22,rahul5342@gmail.com
5343,Neha,Surat,18,neha5343@gmail.com
5344,Rahul,Jaipur,23,rahul5344@gmail.com
5345,Rohit,Jaipur,30,rohit5345@gmail.com
5346,Karan,Delhi,37,karan5346@gmail.com
5347,Neha,Jaipur,57,neha5347@gmail.com
5348,Rohit,Rajkot,46,rohit5348@gmail.com
5349,Kriti,Jaipur,29,kriti5349@gmail.com
5350,Pooja,Ahmedabad,24,pooja5350@gmail.com
5351,Meera,Mumbai,27,meera5351@gmail.com
5352,Riya,Indore,25,riya5352@gmail.com
5353,Meera,Rajkot,44,meera5353@gmail.com
5354,Riya,Vadodara,53,riya5354@gmail.com
5355,Kriti,Ahmedabad,33,kriti5355@gmail.com
5356,Priya,Mumbai,46,priya5356@gmail.com
5357,Priya,Surat,26,priya5357@gmail.com
5358,Vikas,Nagpur,42,vikas5358@gmail.com
5359,Kriti,Mumbai,19,kriti5359@gmail.com
5360,Harsh,Jaipur,46,harsh5360@gmail.com
5361,Harsh,Rajkot,29,harsh5361@gmail.com
5362,Arjun,Surat,49,arjun5362@gmail.com
5363,Harsh,Jaipur,39,harsh5363@gmail.com
5364,Neha,Jaipur,22,neha5364@gmail.com
5365,Riya,Mumbai,57,riya5365@gmail.com
5366,Pooja,Indore,27,pooja5366@gmail.com
5367,Priya,Delhi,58,priya5367@gmail.com
5368,Rohit,Ahmedabad,23,rohit5368@gmail.com
5369,Anjali,Rajkot,49,anjali5369@gmail.com
5370,Aditya,Rajkot,55,aditya5370@gmail.com
5371,Nisha,Mumbai,41,nisha5371@gmail.com
5372,Aman,Delhi,50,aman5372@gmail.com
5373,Aman,Vadodara,19,aman5373@gmail.com
5374,Kriti,Jaipur,28,kriti5374@gmail.com
5375,Rahul,Delhi,37,rahul5375@gmail.com
5376,Aman,Nagpur,45,aman5376@gmail.com
5377,Rohit,Surat,35,rohit5377@gmail.com
5378,Arjun,Pune,39,arjun5378@gmail.com
5379,Meera,Surat,26,meera5379@gmail.com
5380,Kavya,Surat,54,kavya5380@gmail.com
5381,Aditya,Ahmedabad,42,aditya5381@gmail.com
5382,Mohit,Nagpur,42,mohit5382@gmail.com
5383,Vikas,Surat,35,vikas5383@gmail.com
5384,Vikas,Jaipur,41,vikas5384@gmail.com
5385,Yash,Indore,44,yash5385@gmail.com
5386,Rohit,Mumbai,40,rohit5386@gmail.com
5387,Aman,Vadodara,30,aman5387@gmail.com
5388,Kriti,Ahmedabad,35,kriti5388@gmail.com
5389,Neha,Nagpur,60,neha5389@gmail.com
5390,Neha,Jaipur,50,neha5390@gmail.com
5391,Priya,Surat,26,priya5391@gmail.com
5392,Priya,Delhi,22,priya5392@gmail.com
5393,Riya,Jaipur,22,riya5393@gmail.com
5394,Karan,Rajkot,33,karan5394@gmail.com
5395,Neha,Pune,18,neha5395@gmail.com
5396,Aditya,Jaipur,57,aditya5396@gmail.com
5397,Neha,Mumbai,55,neha5397@gmail.com
5398,Arjun,Jaipur,60,arjun5398@gmail.com
5399,Priya,Rajkot,25,priya5399@gmail.com
5400,Rahul,Mumbai,30,rahul5400@gmail.com
5401,Neha,Mumbai,23,neha5401@gmail.com
5402,Neha,Surat,45,neha5402@gmail.com
5403,Sneha,Delhi,21,sneha5403@gmail.com
5404,Neha,Indore,38,neha5404@gmail.com
5405,Yash,Delhi,48,yash5405@gmail.com
5406,Mohit,Nagpur,56,mohit5406@gmail.com
5407,Riya,Nagpur,36,riya5407@gmail.com
5408,Harsh,Surat,46,harsh5408@gmail.com
5409,Riya,Vadodara,18,riya5409@gmail.com
5410,Neha,Mumbai,30,neha5410@gmail.com
5411,Aman,Mumbai,52,aman5411@gmail.com
5412,Harsh,Delhi,25,harsh5412@gmail.com
5413,Neha,Delhi,29,neha5413@gmail.com
5414,Rohit,Delhi,28,rohit5414@gmail.com
5415,Vikas,Rajkot,36,vikas5415@gmail.com
5416,Kavya,Indore,50,kavya5416@gmail.com
5417,Pooja,Delhi,45,pooja5417@gmail.com
5418,Aman,Jaipur,33,aman5418@gmail.com
5419,Yash,Surat,59,yash5419@gmail.com
5420,Aman,Ahmedabad,28,aman5420@gmail.com
5421,Neha,Surat,22,neha5421@gmail.com
5422,Kriti,Jaipur,21,kriti5422@gmail.com
5423,Kavya,Indore,23,kavya5423@gmail.com
5424,Arjun,Surat,23,arjun5424@gmail.com
5425,Rohit,Rajkot,41,rohit5425@gmail.com
5426,Kavya,Pune,54,kavya5426@gmail.com
5427,Aman,Jaipur,46,aman5427@gmail.com
5428,Anjali,Nagpur,41,anjali5428@gmail.com
5429,Kriti,Ahmedabad,49,kriti5429@gmail.com
5430,Rohit,Vadodara,30,rohit5430@gmail.com
5431,Sneha,Rajkot,28,sneha5431@gmail.com
5432,Rahul,Jaipur,44,rahul5432@gmail.com
5433,Arjun,Nagpur,38,arjun5433@gmail.com
5434,Vikas,Nagpur,47,vikas5434@gmail.com
5435,Arjun,Mumbai,27,arjun5435@gmail.com
5436,Vikas,Indore,19,vikas5436@gmail.com
5437,Karan,Jaipur,42,karan5437@gmail.com
5438,Karan,Indore,41,karan5438@gmail.com
5439,Aditya,Indore,60,aditya5439@gmail.com
5440,Riya,Mumbai,55,riya5440@gmail.com
5441,Riya,Delhi,24,riya5441@gmail.com
5442,Aditya,Indore,48,aditya5442@gmail.com
5443,Karan,Ahmedabad,39,karan5443@gmail.com
5444,Mohit,Surat,49,mohit5444@gmail.com
5445,Vikas,Mumbai,37,vikas5445@gmail.com
5446,Meera,Ahmedabad,32,meera5446@gmail.com
5447,Mohit,Nagpur,56,mohit5447@gmail.com
5448,Kriti,Indore,45,kriti5448@gmail.com
5449,Riya,Nagpur,60,riya5449@gmail.com
5450,Rahul,Jaipur,24,rahul5450@gmail.com
5451,Neha,Jaipur,48,neha5451@gmail.com
5452,Kavya,Ahmedabad,27,kavya5452@gmail.com
5453,Sneha,Vadodara,49,sneha5453@gmail.com
5454,Mohit,Indore,49,mohit5454@gmail.com
5455,Aditya,Ahmedabad,58,aditya5455@gmail.com
5456,Riya,Jaipur,58,riya5456@gmail.com
5457,Pooja,Rajkot,45,pooja5457@gmail.com
5458,Kavya,Pune,56,kavya5458@gmail.com
5459,Karan,Vadodara,36,karan5459@gmail.com
5460,Rohit,Jaipur,26,rohit5460@gmail.com
5461,Anjali,Rajkot,48,anjali5461@gmail.com
5462,Neha,Surat,46,neha5462@gmail.com
5463,Anjali,Indore,33,anjali5463@gmail.com
5464,Mohit,Jaipur,32,mohit5464@gmail.com
5465,Rohit,Nagpur,35,rohit5465@gmail.com
5466,Meera,Jaipur,54,meera5466@gmail.com
5467,Rohit,Delhi,26,rohit5467@gmail.com
5468,Rohit,Rajkot,32,rohit5468@gmail.com
5469,Harsh,Rajkot,33,harsh5469@gmail.com
5470,Sneha,Nagpur,54,sneha5470@gmail.com
5471,Kriti,Surat,38,kriti5471@gmail.com
5472,Yash,Pune,42,yash5472@gmail.com
5473,Karan,Rajkot,38,karan5473@gmail.com
5474,Neha,Vadodara,49,neha5474@gmail.com
5475,Arjun,Rajkot,35,arjun5475@gmail.com
5476,Neha,Nagpur,42,neha5476@gmail.com
5477,Mohit,Ahmedabad,27,mohit5477@gmail.com
5478,Anjali,Surat,48,anjali5478@gmail.com
5479,Sneha,Delhi,58,sneha5479@gmail.com
5480,Aditya,Jaipur,40,aditya5480@gmail.com
5481,Kavya,Nagpur,53,kavya5481@gmail.com
5482,Karan,Ahmedabad,38,karan5482@gmail.com
5483,Kriti,Jaipur,56,kriti5483@gmail.com
5484,Meera,Delhi,59,meera5484@gmail.com
5485,Mohit,Rajkot,56,mohit5485@gmail.com
5486,Priya,Ahmedabad,21,priya5486@gmail.com
5487,Mohit,Vadodara,50,mohit5487@gmail.com
5488,Pooja,Delhi,42,pooja5488@gmail.com
5489,Nisha,Surat,37,nisha5489@gmail.com
5490,Aman,Delhi,27,aman5490@gmail.com
5491,Pooja,Surat,19,pooja5491@gmail.com
5492,Nisha,Pune,41,nisha5492@gmail.com
5493,Arjun,Mumbai,46,arjun5493@gmail.com
5494,Vikas,Vadodara,28,vikas5494@gmail.com
5495,Kavya,Nagpur,38,kavya5495@gmail.com
5496,Priya,Ahmedabad,47,priya5496@gmail.com
5497,Aman,Delhi,56,aman5497@gmail.com
5498,Arjun,Ahmedabad,28,arjun5498@gmail.com
5499,Harsh,Mumbai,38,harsh5499@gmail.com
5500,Aditya,Pune,21,aditya5500@gmail.com
5501,Rohit,Vadodara,48,rohit5501@gmail.com
5502,Anjali,Mumbai,38,anjali5502@gmail.com
5503,Vikas,Vadodara,19,vikas5503@gmail.com
5504,Nisha,Jaipur,43,nisha5504@gmail.com
5505,Riya,Jaipur,57,riya5505@gmail.com
5506,Rahul,Ahmedabad,38,rahul5506@gmail.com
5507,Harsh,Rajkot,20,harsh5507@gmail.com
5508,Yash,Surat,26,yash5508@gmail.com
5509,Kriti,Pune,22,kriti5509@gmail.com
5510,Karan,Mumbai,24,karan5510@gmail.com
5511,Yash,Mumbai,33,yash5511@gmail.com
5512,Neha,Jaipur,40,neha5512@gmail.com
5513,Rohit,Pune,44,rohit5513@gmail.com
5514,Rohit,Pune,49,rohit5514@gmail.com
5515,Vikas,Vadodara,21,vikas5515@gmail.com
5516,Yash,Indore,59,yash5516@gmail.com
5517,Vikas,Mumbai,53,vikas5517@gmail.com
5518,Neha,Delhi,46,neha5518@gmail.com
5519,Riya,Pune,34,riya5519@gmail.com
5520,Sneha,Delhi,21,sneha5520@gmail.com
5521,Meera,Surat,21,meera5521@gmail.com
5522,Sneha,Nagpur,20,sneha5522@gmail.com
5523,Rahul,Delhi,32,rahul5523@gmail.com
5524,Karan,Mumbai,50,karan5524@gmail.com
5525,Rohit,Jaipur,42,rohit5525@gmail.com
5526,Vikas,Surat,50,vikas5526@gmail.com
5527,Pooja,Nagpur,19,pooja5527@gmail.com
5528,Nisha,Vadodara,22,nisha5528@gmail.com
5529,Rahul,Delhi,55,rahul5529@gmail.com
5530,Rahul,Delhi,32,rahul5530@gmail.com
5531,Harsh,Nagpur,18,harsh5531@gmail.com
5532,Anjali,Pune,55,anjali5532@gmail.com
5533,Anjali,Vadodara,28,anjali5533@gmail.com
5534,Vikas,Delhi,27,vikas5534@gmail.com
5535,Meera,Surat,58,meera5535@gmail.com
5536,Kavya,Ahmedabad,35,kavya5536@gmail.com
5537,Meera,Jaipur,50,meera5537@gmail.com
5538,Vikas,Mumbai,30,vikas5538@gmail.com
5539,Kavya,Ahmedabad,39,kavya5539@gmail.com
5540,Mohit,Jaipur,34,mohit5540@gmail.com
5541,Vikas,Pune,59,vikas5541@gmail.com
5542,Pooja,Nagpur,19,pooja5542@gmail.com
5543,Arjun,Rajkot,59,arjun5543@gmail.com
5544,Yash,Indore,31,yash5544@gmail.com
5545,Riya,Pune,20,riya5545@gmail.com
5546,Vikas,Pune,31,vikas5546@gmail.com
5547,Mohit,Rajkot,37,mohit5547@gmail.com
5548,Mohit,Rajkot,37,mohit5548@gmail.com
5549,Anjali,Nagpur,21,anjali5549@gmail.com
5550,Sneha,Rajkot,34,sneha5550@gmail.com
5551,Mohit,Vadodara,19,mohit5551@gmail.com
5552,Pooja,Surat,31,pooja5552@gmail.com
5553,Riya,Jaipur,31,riya5553@gmail.com
5554,Kriti,Indore,38,kriti5554@gmail.com
5555,Arjun,Indore,56,arjun5555@gmail.com
5556,Riya,Nagpur,48,riya5556@gmail.com
5557,Meera,Rajkot,36,meera5557@gmail.com
5558,Sneha,Pune,57,sneha5558@gmail.com
5559,Priya,Surat,19,priya5559@gmail.com
5560,Kavya,Surat,18,kavya5560@gmail.com
5561,Aman,Surat,37,aman5561@gmail.com
5562,Arjun,Indore,54,arjun5562@gmail.com
5563,Riya,Pune,21,riya5563@gmail.com
5564,Anjali,Delhi,59,anjali5564@gmail.com
5565,Mohit,Indore,41,mohit5565@gmail.com
5566,Neha,Ahmedabad,44,neha5566@gmail.com
5567,Aditya,Ahmedabad,20,aditya5567@gmail.com
5568,Priya,Ahmedabad,27,priya5568@gmail.com
5569,Aman,Nagpur,31,aman5569@gmail.com
5570,Priya,Surat,48,priya5570@gmail.com
5571,Riya,Surat,25,riya5571@gmail.com
5572,Neha,Delhi,47,neha5572@gmail.com
5573,Harsh,Vadodara,35,harsh5573@gmail.com
5574,Aman,Surat,54,aman5574@gmail.com
5575,Kriti,Pune,27,kriti5575@gmail.com
5576,Mohit,Pune,43,mohit5576@gmail.com
5577,Vikas,Surat,20,vikas5577@gmail.com
5578,Kriti,Indore,47,kriti5578@gmail.com
5579,Nisha,Mumbai,18,nisha5579@gmail.com
5580,Harsh,Surat,60,harsh5580@gmail.com
5581,Neha,Ahmedabad,36,neha5581@gmail.com
5582,Kriti,Delhi,35,kriti5582@gmail.com
5583,Aditya,Ahmedabad,30,aditya5583@gmail.com
5584,Sneha,Nagpur,18,sneha5584@gmail.com
5585,Rahul,Rajkot,45,rahul5585@gmail.com
5586,Meera,Nagpur,32,meera5586@gmail.com
5587,Rahul,Ahmedabad,41,rahul5587@gmail.com
5588,Neha,Rajkot,41,neha5588@gmail.com
5589,Arjun,Nagpur,52,arjun5589@gmail.com
5590,Riya,Jaipur,60,riya5590@gmail.com
5591,Anjali,Vadodara,52,anjali5591@gmail.com
5592,Karan,Jaipur,58,karan5592@gmail.com
5593,Anjali,Indore,29,anjali5593@gmail.com
5594,Harsh,Indore,41,harsh5594@gmail.com
5595,Arjun,Jaipur,36,arjun5595@gmail.com
5596,Karan,Nagpur,52,karan5596@gmail.com
5597,Nisha,Jaipur,45,nisha5597@gmail.com
5598,Neha,Rajkot,34,neha5598@gmail.com
5599,Karan,Jaipur,40,karan5599@gmail.com
5600,Arjun,Nagpur,52,arjun5600@gmail.com
5600,Arjun,Nagpur,52,arjun5600@gmail.com
5601,Riya,Surat,39,riya5601@gmail.com
5602,Yash,Mumbai,56,yash5602@gmail.com
5603,Rohit,Vadodara,58,rohit5603@gmail.com
5604,Riya,Rajkot,26,riya5604@gmail.com
5605,Mohit,Indore,23,mohit5605@gmail.com
5606,Nisha,Pune,50,nisha5606@gmail.com
5607,Meera,Surat,51,meera5607@gmail.com
5608,Priya,Rajkot,18,priya5608@gmail.com
5609,Aman,Vadodara,60,aman5609@gmail.com
5610,Riya,Delhi,39,riya5610@gmail.com
5611,Kriti,Pune,38,kriti5611@gmail.com
5612,Anjali,Vadodara,43,anjali5612@gmail.com
5613,Yash,Indore,32,yash5613@gmail.com
5614,Harsh,Jaipur,44,harsh5614@gmail.com
5615,Priya,Delhi,58,priya5615@gmail.com
5616,Arjun,Mumbai,30,arjun5616@gmail.com
5617,Aditya,Vadodara,24,aditya5617@gmail.com
5618,Kriti,Mumbai,22,kriti5618@gmail.com
5619,Pooja,Delhi,43,pooja5619@gmail.com
5620,Pooja,Delhi,52,pooja5620@gmail.com
5621,Priya,Delhi,19,priya5621@gmail.com
5622,Aditya,Surat,36,aditya5622@gmail.com
5623,Priya,Delhi,29,priya5623@gmail.com
5624,Neha,Pune,34,neha5624@gmail.com
5625,Arjun,Pune,45,arjun5625@gmail.com
5626,Anjali,Indore,18,anjali5626@gmail.com
5627,Kavya,Ahmedabad,39,kavya5627@gmail.com
5628,Vikas,Jaipur,31,vikas5628@gmail.com
5629,Pooja,Indore,57,pooja5629@gmail.com
5630,Harsh,Nagpur,58,harsh5630@gmail.com
5631,Kavya,Rajkot,20,kavya5631@gmail.com
5632,Kriti,Surat,49,kriti5632@gmail.com
5633,Rohit,Jaipur,19,rohit5633@gmail.com
5634,Aman,Nagpur,42,aman5634@gmail.com
5635,Meera,Pune,45,meera5635@gmail.com
5636,Harsh,Rajkot,40,harsh5636@gmail.com
5637,Kriti,Surat,42,kriti5637@gmail.com
5638,Rahul,Nagpur,23,rahul5638@gmail.com
5639,Kriti,Ahmedabad,52,kriti5639@gmail.com
5640,Neha,Pune,33,neha5640@gmail.com
5641,Priya,Nagpur,42,priya5641@gmail.com
5642,Rohit,Delhi,56,rohit5642@gmail.com
5643,Kriti,Surat,38,kriti5643@gmail.com
5644,Pooja,Vadodara,46,pooja5644@gmail.com
5645,Mohit,Rajkot,44,mohit5645@gmail.com
5646,Priya,Surat,26,priya5646@gmail.com
5647,Harsh,Surat,50,harsh5647@gmail.com
5648,Arjun,Pune,50,arjun5648@gmail.com
5649,Riya,Nagpur,35,riya5649@gmail.com
5650,Harsh,Indore,52,harsh5650@gmail.com
5651,Rahul,Ahmedabad,55,rahul5651@gmail.com
5652,Priya,Vadodara,49,priya5652@gmail.com
5653,Riya,Nagpur,36,riya5653@gmail.com
5654,Riya,Surat,36,riya5654@gmail.com
5655,Kavya,Jaipur,45,kavya5655@gmail.com
5656,Priya,Mumbai,22,priya5656@gmail.com
5657,Mohit,Nagpur,49,mohit5657@gmail.com
5658,Sneha,Surat,42,sneha5658@gmail.com
5659,Riya,Indore,20,riya5659@gmail.com
5660,Pooja,Mumbai,32,pooja5660@gmail.com
5661,Rohit,Rajkot,49,rohit5661@gmail.com
5662,Sneha,Nagpur,25,sneha5662@gmail.com
5663,Priya,Mumbai,26,priya5663@gmail.com
5664,Karan,Rajkot,54,karan5664@gmail.com
5665,Aditya,Nagpur,49,aditya5665@gmail.com
5666,Anjali,Indore,19,anjali5666@gmail.com
5667,Yash,Jaipur,58,yash5667@gmail.com
5668,Meera,Pune,44,meera5668@gmail.com
5669,Kriti,Surat,35,kriti5669@gmail.com
5670,Nisha,Vadodara,45,nisha5670@gmail.com
5671,Neha,Pune,23,neha5671@gmail.com
5672,Aman,Jaipur,48,aman5672@gmail.com
5673,Vikas,Vadodara,33,vikas5673@gmail.com
5674,Karan,Pune,19,karan5674@gmail.com
5675,Riya,Pune,54,riya5675@gmail.com
5676,Riya,Delhi,46,riya5676@gmail.com
5677,Meera,Jaipur,53,meera5677@gmail.com
5678,Aman,Nagpur,22,aman5678@gmail.com
5679,Riya,Rajkot,44,riya5679@gmail.com
5680,Priya,Vadodara,20,priya5680@gmail.com
5681,Sneha,Delhi,27,sneha5681@gmail.com
5682,Pooja,Mumbai,43,pooja5682@gmail.com
5683,Aditya,Jaipur,21,aditya5683@gmail.com
5684,Yash,Surat,25,yash5684@gmail.com
5685,Yash,Ahmedabad,55,yash5685@gmail.com
5686,Yash,Surat,37,yash5686@gmail.com
5687,Karan,Jaipur,33,karan5687@gmail.com
5688,Kriti,Delhi,30,kriti5688@gmail.com
5689,Kriti,Nagpur,48,kriti5689@gmail.com
5690,Mohit,Pune,29,mohit5690@gmail.com
5691,Vikas,Vadodara,58,vikas5691@gmail.com
5692,Meera,Pune,27,meera5692@gmail.com
5693,Karan,Vadodara,27,karan5693@gmail.com
5694,Neha,Nagpur,50,neha5694@gmail.com
5695,Neha,Rajkot,28,neha5695@gmail.com
5696,Sneha,Indore,58,sneha5696@gmail.com
5697,Anjali,Delhi,34,anjali5697@gmail.com
5698,Nisha,Surat,45,nisha5698@gmail.com
5699,Rahul,Jaipur,43,rahul5699@gmail.com
5700,Aditya,Delhi,60,aditya5700@gmail.com
5701,Anjali,Indore,46,anjali5701@gmail.com
5702,Kavya,Delhi,26,kavya5702@gmail.com
5703,Kriti,Rajkot,50,kriti5703@gmail.com
5704,Nisha,Mumbai,33,nisha5704@gmail.com
5705,Kavya,Vadodara,36,kavya5705@gmail.com
5706,Kriti,Pune,45,kriti5706@gmail.com
5707,Kavya,Surat,44,kavya5707@gmail.com
5708,Neha,Vadodara,23,neha5708@gmail.com
5709,Karan,Surat,41,karan5709@gmail.com
5710,Aman,Indore,35,aman5710@gmail.com
5711,Arjun,Jaipur,37,arjun5711@gmail.com
5712,Meera,Rajkot,38,meera5712@gmail.com
5713,Pooja,Nagpur,50,pooja5713@gmail.com
5714,Kriti,Indore,55,kriti5714@gmail.com
5715,Meera,Rajkot,56,meera5715@gmail.com
5716,Harsh,Mumbai,48,harsh5716@gmail.com
5717,Rohit,Pune,49,rohit5717@gmail.com
5718,Rohit,Vadodara,51,rohit5718@gmail.com
5719,Kavya,Pune,34,kavya5719@gmail.com
5720,Aman,Ahmedabad,36,aman5720@gmail.com
5721,Kavya,Vadodara,32,kavya5721@gmail.com
5722,Rohit,Jaipur,33,rohit5722@gmail.com
5723,Harsh,Delhi,40,harsh5723@gmail.com
5724,Pooja,Delhi,39,pooja5724@gmail.com
5725,Yash,Indore,35,yash5725@gmail.com
5726,Aman,Rajkot,45,aman5726@gmail.com
5727,Mohit,Rajkot,26,mohit5727@gmail.com
5728,Pooja,Delhi,41,pooja5728@gmail.com
5729,Meera,Vadodara,38,meera5729@gmail.com
5730,Mohit,Nagpur,55,mohit5730@gmail.com
5731,Yash,Mumbai,25,yash5731@gmail.com
5732,Pooja,Delhi,31,pooja5732@gmail.com
5733,Kavya,Jaipur,29,kavya5733@gmail.com
5734,Kriti,Jaipur,33,kriti5734@gmail.com
5735,Vikas,Nagpur,35,vikas5735@gmail.com
5736,Harsh,Nagpur,52,harsh5736@gmail.com
5737,Rohit,Mumbai,34,rohit5737@gmail.com
5738,Kavya,Pune,34,kavya5738@gmail.com
5739,Priya,Indore,53,priya5739@gmail.com
5740,Vikas,Surat,22,vikas5740@gmail.com
5741,Mohit,Ahmedabad,49,mohit5741@gmail.com
5742,Arjun,Vadodara,55,arjun5742@gmail.com
5743,Aman,Vadodara,54,aman5743@gmail.com
5744,Nisha,Delhi,35,nisha5744@gmail.com
5745,Rahul,Indore,58,rahul5745@gmail.com
5746,Kriti,Rajkot,24,kriti5746@gmail.com
5747,Kriti,Indore,42,kriti5747@gmail.com
5748,Rohit,Pune,26,rohit5748@gmail.com
5749,Riya,Pune,41,riya5749@gmail.com
5750,Rahul,Surat,22,rahul5750@gmail.com
5751,Aman,Pune,53,aman5751@gmail.com
5752,Meera,Ahmedabad,26,meera5752@gmail.com
5753,Priya,Indore,31,priya5753@gmail.com
5754,Rahul,Rajkot,21,rahul5754@gmail.com
5755,Aditya,Pune,39,aditya5755@gmail.com
5756,Kavya,Ahmedabad,36,kavya5756@gmail.com
5757,Nisha,Delhi,32,nisha5757@gmail.com
5758,Sneha,Rajkot,56,sneha5758@gmail.com
5759,Harsh,Ahmedabad,53,harsh5759@gmail.com
5760,Anjali,Delhi,27,anjali5760@gmail.com
5761,Aditya,Vadodara,55,aditya5761@gmail.com
5762,Rohit,Delhi,28,rohit5762@gmail.com
5763,Vikas,Delhi,52,vikas5763@gmail.com
5764,Kavya,Surat,28,kavya5764@gmail.com
5765,Neha,Rajkot,57,neha5765@gmail.com
5766,Aman,Nagpur,25,aman5766@gmail.com
5767,Priya,Delhi,44,priya5767@gmail.com
5768,Sneha,Delhi,47,sneha5768@gmail.com
5769,Kavya,Mumbai,29,kavya5769@gmail.com
5770,Sneha,Ahmedabad,24,sneha5770@gmail.com
5771,Aditya,Delhi,60,aditya5771@gmail.com
5772,Pooja,Indore,55,pooja5772@gmail.com
5773,Kavya,Indore,46,kavya5773@gmail.com
5774,Mohit,Delhi,24,mohit5774@gmail.com
5775,Neha,Indore,46,neha5775@gmail.com
5776,Arjun,Mumbai,42,arjun5776@gmail.com
5777,Kavya,Indore,19,kavya5777@gmail.com
5778,Meera,Ahmedabad,31,meera5778@gmail.com
5779,Kriti,Indore,51,kriti5779@gmail.com
5780,Rohit,Jaipur,19,rohit5780@gmail.com
5781,Kriti,Vadodara,57,kriti5781@gmail.com
5782,Vikas,Nagpur,56,vikas5782@gmail.com
5783,Mohit,Jaipur,27,mohit5783@gmail.com
5784,Neha,Rajkot,42,neha5784@gmail.com
5785,Riya,Indore,31,riya5785@gmail.com
5786,Mohit,Jaipur,40,mohit5786@gmail.com
5787,Vikas,Ahmedabad,33,vikas5787@gmail.com
5788,Pooja,Delhi,42,pooja5788@gmail.com
5789,Kavya,Nagpur,19,kavya5789@gmail.com
5790,Harsh,Delhi,59,harsh5790@gmail.com
5791,Neha,Nagpur,19,neha5791@gmail.com
5792,Vikas,Rajkot,40,vikas5792@gmail.com
5793,Anjali,Indore,19,anjali5793@gmail.com
5794,Kriti,Indore,46,kriti5794@gmail.com
5795,Nisha,Pune,45,nisha5795@gmail.com
5796,Aman,Jaipur,32,aman5796@gmail.com
5797,Aman,Jaipur,34,aman5797@gmail.com
5798,Kriti,Mumbai,28,kriti5798@gmail.com
5799,Sneha,Rajkot,59,sneha5799@gmail.com
5800,Yash,Rajkot,51,yash5800@gmail.com
5801,Mohit,Surat,42,mohit5801@gmail.com
5802,Anjali,Surat,32,anjali5802@gmail.com
5803,Neha,Mumbai,23,neha5803@gmail.com
5804,Kavya,Vadodara,21,kavya5804@gmail.com
5805,Aman,Pune,51,aman5805@gmail.com
5806,Aman,Nagpur,27,aman5806@gmail.com
5807,Pooja,Mumbai,45,pooja5807@gmail.com
5808,Aman,Mumbai,32,aman5808@gmail.com
5809,Nisha,Ahmedabad,28,nisha5809@gmail.com
5810,Yash,Pune,32,yash5810@gmail.com
5811,Neha,Rajkot,21,neha5811@gmail.com
5812,Harsh,Mumbai,36,harsh5812@gmail.com
5813,Meera,Nagpur,45,meera5813@gmail.com
5814,Riya,Delhi,19,riya5814@gmail.com
5815,Mohit,Rajkot,22,mohit5815@gmail.com
5816,Neha,Pune,35,neha5816@gmail.com
5817,Riya,Vadodara,25,riya5817@gmail.com
5818,Arjun,Vadodara,41,arjun5818@gmail.com
5819,Riya,Mumbai,52,riya5819@gmail.com
5820,Riya,Delhi,18,riya5820@gmail.com
5821,Rohit,Mumbai,35,rohit5821@gmail.com
5822,Yash,Surat,50,yash5822@gmail.com
5823,Yash,Surat,43,yash5823@gmail.com
5824,Karan,Mumbai,21,karan5824@gmail.com
5825,Kriti,Mumbai,26,kriti5825@gmail.com
5826,Sneha,Rajkot,41,sneha5826@gmail.com
5827,Harsh,Ahmedabad,47,harsh5827@gmail.com
5828,Sneha,Nagpur,29,sneha5828@gmail.com
5829,Priya,Delhi,28,priya5829@gmail.com
5830,Kavya,Surat,22,kavya5830@gmail.com
5831,Vikas,Mumbai,18,vikas5831@gmail.com
5832,Pooja,Nagpur,51,pooja5832@gmail.com
5833,Kriti,Indore,53,kriti5833@gmail.com
5834,Meera,Indore,51,meera5834@gmail.com
5835,Arjun,Vadodara,40,arjun5835@gmail.com
5836,Kavya,Rajkot,43,kavya5836@gmail.com
5837,Aman,Vadodara,44,aman5837@gmail.com
5838,Riya,Vadodara,49,riya5838@gmail.com
5839,Karan,Surat,31,karan5839@gmail.com
5840,Neha,Rajkot,41,neha5840@gmail.com
5841,Pooja,Pune,56,pooja5841@gmail.com
5842,Nisha,Indore,42,nisha5842@gmail.com
5843,Pooja,Jaipur,19,pooja5843@gmail.com
5844,Rohit,Nagpur,30,rohit5844@gmail.com
5845,Aditya,Delhi,45,aditya5845@gmail.com
5846,Karan,Nagpur,55,karan5846@gmail.com
5847,Karan,Ahmedabad,43,karan5847@gmail.com
5848,Sneha,Mumbai,19,sneha5848@gmail.com
5849,Sneha,Nagpur,34,sneha5849@gmail.com
5850,Kriti,Indore,47,kriti5850@gmail.com
5851,Arjun,Jaipur,31,arjun5851@gmail.com
5852,Arjun,Mumbai,44,arjun5852@gmail.com
5853,Rahul,Delhi,27,rahul5853@gmail.com
5854,Priya,Ahmedabad,41,priya5854@gmail.com
5855,Rahul,Jaipur,47,rahul5855@gmail.com
5856,Vikas,Indore,22,vikas5856@gmail.com
5857,Kavya,Ahmedabad,40,kavya5857@gmail.com
5858,Yash,Vadodara,48,yash5858@gmail.com
5859,Rahul,Nagpur,22,rahul5859@gmail.com
5860,Anjali,Jaipur,30,anjali5860@gmail.com
5861,Pooja,Vadodara,28,pooja5861@gmail.com
5862,Aditya,Pune,27,aditya5862@gmail.com
5863,Meera,Ahmedabad,21,meera5863@gmail.com
5864,Aditya,Vadodara,31,aditya5864@gmail.com
5865,Yash,Jaipur,19,yash5865@gmail.com
5866,Arjun,Indore,39,arjun5866@gmail.com
5867,Kavya,Nagpur,40,kavya5867@gmail.com
5868,Kavya,Jaipur,36,kavya5868@gmail.com
5869,Anjali,Surat,51,anjali5869@gmail.com
5870,Harsh,Pune,46,harsh5870@gmail.com
5871,Kriti,Indore,50,kriti5871@gmail.com
5872,Rahul,Vadodara,54,rahul5872@gmail.com
5873,Yash,Pune,27,yash5873@gmail.com
5874,Vikas,Jaipur,60,vikas5874@gmail.com
5875,Arjun,Ahmedabad,27,arjun5875@gmail.com
5876,Karan,Delhi,23,karan5876@gmail.com
5877,Kavya,Indore,35,kavya5877@gmail.com
5878,Vikas,Delhi,20,vikas5878@gmail.com
5879,Rahul,Ahmedabad,18,rahul5879@gmail.com
5880,Karan,Delhi,44,karan5880@gmail.com
5881,Harsh,Delhi,44,harsh5881@gmail.com
5882,Karan,Indore,53,karan5882@gmail.com
5883,Harsh,Ahmedabad,31,harsh5883@gmail.com
5884,Aditya,Pune,28,aditya5884@gmail.com
5885,Rahul,Ahmedabad,48,rahul5885@gmail.com
5886,Neha,Delhi,47,neha5886@gmail.com
5887,Riya,Nagpur,25,riya5887@gmail.com
5888,Neha,Nagpur,39,neha5888@gmail.com
5889,Kavya,Jaipur,48,kavya5889@gmail.com
5890,Aman,Rajkot,53,aman5890@gmail.com
5891,Meera,Jaipur,58,meera5891@gmail.com
5892,Rohit,Vadodara,27,rohit5892@gmail.com
5893,Harsh,Vadodara,35,harsh5893@gmail.com
5894,Kavya,Delhi,32,kavya5894@gmail.com
5895,Aditya,Indore,48,aditya5895@gmail.com
5896,Aman,Jaipur,50,aman5896@gmail.com
5897,Pooja,Nagpur,43,pooja5897@gmail.com
5898,Rahul,Rajkot,37,rahul5898@gmail.com
5899,Aman,Pune,27,aman5899@gmail.com
5900,Meera,Delhi,32,meera5900@gmail.com
5901,Sneha,Nagpur,27,sneha5901@gmail.com
5902,Priya,Vadodara,50,priya5902@gmail.com
5903,Anjali,Indore,43,anjali5903@gmail.com
5904,Nisha,Rajkot,39,nisha5904@gmail.com
5905,Pooja,Pune,33,pooja5905@gmail.com
5906,Riya,Rajkot,48,riya5906@gmail.com
5907,Neha,Jaipur,21,neha5907@gmail.com
5908,Nisha,Indore,45,nisha5908@gmail.com
5909,Karan,Indore,48,karan5909@gmail.com
5910,Aditya,Jaipur,41,aditya5910@gmail.com
5911,Priya,Ahmedabad,33,priya5911@gmail.com
5912,Kriti,Nagpur,43,kriti5912@gmail.com
5913,Harsh,Delhi,43,harsh5913@gmail.com
5914,Nisha,Delhi,36,nisha5914@gmail.com
5915,Sneha,Rajkot,28,sneha5915@gmail.com
5916,Rohit,Mumbai,56,rohit5916@gmail.com
5917,Rohit,Rajkot,42,rohit5917@gmail.com
5918,Neha,Pune,23,neha5918@gmail.com
5919,Neha,Surat,27,neha5919@gmail.com
5920,Meera,Indore,49,meera5920@gmail.com
5921,Neha,Mumbai,21,neha5921@gmail.com
5922,Aditya,Nagpur,29,aditya5922@gmail.com
5923,Rahul,Mumbai,36,rahul5923@gmail.com
5924,Anjali,Jaipur,60,anjali5924@gmail.com
5925,Harsh,Pune,20,harsh5925@gmail.com
5926,Riya,Ahmedabad,39,riya5926@gmail.com
5927,Priya,Surat,55,priya5927@gmail.com
5928,Neha,Surat,57,neha5928@gmail.com
5929,Aditya,Delhi,28,aditya5929@gmail.com
5930,Vikas,Nagpur,24,vikas5930@gmail.com
5931,Aman,Rajkot,36,aman5931@gmail.com
5932,Kavya,Vadodara,22,kavya5932@gmail.com
5933,Kavya,Ahmedabad,26,kavya5933@gmail.com
5934,Neha,Nagpur,56,neha5934@gmail.com
5935,Aman,Mumbai,59,aman5935@gmail.com
5936,Yash,Pune,49,yash5936@gmail.com
5937,Kavya,Delhi,36,kavya5937@gmail.com
5938,Rahul,Indore,39,rahul5938@gmail.com
5939,Riya,Nagpur,46,riya5939@gmail.com
5940,Anjali,Vadodara,37,anjali5940@gmail.com
5941,Pooja,Indore,44,pooja5941@gmail.com
5942,Sneha,Ahmedabad,60,sneha5942@gmail.com
5943,Rohit,Delhi,33,rohit5943@gmail.com
5944,Arjun,Mumbai,27,arjun5944@gmail.com
5945,Rahul,Pune,21,rahul5945@gmail.com
5946,Harsh,Pune,27,harsh5946@gmail.com
5947,Priya,Nagpur,26,priya5947@gmail.com
5948,Karan,Pune,36,karan5948@gmail.com
5949,Rohit,Jaipur,55,rohit5949@gmail.com
5950,Sneha,Nagpur,45,sneha5950@gmail.com
5951,Nisha,Pune,59,nisha5951@gmail.com
5952,Meera,Rajkot,37,meera5952@gmail.com
5953,Mohit,Nagpur,59,mohit5953@gmail.com
5954,Rahul,Jaipur,28,rahul5954@gmail.com
5955,Vikas,Delhi,40,vikas5955@gmail.com
5956,Neha,Surat,20,neha5956@gmail.com
5957,Aman,Indore,29,aman5957@gmail.com
5958,Kriti,Nagpur,60,kriti5958@gmail.com
5959,Vikas,Jaipur,46,vikas5959@gmail.com
5960,Karan,Jaipur,45,karan5960@gmail.com
5961,Rohit,Rajkot,29,rohit5961@gmail.com
5962,Aditya,Mumbai,34,aditya5962@gmail.com
5963,Nisha,Pune,49,nisha5963@gmail.com
5964,Rohit,Mumbai,20,rohit5964@gmail.com
5965,Karan,Delhi,50,karan5965@gmail.com
5966,Kavya,Nagpur,35,kavya5966@gmail.com
5967,Mohit,Mumbai,44,mohit5967@gmail.com
5968,Rahul,Surat,58,rahul5968@gmail.com
5969,Anjali,Jaipur,57,anjali5969@gmail.com
5970,Anjali,Jaipur,18,anjali5970@gmail.com
5971,Priya,Nagpur,50,priya5971@gmail.com
5972,Mohit,Delhi,27,mohit5972@gmail.com
5973,Rohit,Vadodara,35,rohit5973@gmail.com
5974,Yash,Indore,51,yash5974@gmail.com
5975,Harsh,Rajkot,57,harsh5975@gmail.com
5976,Mohit,Indore,20,mohit5976@gmail.com
5977,Arjun,Rajkot,53,arjun5977@gmail.com
5978,Pooja,Vadodara,47,pooja5978@gmail.com
5979,Rahul,Ahmedabad,39,rahul5979@gmail.com
5980,Aditya,Indore,55,aditya5980@gmail.com
5981,Neha,Nagpur,44,neha5981@gmail.com
5982,Arjun,Rajkot,54,arjun5982@gmail.com
5983,Sneha,Jaipur,55,sneha5983@gmail.com
5984,Sneha,Nagpur,34,sneha5984@gmail.com
5985,Pooja,Surat,32,pooja5985@gmail.com
5986,Harsh,Ahmedabad,43,harsh5986@gmail.com
5987,Aman,Surat,51,aman5987@gmail.com
5988,Sneha,Surat,32,sneha5988@gmail.com
5989,Arjun,Delhi,43,arjun5989@gmail.com
5990,Aditya,Indore,21,aditya5990@gmail.com
5991,Neha,Ahmedabad,52,neha5991@gmail.com
5992,Meera,Indore,19,meera5992@gmail.com
5993,Yash,Ahmedabad,56,yash5993@gmail.com
5994,Rahul,Nagpur,55,rahul5994@gmail.com
5995,Mohit,Vadodara,60,mohit5995@gmail.com
5996,Meera,Ahmedabad,25,meera5996@gmail.com
5997,Sneha,Indore,53,sneha5997@gmail.com
5998,Rohit,Mumbai,52,rohit5998@gmail.com
5999,Mohit,Surat,45,mohit5999@gmail.com
6000,,Jaipur,-5,neha6000@gmail.com
6001,Sneha,Nagpur,19,sneha6001@gmail.com
6002,Priya,Mumbai,34,priya6002@gmail.com
6003,Riya,Ahmedabad,60,riya6003@gmail.com
6004,Aman,Indore,28,aman6004@gmail.com
6005,Nisha,Delhi,28,nisha6005@gmail.com
6006,Anjali,Pune,36,anjali6006@gmail.com
6007,Pooja,Vadodara,53,pooja6007@gmail.com
6008,Neha,Pune,27,neha6008@gmail.com
6009,Priya,Surat,33,priya6009@gmail.com
6010,Neha,Ahmedabad,29,neha6010@gmail.com
6011,Priya,Nagpur,39,priya6011@gmail.com
6012,Priya,Vadodara,52,priya6012@gmail.com
6013,Arjun,Vadodara,25,arjun6013@gmail.com
6014,Kriti,Rajkot,35,kriti6014@gmail.com
6015,Neha,Jaipur,23,neha6015@gmail.com
6016,Anjali,Mumbai,42,anjali6016@gmail.com
6017,Mohit,Vadodara,34,mohit6017@gmail.com
6018,Aditya,Rajkot,23,aditya6018@gmail.com
6019,Neha,Mumbai,27,neha6019@gmail.com
6020,Rohit,Mumbai,51,rohit6020@gmail.com
6021,Meera,Delhi,48,meera6021@gmail.com
6022,Anjali,Surat,39,anjali6022@gmail.com
6023,Vikas,Indore,24,vikas6023@gmail.com
6024,Yash,Indore,31,yash6024@gmail.com
6025,Riya,Delhi,57,riya6025@gmail.com
6026,Kriti,Rajkot,22,kriti6026@gmail.com
6027,Sneha,Nagpur,53,sneha6027@gmail.com
6028,Arjun,Indore,38,arjun6028@gmail.com
6029,Anjali,Delhi,20,anjali6029@gmail.com
6030,Rahul,Nagpur,30,rahul6030@gmail.com
6031,Aditya,Rajkot,40,aditya6031@gmail.com
6032,Aditya,Jaipur,59,aditya6032@gmail.com
6033,Rohit,Indore,18,rohit6033@gmail.com
6034,Rohit,Nagpur,23,rohit6034@gmail.com
6035,Karan,Pune,56,karan6035@gmail.com
6036,Yash,Vadodara,25,yash6036@gmail.com
6037,Harsh,Mumbai,48,harsh6037@gmail.com
6038,Kriti,Vadodara,53,kriti6038@gmail.com
6039,Rohit,Pune,57,rohit6039@gmail.com
6040,Rahul,Jaipur,33,rahul6040@gmail.com
6041,Pooja,Vadodara,45,pooja6041@gmail.com
6042,Pooja,Surat,24,pooja6042@gmail.com
6043,Rahul,Ahmedabad,60,rahul6043@gmail.com
6044,Karan,Ahmedabad,42,karan6044@gmail.com
6045,Karan,Ahmedabad,39,karan6045@gmail.com
6046,Nisha,Pune,51,nisha6046@gmail.com
6047,Anjali,Pune,49,anjali6047@gmail.com
6048,Pooja,Ahmedabad,44,pooja6048@gmail.com
6049,Aditya,Surat,36,aditya6049@gmail.com
6050,Rohit,Mumbai,23,rohit6050@gmail.com
6051,Karan,Vadodara,56,karan6051@gmail.com
6052,Kavya,Pune,41,kavya6052@gmail.com
6053,Priya,Pune,34,priya6053@gmail.com
6054,Rohit,Jaipur,25,rohit6054@gmail.com
6055,Riya,Rajkot,31,riya6055@gmail.com
6056,Harsh,Pune,32,harsh6056@gmail.com
6057,Rahul,Ahmedabad,37,rahul6057@gmail.com
6058,Meera,Vadodara,23,meera6058@gmail.com
6059,Meera,Rajkot,52,meera6059@gmail.com
6060,Pooja,Vadodara,60,pooja6060@gmail.com
6061,Pooja,Pune,43,pooja6061@gmail.com
6062,Rahul,Ahmedabad,44,rahul6062@gmail.com
6063,Neha,Jaipur,35,neha6063@gmail.com
6064,Rahul,Mumbai,22,rahul6064@gmail.com
6065,Priya,Rajkot,18,priya6065@gmail.com
6066,Priya,Nagpur,20,priya6066@gmail.com
6067,Kriti,Jaipur,43,kriti6067@gmail.com
6068,Meera,Pune,34,meera6068@gmail.com
6069,Riya,Rajkot,53,riya6069@gmail.com
6070,Sneha,Pune,39,sneha6070@gmail.com
6071,Riya,Mumbai,59,riya6071@gmail.com
6072,Harsh,Pune,58,harsh6072@gmail.com
6073,Aditya,Nagpur,31,aditya6073@gmail.com
6074,Karan,Mumbai,50,karan6074@gmail.com
6075,Sneha,Indore,18,sneha6075@gmail.com
6076,Yash,Ahmedabad,54,yash6076@gmail.com
6077,Mohit,Nagpur,53,mohit6077@gmail.com
6078,Sneha,Surat,45,sneha6078@gmail.com
6079,Mohit,Rajkot,60,mohit6079@gmail.com
6080,Vikas,Delhi,51,vikas6080@gmail.com
6081,Pooja,Jaipur,26,pooja6081@gmail.com
6082,Vikas,Rajkot,44,vikas6082@gmail.com
6083,Harsh,Ahmedabad,35,harsh6083@gmail.com
6084,Sneha,Rajkot,25,sneha6084@gmail.com
6085,Nisha,Ahmedabad,59,nisha6085@gmail.com
6086,Kavya,Nagpur,18,kavya6086@gmail.com
6087,Priya,Indore,55,priya6087@gmail.com
6088,Mohit,Ahmedabad,26,mohit6088@gmail.com
6089,Harsh,Mumbai,59,harsh6089@gmail.com
6090,Harsh,Pune,60,harsh6090@gmail.com
6091,Sneha,Mumbai,20,sneha6091@gmail.com
6092,Sneha,Delhi,20,sneha6092@gmail.com
6093,Neha,Indore,26,neha6093@gmail.com
6094,Mohit,Ahmedabad,25,mohit6094@gmail.com
6095,Harsh,Surat,59,harsh6095@gmail.com
6096,Mohit,Pune,18,mohit6096@gmail.com
6097,Nisha,Pune,39,nisha6097@gmail.com
6098,Mohit,Nagpur,27,mohit6098@gmail.com
6099,Karan,Pune,41,karan6099@gmail.com
6100,Rohit,Indore,42,rohit6100@gmail.com
6101,Yash,Ahmedabad,46,yash6101@gmail.com
6102,Mohit,Mumbai,31,mohit6102@gmail.com
6103,Vikas,Jaipur,30,vikas6103@gmail.com
6104,Sneha,Nagpur,49,sneha6104@gmail.com
6105,Aman,Indore,21,aman6105@gmail.com
6106,Aman,Surat,45,aman6106@gmail.com
6107,Arjun,Mumbai,21,arjun6107@gmail.com
6108,Rahul,Nagpur,51,rahul6108@gmail.com
6109,Pooja,Delhi,44,pooja6109@gmail.com
6110,Priya,Ahmedabad,27,priya6110@gmail.com
6111,Pooja,Ahmedabad,29,pooja6111@gmail.com
6112,Nisha,Surat,48,nisha6112@gmail.com
6113,Yash,Pune,55,yash6113@gmail.com
6114,Arjun,Jaipur,37,arjun6114@gmail.com
6115,Sneha,Nagpur,30,sneha6115@gmail.com
6116,Aman,Nagpur,42,aman6116@gmail.com
6117,Aman,Mumbai,48,aman6117@gmail.com
6118,Sneha,Nagpur,26,sneha6118@gmail.com
6119,Aditya,Delhi,59,aditya6119@gmail.com
6120,Kriti,Indore,32,kriti6120@gmail.com
6121,Meera,Vadodara,59,meera6121@gmail.com
6122,Karan,Pune,35,karan6122@gmail.com
6123,Anjali,Vadodara,34,anjali6123@gmail.com
6124,Priya,Ahmedabad,60,priya6124@gmail.com
6125,Yash,Ahmedabad,43,yash6125@gmail.com
6126,Aditya,Pune,54,aditya6126@gmail.com
6127,Priya,Delhi,36,priya6127@gmail.com
6128,Aman,Delhi,60,aman6128@gmail.com
6129,Meera,Rajkot,54,meera6129@gmail.com
6130,Yash,Mumbai,58,yash6130@gmail.com
6131,Kriti,Vadodara,18,kriti6131@gmail.com
6132,Karan,Surat,38,karan6132@gmail.com
6133,Meera,Indore,54,meera6133@gmail.com
6134,Rohit,Surat,48,rohit6134@gmail.com
6135,Mohit,Mumbai,24,mohit6135@gmail.com
6136,Pooja,Indore,34,pooja6136@gmail.com
6137,Aman,Rajkot,30,aman6137@gmail.com
6138,Vikas,Rajkot,54,vikas6138@gmail.com
6139,Harsh,Jaipur,24,harsh6139@gmail.com
6140,Vikas,Nagpur,57,vikas6140@gmail.com
6141,Mohit,Delhi,38,mohit6141@gmail.com
6142,Rahul,Jaipur,40,rahul6142@gmail.com
6143,Kriti,Delhi,52,kriti6143@gmail.com
6144,Rohit,Nagpur,32,rohit6144@gmail.com
6145,Nisha,Vadodara,19,nisha6145@gmail.com
6146,Neha,Pune,54,neha6146@gmail.com
6147,Karan,Delhi,44,karan6147@gmail.com
6148,Rahul,Delhi,47,rahul6148@gmail.com
6149,Nisha,Vadodara,22,nisha6149@gmail.com
6150,Priya,Vadodara,46,priya6150@gmail.com
6151,Karan,Delhi,31,karan6151@gmail.com
6152,Mohit,Jaipur,24,mohit6152@gmail.com
6153,Rahul,Ahmedabad,18,rahul6153@gmail.com
6154,Harsh,Indore,25,harsh6154@gmail.com
6155,Aman,Rajkot,46,aman6155@gmail.com
6156,Mohit,Pune,39,mohit6156@gmail.com
6157,Sneha,Rajkot,25,sneha6157@gmail.com
6158,Neha,Ahmedabad,56,neha6158@gmail.com
6159,Meera,Delhi,20,meera6159@gmail.com
6160,Kriti,Ahmedabad,52,kriti6160@gmail.com
6161,Riya,Surat,49,riya6161@gmail.com
6162,Mohit,Indore,39,mohit6162@gmail.com
6163,Priya,Pune,50,priya6163@gmail.com
6164,Harsh,Delhi,54,harsh6164@gmail.com
6165,Aman,Surat,45,aman6165@gmail.com
6166,Anjali,Jaipur,46,anjali6166@gmail.com
6167,Meera,Mumbai,19,meera6167@gmail.com
6168,Priya,Rajkot,19,priya6168@gmail.com
6169,Aman,Delhi,29,aman6169@gmail.com
6170,Riya,Delhi,20,riya6170@gmail.com
6171,Riya,Delhi,31,riya6171@gmail.com
6172,Mohit,Mumbai,36,mohit6172@gmail.com
6173,Arjun,Surat,60,arjun6173@gmail.com
6174,Arjun,Delhi,57,arjun6174@gmail.com
6175,Karan,Surat,25,karan6175@gmail.com
6176,Mohit,Jaipur,58,mohit6176@gmail.com
6177,Pooja,Indore,27,pooja6177@gmail.com
6178,Neha,Mumbai,48,neha6178@gmail.com
6179,Vikas,Surat,28,vikas6179@gmail.com
6180,Anjali,Surat,52,anjali6180@gmail.com
6181,Riya,Indore,24,riya6181@gmail.com
6182,Neha,Mumbai,31,neha6182@gmail.com
6183,Neha,Mumbai,44,neha6183@gmail.com
6184,Priya,Indore,32,priya6184@gmail.com
6185,Riya,Ahmedabad,51,riya6185@gmail.com
6186,Meera,Vadodara,55,meera6186@gmail.com
6187,Harsh,Jaipur,46,harsh6187@gmail.com
6188,Riya,Rajkot,52,riya6188@gmail.com
6189,Harsh,Delhi,46,harsh6189@gmail.com
6190,Nisha,Mumbai,57,nisha6190@gmail.com
6191,Arjun,Ahmedabad,38,arjun6191@gmail.com
6192,Aman,Rajkot,31,aman6192@gmail.com
6193,Aditya,Delhi,43,aditya6193@gmail.com
6194,Pooja,Indore,52,pooja6194@gmail.com
6195,Arjun,Pune,55,arjun6195@gmail.com
6196,Priya,Mumbai,21,priya6196@gmail.com
6197,Sneha,Vadodara,25,sneha6197@gmail.com
6198,Meera,Nagpur,43,meera6198@gmail.com
6199,Harsh,Mumbai,21,harsh6199@gmail.com
6200,Yash,Mumbai,52,yash6200@gmail.com
6201,Sneha,Mumbai,33,sneha6201@gmail.com
6202,Rahul,Vadodara,56,rahul6202@gmail.com
6203,Meera,Pune,33,meera6203@gmail.com
6204,Meera,Vadodara,23,meera6204@gmail.com
6205,Rohit,Vadodara,52,rohit6205@gmail.com
6206,Neha,Ahmedabad,34,neha6206@gmail.com
6207,Rohit,Vadodara,26,rohit6207@gmail.com
6208,Riya,Surat,45,riya6208@gmail.com
6209,Kriti,Delhi,26,kriti6209@gmail.com
6210,Sneha,Pune,51,sneha6210@gmail.com
6211,Karan,Rajkot,46,karan6211@gmail.com
6212,Neha,Indore,58,neha6212@gmail.com
6213,Meera,Pune,38,meera6213@gmail.com
6214,Arjun,Mumbai,35,arjun6214@gmail.com
6215,Rohit,Surat,20,rohit6215@gmail.com
6216,Aditya,Surat,60,aditya6216@gmail.com
6217,Aditya,Surat,23,aditya6217@gmail.com
6218,Rohit,Mumbai,58,rohit6218@gmail.com
6219,Harsh,Pune,23,harsh6219@gmail.com
6220,Mohit,Nagpur,24,mohit6220@gmail.com
6221,Arjun,Vadodara,59,arjun6221@gmail.com
6222,Anjali,Surat,58,anjali6222@gmail.com
6223,Kavya,Surat,27,kavya6223@gmail.com
6224,Anjali,Jaipur,42,anjali6224@gmail.com
6225,Priya,Vadodara,59,priya6225@gmail.com
6226,Pooja,Ahmedabad,34,pooja6226@gmail.com
6227,Riya,Pune,52,riya6227@gmail.com
6228,Karan,Rajkot,60,karan6228@gmail.com
6229,Harsh,Vadodara,48,harsh6229@gmail.com
6230,Pooja,Nagpur,51,pooja6230@gmail.com
6231,Neha,Mumbai,29,neha6231@gmail.com
6232,Pooja,Vadodara,57,pooja6232@gmail.com
6233,Rahul,Jaipur,42,rahul6233@gmail.com
6234,Kriti,Surat,50,kriti6234@gmail.com
6235,Nisha,Nagpur,19,nisha6235@gmail.com
6236,Rahul,Rajkot,21,rahul6236@gmail.com
6237,Aditya,Ahmedabad,33,aditya6237@gmail.com
6238,Vikas,Jaipur,58,vikas6238@gmail.com
6239,Rohit,Pune,41,rohit6239@gmail.com
6240,Yash,Ahmedabad,51,yash6240@gmail.com
6241,Karan,Indore,42,karan6241@gmail.com
6242,Harsh,Pune,33,harsh6242@gmail.com
6243,Nisha,Mumbai,35,nisha6243@gmail.com
6244,Yash,Delhi,38,yash6244@gmail.com
6245,Anjali,Surat,41,anjali6245@gmail.com
6246,Pooja,Mumbai,54,pooja6246@gmail.com
6247,Vikas,Surat,53,vikas6247@gmail.com
6248,Rahul,Nagpur,21,rahul6248@gmail.com
6249,Nisha,Delhi,33,nisha6249@gmail.com
6250,Nisha,Rajkot,57,nisha6250@gmail.com
6251,Meera,Nagpur,57,meera6251@gmail.com
6252,Anjali,Surat,57,anjali6252@gmail.com
6253,Yash,Mumbai,26,yash6253@gmail.com
6254,Neha,Surat,35,neha6254@gmail.com
6255,Rahul,Pune,43,rahul6255@gmail.com
6256,Aman,Vadodara,25,aman6256@gmail.com
6257,Meera,Vadodara,18,meera6257@gmail.com
6258,Aman,Ahmedabad,59,aman6258@gmail.com
6259,Riya,Vadodara,48,riya6259@gmail.com
6260,Kriti,Delhi,51,kriti6260@gmail.com
6261,Mohit,Indore,30,mohit6261@gmail.com
6262,Yash,Pune,43,yash6262@gmail.com
6263,Aman,Delhi,27,aman6263@gmail.com
6264,Neha,Mumbai,43,neha6264@gmail.com
6265,Kavya,Ahmedabad,28,kavya6265@gmail.com
6266,Yash,Rajkot,59,yash6266@gmail.com
6267,Pooja,Indore,37,pooja6267@gmail.com
6268,Riya,Surat,33,riya6268@gmail.com
6269,Nisha,Mumbai,41,nisha6269@gmail.com
6270,Yash,Indore,31,yash6270@gmail.com
6271,Priya,Ahmedabad,34,priya6271@gmail.com
6272,Neha,Nagpur,20,neha6272@gmail.com
6273,Vikas,Ahmedabad,58,vikas6273@gmail.com
6274,Vikas,Mumbai,40,vikas6274@gmail.com
6275,Anjali,Ahmedabad,20,anjali6275@gmail.com
6276,Riya,Indore,32,riya6276@gmail.com
6277,Anjali,Jaipur,52,anjali6277@gmail.com
6278,Riya,Ahmedabad,30,riya6278@gmail.com
6279,Aditya,Pune,48,aditya6279@gmail.com
6280,Vikas,Ahmedabad,44,vikas6280@gmail.com
6281,Aman,Ahmedabad,50,aman6281@gmail.com
6282,Harsh,Vadodara,50,harsh6282@gmail.com
6283,Aditya,Delhi,24,aditya6283@gmail.com
6284,Anjali,Delhi,53,anjali6284@gmail.com
6285,Yash,Vadodara,29,yash6285@gmail.com
6286,Aman,Jaipur,26,aman6286@gmail.com
6287,Arjun,Rajkot,21,arjun6287@gmail.com
6288,Rohit,Surat,36,rohit6288@gmail.com
6289,Rahul,Ahmedabad,33,rahul6289@gmail.com
6290,Mohit,Delhi,31,mohit6290@gmail.com
6291,Anjali,Delhi,51,anjali6291@gmail.com
6292,Aman,Rajkot,38,aman6292@gmail.com
6293,Priya,Indore,32,priya6293@gmail.com
6294,Karan,Pune,23,karan6294@gmail.com
6295,Priya,Rajkot,47,priya6295@gmail.com
6296,Yash,Nagpur,25,yash6296@gmail.com
6297,Meera,Surat,56,meera6297@gmail.com
6298,Mohit,Delhi,55,mohit6298@gmail.com
6299,Neha,Delhi,49,neha6299@gmail.com
6300,Mohit,Mumbai,43,mohit6300@gmail.com
6300,Mohit,Mumbai,43,mohit6300@gmail.com
6301,Rohit,Delhi,20,rohit6301@gmail.com
6302,Nisha,Surat,22,nisha6302@gmail.com
6303,Neha,Rajkot,50,neha6303@gmail.com
6304,Kriti,Jaipur,42,kriti6304@gmail.com
6305,Priya,Nagpur,50,priya6305@gmail.com
6306,Nisha,Vadodara,51,nisha6306@gmail.com
6307,Aditya,Surat,29,aditya6307@gmail.com
6308,Mohit,Surat,19,mohit6308@gmail.com
6309,Harsh,Pune,39,harsh6309@gmail.com
6310,Nisha,Pune,53,nisha6310@gmail.com
6311,Karan,Rajkot,51,karan6311@gmail.com
6312,Aditya,Delhi,42,aditya6312@gmail.com
6313,Rohit,Nagpur,58,rohit6313@gmail.com
6314,Kriti,Ahmedabad,36,kriti6314@gmail.com
6315,Kavya,Pune,44,kavya6315@gmail.com
6316,Aditya,Rajkot,31,aditya6316@gmail.com
6317,Vikas,Jaipur,57,vikas6317@gmail.com
6318,Anjali,Mumbai,21,anjali6318@gmail.com
6319,Neha,Ahmedabad,56,neha6319@gmail.com
6320,Neha,Pune,51,neha6320@gmail.com
6321,Harsh,Ahmedabad,24,harsh6321@gmail.com
6322,Meera,Ahmedabad,32,meera6322@gmail.com
6323,Sneha,Indore,51,sneha6323@gmail.com
6324,Kriti,Jaipur,19,kriti6324@gmail.com
6325,Harsh,Mumbai,44,harsh6325@gmail.com
6326,Mohit,Mumbai,28,mohit6326@gmail.com
6327,Mohit,Rajkot,56,mohit6327@gmail.com
6328,Yash,Mumbai,22,yash6328@gmail.com
6329,Sneha,Nagpur,35,sneha6329@gmail.com
6330,Rohit,Jaipur,44,rohit6330@gmail.com
6331,Neha,Pune,34,neha6331@gmail.com
6332,Rahul,Ahmedabad,26,rahul6332@gmail.com
6333,Yash,Vadodara,44,yash6333@gmail.com
6334,Rahul,Jaipur,58,rahul6334@gmail.com
6335,Aditya,Jaipur,33,aditya6335@gmail.com
6336,Kriti,Indore,45,kriti6336@gmail.com
6337,Nisha,Surat,51,nisha6337@gmail.com
6338,Priya,Pune,26,priya6338@gmail.com
6339,Nisha,Surat,20,nisha6339@gmail.com
6340,Mohit,Surat,51,mohit6340@gmail.com
6341,Mohit,Jaipur,42,mohit6341@gmail.com
6342,Vikas,Rajkot,23,vikas6342@gmail.com
6343,Aditya,Indore,27,aditya6343@gmail.com
6344,Arjun,Pune,38,arjun6344@gmail.com
6345,Mohit,Pune,29,mohit6345@gmail.com
6346,Mohit,Ahmedabad,39,mohit6346@gmail.com
6347,Anjali,Surat,45,anjali6347@gmail.com
6348,Yash,Vadodara,29,yash6348@gmail.com
6349,Nisha,Rajkot,24,nisha6349@gmail.com
6350,Kriti,Nagpur,45,kriti6350@gmail.com
6351,Meera,Mumbai,57,meera6351@gmail.com
6352,Mohit,Vadodara,34,mohit6352@gmail.com
6353,Pooja,Surat,25,pooja6353@gmail.com
6354,Sneha,Ahmedabad,53,sneha6354@gmail.com
6355,Aditya,Vadodara,46,aditya6355@gmail.com
6356,Mohit,Jaipur,37,mohit6356@gmail.com
6357,Sneha,Nagpur,60,sneha6357@gmail.com
6358,Meera,Vadodara,26,meera6358@gmail.com
6359,Nisha,Surat,31,nisha6359@gmail.com
6360,Sneha,Jaipur,57,sneha6360@gmail.com
6361,Priya,Surat,24,priya6361@gmail.com
6362,Anjali,Nagpur,19,anjali6362@gmail.com
6363,Kavya,Surat,50,kavya6363@gmail.com
6364,Anjali,Rajkot,55,anjali6364@gmail.com
6365,Neha,Ahmedabad,36,neha6365@gmail.com
6366,Harsh,Mumbai,19,harsh6366@gmail.com
6367,Arjun,Ahmedabad,55,arjun6367@gmail.com
6368,Riya,Indore,56,riya6368@gmail.com
6369,Harsh,Rajkot,58,harsh6369@gmail.com
6370,Nisha,Rajkot,54,nisha6370@gmail.com
6371,Vikas,Ahmedabad,53,vikas6371@gmail.com
6372,Kavya,Rajkot,47,kavya6372@gmail.com
6373,Neha,Vadodara,36,neha6373@gmail.com
6374,Karan,Vadodara,41,karan6374@gmail.com
6375,Harsh,Indore,58,harsh6375@gmail.com
6376,Harsh,Delhi,27,harsh6376@gmail.com
6377,Rohit,Rajkot,24,rohit6377@gmail.com
6378,Pooja,Surat,50,pooja6378@gmail.com
6379,Pooja,Rajkot,57,pooja6379@gmail.com
6380,Mohit,Mumbai,30,mohit6380@gmail.com
6381,Priya,Mumbai,32,priya6381@gmail.com
6382,Pooja,Mumbai,45,pooja6382@gmail.com
6383,Vikas,Rajkot,53,vikas6383@gmail.com
6384,Rahul,Indore,57,rahul6384@gmail.com
6385,Aditya,Vadodara,48,aditya6385@gmail.com
6386,Karan,Indore,58,karan6386@gmail.com
6387,Priya,Nagpur,44,priya6387@gmail.com
6388,Aditya,Nagpur,29,aditya6388@gmail.com
6389,Mohit,Ahmedabad,53,mohit6389@gmail.com
6390,Sneha,Vadodara,56,sneha6390@gmail.com
6391,Sneha,Jaipur,60,sneha6391@gmail.com
6392,Kavya,Jaipur,59,kavya6392@gmail.com
6393,Sneha,Vadodara,26,sneha6393@gmail.com
6394,Meera,Surat,36,meera6394@gmail.com
6395,Aditya,Jaipur,44,aditya6395@gmail.com
6396,Priya,Mumbai,54,priya6396@gmail.com
6397,Kavya,Indore,39,kavya6397@gmail.com
6398,Aditya,Vadodara,27,aditya6398@gmail.com
6399,Vikas,Rajkot,40,vikas6399@gmail.com
6400,Meera,Mumbai,45,meera6400@gmail.com
6401,Aman,Pune,53,aman6401@gmail.com
6402,Vikas,Rajkot,42,vikas6402@gmail.com
6403,Anjali,Indore,58,anjali6403@gmail.com
6404,Neha,Delhi,18,neha6404@gmail.com
6405,Meera,Nagpur,45,meera6405@gmail.com
6406,Priya,Mumbai,30,priya6406@gmail.com
6407,Yash,Jaipur,54,yash6407@gmail.com
6408,Rohit,Pune,34,rohit6408@gmail.com
6409,Mohit,Ahmedabad,43,mohit6409@gmail.com
6410,Meera,Mumbai,33,meera6410@gmail.com
6411,Harsh,Ahmedabad,50,harsh6411@gmail.com
6412,Aman,Surat,19,aman6412@gmail.com
6413,Riya,Nagpur,32,riya6413@gmail.com
6414,Aditya,Surat,60,aditya6414@gmail.com
6415,Yash,Indore,56,yash6415@gmail.com
6416,Vikas,Indore,22,vikas6416@gmail.com
6417,Rahul,Pune,42,rahul6417@gmail.com
6418,Yash,Delhi,22,yash6418@gmail.com
6419,Neha,Delhi,57,neha6419@gmail.com
6420,Rohit,Surat,21,rohit6420@gmail.com
6421,Neha,Indore,51,neha6421@gmail.com
6422,Rahul,Rajkot,59,rahul6422@gmail.com
6423,Aman,Pune,36,aman6423@gmail.com
6424,Kavya,Pune,38,kavya6424@gmail.com
6425,Rahul,Nagpur,44,rahul6425@gmail.com
6426,Riya,Vadodara,30,riya6426@gmail.com
6427,Harsh,Nagpur,59,harsh6427@gmail.com
6428,Nisha,Mumbai,21,nisha6428@gmail.com
6429,Anjali,Delhi,58,anjali6429@gmail.com
6430,Aman,Ahmedabad,19,aman6430@gmail.com
6431,Kriti,Nagpur,46,kriti6431@gmail.com
6432,Kavya,Ahmedabad,43,kavya6432@gmail.com
6433,Riya,Surat,46,riya6433@gmail.com
6434,Karan,Indore,44,karan6434@gmail.com
6435,Karan,Rajkot,26,karan6435@gmail.com
6436,Anjali,Surat,53,anjali6436@gmail.com
6437,Neha,Nagpur,58,neha6437@gmail.com
6438,Kriti,Indore,21,kriti6438@gmail.com
6439,Riya,Rajkot,56,riya6439@gmail.com
6440,Neha,Ahmedabad,19,neha6440@gmail.com
6441,Vikas,Vadodara,52,vikas6441@gmail.com
6442,Aman,Pune,30,aman6442@gmail.com
6443,Mohit,Delhi,47,mohit6443@gmail.com
6444,Sneha,Pune,26,sneha6444@gmail.com
6445,Rohit,Jaipur,28,rohit6445@gmail.com
6446,Mohit,Jaipur,43,mohit6446@gmail.com
6447,Priya,Nagpur,52,priya6447@gmail.com
6448,Neha,Nagpur,18,neha6448@gmail.com
6449,Mohit,Mumbai,24,mohit6449@gmail.com
6450,Neha,Rajkot,28,neha6450@gmail.com
6451,Aditya,Indore,25,aditya6451@gmail.com
6452,Sneha,Indore,33,sneha6452@gmail.com
6453,Yash,Jaipur,26,yash6453@gmail.com
6454,Arjun,Nagpur,52,arjun6454@gmail.com
6455,Harsh,Jaipur,42,harsh6455@gmail.com
6456,Priya,Delhi,31,priya6456@gmail.com
6457,Arjun,Pune,60,arjun6457@gmail.com
6458,Meera,Ahmedabad,37,meera6458@gmail.com
6459,Aman,Rajkot,21,aman6459@gmail.com
6460,Riya,Rajkot,38,riya6460@gmail.com
6461,Rahul,Mumbai,43,rahul6461@gmail.com
6462,Pooja,Vadodara,20,pooja6462@gmail.com
6463,Priya,Indore,35,priya6463@gmail.com
6464,Pooja,Surat,33,pooja6464@gmail.com
6465,Arjun,Delhi,34,arjun6465@gmail.com
6466,Priya,Indore,48,priya6466@gmail.com
6467,Meera,Pune,27,meera6467@gmail.com
6468,Arjun,Nagpur,60,arjun6468@gmail.com
6469,Yash,Mumbai,29,yash6469@gmail.com
6470,Neha,Surat,28,neha6470@gmail.com
6471,Neha,Nagpur,55,neha6471@gmail.com
6472,Meera,Mumbai,24,meera6472@gmail.com
6473,Mohit,Ahmedabad,51,mohit6473@gmail.com
6474,Nisha,Mumbai,54,nisha6474@gmail.com
6475,Meera,Jaipur,49,meera6475@gmail.com
6476,Kavya,Nagpur,32,kavya6476@gmail.com
6477,Nisha,Delhi,52,nisha6477@gmail.com
6478,Sneha,Pune,50,sneha6478@gmail.com
6479,Riya,Vadodara,38,riya6479@gmail.com
6480,Nisha,Surat,39,nisha6480@gmail.com
6481,Sneha,Rajkot,46,sneha6481@gmail.com
6482,Aditya,Nagpur,55,aditya6482@gmail.com
6483,Meera,Indore,43,meera6483@gmail.com
6484,Priya,Nagpur,48,priya6484@gmail.com
6485,Rahul,Indore,49,rahul6485@gmail.com
6486,Sneha,Indore,51,sneha6486@gmail.com
6487,Karan,Surat,41,karan6487@gmail.com
6488,Aditya,Indore,52,aditya6488@gmail.com
6489,Karan,Pune,60,karan6489@gmail.com
6490,Riya,Mumbai,32,riya6490@gmail.com
6491,Anjali,Jaipur,28,anjali6491@gmail.com
6492,Neha,Indore,60,neha6492@gmail.com
6493,Anjali,Surat,39,anjali6493@gmail.com
6494,Meera,Nagpur,24,meera6494@gmail.com
6495,Aman,Indore,54,aman6495@gmail.com
6496,Karan,Pune,51,karan6496@gmail.com
6497,Riya,Pune,54,riya6497@gmail.com
6498,Karan,Jaipur,54,karan6498@gmail.com
6499,Vikas,Nagpur,56,vikas6499@gmail.com
6500,Rahul,Vadodara,55,rahul6500@gmail.com
6501,Meera,Ahmedabad,33,meera6501@gmail.com
6502,Nisha,Rajkot,56,nisha6502@gmail.com
6503,Meera,Ahmedabad,52,meera6503@gmail.com
6504,Aditya,Mumbai,26,aditya6504@gmail.com
6505,Rahul,Jaipur,20,rahul6505@gmail.com
6506,Kavya,Delhi,60,kavya6506@gmail.com
6507,Meera,Indore,56,meera6507@gmail.com
6508,Aman,Vadodara,36,aman6508@gmail.com
6509,Karan,Ahmedabad,56,karan6509@gmail.com
6510,Rohit,Rajkot,50,rohit6510@gmail.com
6511,Meera,Pune,59,meera6511@gmail.com
6512,Neha,Ahmedabad,40,neha6512@gmail.com
6513,Arjun,Vadodara,50,arjun6513@gmail.com
6514,Arjun,Surat,59,arjun6514@gmail.com
6515,Arjun,Pune,40,arjun6515@gmail.com
6516,Riya,Delhi,52,riya6516@gmail.com
6517,Vikas,Nagpur,42,vikas6517@gmail.com
6518,Kriti,Delhi,52,kriti6518@gmail.com
6519,Riya,Surat,57,riya6519@gmail.com
6520,Arjun,Ahmedabad,42,arjun6520@gmail.com
6521,Neha,Rajkot,22,neha6521@gmail.com
6522,Arjun,Nagpur,57,arjun6522@gmail.com
6523,Meera,Nagpur,42,meera6523@gmail.com
6524,Meera,Mumbai,57,meera6524@gmail.com
6525,Harsh,Indore,50,harsh6525@gmail.com
6526,Kriti,Mumbai,26,kriti6526@gmail.com
6527,Rohit,Vadodara,54,rohit6527@gmail.com
6528,Mohit,Nagpur,20,mohit6528@gmail.com
6529,Meera,Jaipur,51,meera6529@gmail.com
6530,Aditya,Indore,59,aditya6530@gmail.com
6531,Riya,Delhi,41,riya6531@gmail.com
6532,Rahul,Ahmedabad,19,rahul6532@gmail.com
6533,Anjali,Indore,42,anjali6533@gmail.com
6534,Kavya,Jaipur,47,kavya6534@gmail.com
6535,Harsh,Surat,19,harsh6535@gmail.com
6536,Priya,Mumbai,35,priya6536@gmail.com
6537,Meera,Mumbai,39,meera6537@gmail.com
6538,Anjali,Ahmedabad,34,anjali6538@gmail.com
6539,Riya,Vadodara,43,riya6539@gmail.com
6540,Arjun,Rajkot,43,arjun6540@gmail.com
6541,Mohit,Mumbai,40,mohit6541@gmail.com
6542,Kavya,Ahmedabad,29,kavya6542@gmail.com
6543,Sneha,Mumbai,52,sneha6543@gmail.com
6544,Harsh,Ahmedabad,43,harsh6544@gmail.com
6545,Sneha,Delhi,52,sneha6545@gmail.com
6546,Harsh,Pune,39,harsh6546@gmail.com
6547,Vikas,Mumbai,34,vikas6547@gmail.com
6548,Neha,Jaipur,29,neha6548@gmail.com
6549,Meera,Jaipur,48,meera6549@gmail.com
6550,Riya,Jaipur,42,riya6550@gmail.com
6551,Riya,Rajkot,28,riya6551@gmail.com
6552,Vikas,Rajkot,32,vikas6552@gmail.com
6553,Sneha,Jaipur,51,sneha6553@gmail.com
6554,Kavya,Jaipur,24,kavya6554@gmail.com
6555,Sneha,Vadodara,24,sneha6555@gmail.com
6556,Meera,Indore,41,meera6556@gmail.com
6557,Anjali,Surat,59,anjali6557@gmail.com
6558,Kriti,Vadodara,34,kriti6558@gmail.com
6559,Vikas,Vadodara,38,vikas6559@gmail.com
6560,Aditya,Rajkot,38,aditya6560@gmail.com
6561,Kriti,Ahmedabad,34,kriti6561@gmail.com
6562,Sneha,Surat,30,sneha6562@gmail.com
6563,Pooja,Rajkot,25,pooja6563@gmail.com
6564,Yash,Rajkot,22,yash6564@gmail.com
6565,Priya,Nagpur,56,priya6565@gmail.com
6566,Kriti,Mumbai,21,kriti6566@gmail.com
6567,Mohit,Vadodara,39,mohit6567@gmail.com
6568,Harsh,Delhi,35,harsh6568@gmail.com
6569,Rahul,Pune,41,rahul6569@gmail.com
6570,Mohit,Indore,37,mohit6570@gmail.com
6571,Neha,Jaipur,36,neha6571@gmail.com
6572,Arjun,Pune,38,arjun6572@gmail.com
6573,Rohit,Delhi,24,rohit6573@gmail.com
6574,Mohit,Mumbai,41,mohit6574@gmail.com
6575,Kavya,Delhi,44,kavya6575@gmail.com
6576,Kriti,Vadodara,24,kriti6576@gmail.com
6577,Sneha,Indore,46,sneha6577@gmail.com
6578,Rohit,Surat,19,rohit6578@gmail.com
6579,Kavya,Ahmedabad,27,kavya6579@gmail.com
6580,Priya,Ahmedabad,23,priya6580@gmail.com
6581,Rahul,Jaipur,29,rahul6581@gmail.com
6582,Arjun,Indore,57,arjun6582@gmail.com
6583,Yash,Pune,55,yash6583@gmail.com
6584,Yash,Nagpur,53,yash6584@gmail.com
6585,Rahul,Rajkot,26,rahul6585@gmail.com
6586,Kriti,Surat,35,kriti6586@gmail.com
6587,Anjali,Mumbai,33,anjali6587@gmail.com
6588,Yash,Vadodara,53,yash6588@gmail.com
6589,Anjali,Indore,28,anjali6589@gmail.com
6590,Karan,Jaipur,53,karan6590@gmail.com
6591,Nisha,Indore,21,nisha6591@gmail.com
6592,Rohit,Rajkot,50,rohit6592@gmail.com
6593,Nisha,Nagpur,52,nisha6593@gmail.com
6594,Arjun,Ahmedabad,37,arjun6594@gmail.com
6595,Riya,Mumbai,49,riya6595@gmail.com
6596,Rohit,Vadodara,39,rohit6596@gmail.com
6597,Aman,Vadodara,58,aman6597@gmail.com
6598,Rohit,Rajkot,45,rohit6598@gmail.com
6599,Anjali,Jaipur,57,anjali6599@gmail.com
6600,Pooja,Mumbai,50,pooja6600@gmail.com
6601,Karan,Ahmedabad,57,karan6601@gmail.com
6602,Priya,Pune,45,priya6602@gmail.com
6603,Rohit,Surat,26,rohit6603@gmail.com
6604,Aditya,Surat,20,aditya6604@gmail.com
6605,Karan,Ahmedabad,41,karan6605@gmail.com
6606,Sneha,Rajkot,59,sneha6606@gmail.com
6607,Sneha,Pune,33,sneha6607@gmail.com
6608,Karan,Pune,38,karan6608@gmail.com
6609,Rohit,Pune,31,rohit6609@gmail.com
6610,Aditya,Jaipur,39,aditya6610@gmail.com
6611,Kriti,Surat,51,kriti6611@gmail.com
6612,Mohit,Indore,53,mohit6612@gmail.com
6613,Riya,Pune,36,riya6613@gmail.com
6614,Pooja,Ahmedabad,51,pooja6614@gmail.com
6615,Yash,Rajkot,42,yash6615@gmail.com
6616,Vikas,Rajkot,57,vikas6616@gmail.com
6617,Kriti,Mumbai,49,kriti6617@gmail.com
6618,Sneha,Indore,46,sneha6618@gmail.com
6619,Arjun,Ahmedabad,59,arjun6619@gmail.com
6620,Nisha,Mumbai,18,nisha6620@gmail.com
6621,Karan,Jaipur,50,karan6621@gmail.com
6622,Riya,Jaipur,36,riya6622@gmail.com
6623,Mohit,Pune,51,mohit6623@gmail.com
6624,Mohit,Mumbai,52,mohit6624@gmail.com
6625,Priya,Mumbai,30,priya6625@gmail.com
6626,Neha,Mumbai,30,neha6626@gmail.com
6627,Kavya,Mumbai,59,kavya6627@gmail.com
6628,Aditya,Ahmedabad,57,aditya6628@gmail.com
6629,Neha,Surat,42,neha6629@gmail.com
6630,Aditya,Pune,51,aditya6630@gmail.com
6631,Sneha,Indore,34,sneha6631@gmail.com
6632,Kriti,Mumbai,31,kriti6632@gmail.com
6633,Meera,Nagpur,40,meera6633@gmail.com
6634,Aditya,Vadodara,28,aditya6634@gmail.com
6635,Kriti,Indore,51,kriti6635@gmail.com
6636,Neha,Nagpur,29,neha6636@gmail.com
6637,Riya,Jaipur,48,riya6637@gmail.com
6638,Arjun,Jaipur,34,arjun6638@gmail.com
6639,Anjali,Vadodara,58,anjali6639@gmail.com
6640,Aman,Nagpur,26,aman6640@gmail.com
6641,Vikas,Mumbai,54,vikas6641@gmail.com
6642,Rahul,Jaipur,27,rahul6642@gmail.com
6643,Kavya,Pune,50,kavya6643@gmail.com
6644,Arjun,Indore,60,arjun6644@gmail.com
6645,Meera,Delhi,24,meera6645@gmail.com
6646,Vikas,Surat,53,vikas6646@gmail.com
6647,Riya,Nagpur,25,riya6647@gmail.com
6648,Kriti,Mumbai,22,kriti6648@gmail.com
6649,Arjun,Delhi,30,arjun6649@gmail.com
6650,Arjun,Delhi,54,arjun6650@gmail.com
6651,Harsh,Mumbai,19,harsh6651@gmail.com
6652,Rohit,Mumbai,29,rohit6652@gmail.com
6653,Karan,Rajkot,54,karan6653@gmail.com
6654,Kavya,Delhi,44,kavya6654@gmail.com
6655,Riya,Pune,45,riya6655@gmail.com
6656,Rohit,Rajkot,22,rohit6656@gmail.com
6657,Pooja,Delhi,53,pooja6657@gmail.com
6658,Meera,Mumbai,33,meera6658@gmail.com
6659,Riya,Jaipur,59,riya6659@gmail.com
6660,Anjali,Delhi,54,anjali6660@gmail.com
6661,Meera,Delhi,38,meera6661@gmail.com
6662,Meera,Ahmedabad,35,meera6662@gmail.com
6663,Nisha,Pune,49,nisha6663@gmail.com
6664,Arjun,Nagpur,32,arjun6664@gmail.com
6665,Riya,Indore,36,riya6665@gmail.com
6666,Sneha,Surat,54,sneha6666@gmail.com
6667,Rohit,Ahmedabad,34,rohit6667@gmail.com
6668,Harsh,Nagpur,57,harsh6668@gmail.com
6669,Priya,Mumbai,46,priya6669@gmail.com
6670,Kavya,Rajkot,46,kavya6670@gmail.com
6671,Aditya,Mumbai,54,aditya6671@gmail.com
6672,Riya,Nagpur,22,riya6672@gmail.com
6673,Riya,Surat,39,riya6673@gmail.com
6674,Sneha,Rajkot,47,sneha6674@gmail.com
6675,Yash,Nagpur,25,yash6675@gmail.com
6676,Mohit,Nagpur,38,mohit6676@gmail.com
6677,Karan,Rajkot,53,karan6677@gmail.com
6678,Yash,Delhi,26,yash6678@gmail.com
6679,Karan,Surat,24,karan6679@gmail.com
6680,Karan,Jaipur,43,karan6680@gmail.com
6681,Rahul,Vadodara,30,rahul6681@gmail.com
6682,Riya,Surat,20,riya6682@gmail.com
6683,Aman,Vadodara,49,aman6683@gmail.com
6684,Kavya,Nagpur,51,kavya6684@gmail.com
6685,Yash,Vadodara,54,yash6685@gmail.com
6686,Arjun,Jaipur,31,arjun6686@gmail.com
6687,Anjali,Vadodara,40,anjali6687@gmail.com
6688,Riya,Delhi,58,riya6688@gmail.com
6689,Meera,Indore,21,meera6689@gmail.com
6690,Rahul,Delhi,19,rahul6690@gmail.com
6691,Aman,Ahmedabad,33,aman6691@gmail.com
6692,Vikas,Pune,54,vikas6692@gmail.com
6693,Harsh,Jaipur,25,harsh6693@gmail.com
6694,Arjun,Pune,40,arjun6694@gmail.com
6695,Riya,Delhi,54,riya6695@gmail.com
6696,Neha,Surat,27,neha6696@gmail.com
6697,Harsh,Mumbai,55,harsh6697@gmail.com
6698,Anjali,Surat,23,anjali6698@gmail.com
6699,Pooja,Delhi,48,pooja6699@gmail.com
6700,Aman,Vadodara,30,aman6700@gmail.com
6701,Rahul,Rajkot,30,rahul6701@gmail.com
6702,Aditya,Rajkot,44,aditya6702@gmail.com
6703,Kriti,Pune,31,kriti6703@gmail.com
6704,Harsh,Nagpur,23,harsh6704@gmail.com
6705,Kavya,Pune,27,kavya6705@gmail.com
6706,Vikas,Surat,58,vikas6706@gmail.com
6707,Karan,Mumbai,25,karan6707@gmail.com
6708,Mohit,Mumbai,25,mohit6708@gmail.com
6709,Arjun,Indore,47,arjun6709@gmail.com
6710,Karan,Surat,25,karan6710@gmail.com
6711,Kavya,Pune,25,kavya6711@gmail.com
6712,Priya,Indore,43,priya6712@gmail.com
6713,Priya,Mumbai,29,priya6713@gmail.com
6714,Rahul,Pune,57,rahul6714@gmail.com
6715,Rahul,Nagpur,26,rahul6715@gmail.com
6716,Rohit,Vadodara,46,rohit6716@gmail.com
6717,Sneha,Delhi,57,sneha6717@gmail.com
6718,Mohit,Surat,36,mohit6718@gmail.com
6719,Harsh,Delhi,45,harsh6719@gmail.com
6720,Vikas,Jaipur,31,vikas6720@gmail.com
6721,Meera,Surat,60,meera6721@gmail.com
6722,Riya,Nagpur,59,riya6722@gmail.com
6723,Pooja,Vadodara,24,pooja6723@gmail.com
6724,Karan,Ahmedabad,29,karan6724@gmail.com
6725,Priya,Pune,36,priya6725@gmail.com
6726,Aditya,Vadodara,43,aditya6726@gmail.com
6727,Yash,Mumbai,39,yash6727@gmail.com
6728,Aditya,Rajkot,60,aditya6728@gmail.com
6729,Rohit,Mumbai,27,rohit6729@gmail.com
6730,Kavya,Ahmedabad,42,kavya6730@gmail.com
6731,Karan,Surat,55,karan6731@gmail.com
6732,Mohit,Jaipur,40,mohit6732@gmail.com
6733,Vikas,Pune,59,vikas6733@gmail.com
6734,Aditya,Delhi,60,aditya6734@gmail.com
6735,Harsh,Rajkot,40,harsh6735@gmail.com
6736,Karan,Rajkot,49,karan6736@gmail.com
6737,Aditya,Pune,32,aditya6737@gmail.com
6738,Arjun,Pune,27,arjun6738@gmail.com
6739,Aman,Delhi,45,aman6739@gmail.com
6740,Anjali,Vadodara,38,anjali6740@gmail.com
6741,Meera,Jaipur,42,meera6741@gmail.com
6742,Pooja,Mumbai,31,pooja6742@gmail.com
6743,Aditya,Ahmedabad,22,aditya6743@gmail.com
6744,Karan,Surat,27,karan6744@gmail.com
6745,Kriti,Surat,45,kriti6745@gmail.com
6746,Priya,Jaipur,57,priya6746@gmail.com
6747,Riya,Nagpur,32,riya6747@gmail.com
6748,Meera,Nagpur,35,meera6748@gmail.com
6749,Rahul,Mumbai,56,rahul6749@gmail.com
6750,Kavya,Surat,46,kavya6750@gmail.com
6751,Neha,Indore,45,neha6751@gmail.com
6752,Harsh,Surat,44,harsh6752@gmail.com
6753,Sneha,Mumbai,26,sneha6753@gmail.com
6754,Pooja,Vadodara,59,pooja6754@gmail.com
6755,Priya,Jaipur,38,priya6755@gmail.com
6756,Aman,Mumbai,58,aman6756@gmail.com
6757,Aditya,Delhi,36,aditya6757@gmail.com
6758,Rahul,Delhi,21,rahul6758@gmail.com
6759,Priya,Surat,57,priya6759@gmail.com
6760,Anjali,Indore,49,anjali6760@gmail.com
6761,Harsh,Nagpur,41,harsh6761@gmail.com
6762,Nisha,Ahmedabad,57,nisha6762@gmail.com
6763,Neha,Jaipur,46,neha6763@gmail.com
6764,Harsh,Jaipur,41,harsh6764@gmail.com
6765,Pooja,Indore,29,pooja6765@gmail.com
6766,Sneha,Ahmedabad,48,sneha6766@gmail.com
6767,Priya,Mumbai,34,priya6767@gmail.com
6768,Arjun,Indore,18,arjun6768@gmail.com
6769,Priya,Surat,53,priya6769@gmail.com
6770,Rahul,Pune,50,rahul6770@gmail.com
6771,Priya,Surat,31,priya6771@gmail.com
6772,Aditya,Indore,53,aditya6772@gmail.com
6773,Sneha,Pune,46,sneha6773@gmail.com
6774,Vikas,Ahmedabad,23,vikas6774@gmail.com
6775,Kriti,Mumbai,45,kriti6775@gmail.com
6776,Yash,Surat,52,yash6776@gmail.com
6777,Aditya,Vadodara,24,aditya6777@gmail.com
6778,Anjali,Nagpur,24,anjali6778@gmail.com
6779,Karan,Rajkot,19,karan6779@gmail.com
6780,Priya,Jaipur,21,priya6780@gmail.com
6781,Arjun,Pune,30,arjun6781@gmail.com
6782,Yash,Surat,44,yash6782@gmail.com
6783,Arjun,Pune,33,arjun6783@gmail.com
6784,Rahul,Nagpur,32,rahul6784@gmail.com
6785,Rohit,Pune,21,rohit6785@gmail.com
6786,Pooja,Jaipur,51,pooja6786@gmail.com
6787,Aman,Nagpur,37,aman6787@gmail.com
6788,Mohit,Indore,29,mohit6788@gmail.com
6789,Priya,Delhi,19,priya6789@gmail.com
6790,Aditya,Rajkot,45,aditya6790@gmail.com
6791,Riya,Jaipur,52,riya6791@gmail.com
6792,Yash,Jaipur,46,yash6792@gmail.com
6793,Nisha,Indore,56,nisha6793@gmail.com
6794,Aman,Nagpur,19,aman6794@gmail.com
6795,Mohit,Pune,53,mohit6795@gmail.com
6796,Aditya,Jaipur,30,aditya6796@gmail.com
6797,Mohit,Rajkot,43,mohit6797@gmail.com
6798,Riya,Nagpur,34,riya6798@gmail.com
6799,Nisha,Indore,45,nisha6799@gmail.com
6800,Karan,Pune,40,karan6800@gmail.com
6801,Harsh,Pune,51,harsh6801@gmail.com
6802,Sneha,Mumbai,48,sneha6802@gmail.com
6803,Aditya,Surat,21,aditya6803@gmail.com
6804,Aman,Indore,44,aman6804@gmail.com
6805,Nisha,Pune,37,nisha6805@gmail.com
6806,Rohit,Rajkot,19,rohit6806@gmail.com
6807,Neha,Pune,21,neha6807@gmail.com
6808,Arjun,Rajkot,49,arjun6808@gmail.com
6809,Arjun,Pune,34,arjun6809@gmail.com
6810,Rahul,Surat,59,rahul6810@gmail.com
6811,Aman,Rajkot,33,aman6811@gmail.com
6812,Meera,Vadodara,22,meera6812@gmail.com
6813,Harsh,Ahmedabad,54,harsh6813@gmail.com
6814,Aditya,Jaipur,33,aditya6814@gmail.com
6815,Neha,Jaipur,29,neha6815@gmail.com
6816,Rahul,Ahmedabad,57,rahul6816@gmail.com
6817,Kavya,Vadodara,20,kavya6817@gmail.com
6818,Harsh,Ahmedabad,59,harsh6818@gmail.com
6819,Kavya,Nagpur,43,kavya6819@gmail.com
6820,Kavya,Vadodara,49,kavya6820@gmail.com
6821,Sneha,Pune,30,sneha6821@gmail.com
6822,Arjun,Rajkot,46,arjun6822@gmail.com
6823,Priya,Indore,42,priya6823@gmail.com
6824,Kavya,Vadodara,36,kavya6824@gmail.com
6825,Priya,Indore,42,priya6825@gmail.com
6826,Priya,Mumbai,31,priya6826@gmail.com
6827,Kriti,Ahmedabad,21,kriti6827@gmail.com
6828,Kriti,Nagpur,54,kriti6828@gmail.com
6829,Aman,Delhi,32,aman6829@gmail.com
6830,Riya,Jaipur,45,riya6830@gmail.com
6831,Riya,Delhi,50,riya6831@gmail.com
6832,Harsh,Rajkot,36,harsh6832@gmail.com
6833,Harsh,Rajkot,25,harsh6833@gmail.com
6834,Kavya,Nagpur,18,kavya6834@gmail.com
6835,Neha,Ahmedabad,28,neha6835@gmail.com
6836,Nisha,Mumbai,19,nisha6836@gmail.com
6837,Mohit,Nagpur,21,mohit6837@gmail.com
6838,Yash,Nagpur,52,yash6838@gmail.com
6839,Riya,Pune,23,riya6839@gmail.com
6840,Nisha,Surat,28,nisha6840@gmail.com
6841,Aditya,Ahmedabad,24,aditya6841@gmail.com
6842,Meera,Pune,33,meera6842@gmail.com
6843,Anjali,Rajkot,54,anjali6843@gmail.com
6844,Yash,Rajkot,50,yash6844@gmail.com
6845,Harsh,Nagpur,27,harsh6845@gmail.com
6846,Priya,Pune,46,priya6846@gmail.com
6847,Aditya,Vadodara,50,aditya6847@gmail.com
6848,Harsh,Ahmedabad,60,harsh6848@gmail.com
6849,Yash,Surat,22,yash6849@gmail.com
6850,Meera,Indore,34,meera6850@gmail.com
6851,Pooja,Vadodara,26,pooja6851@gmail.com
6852,Riya,Pune,46,riya6852@gmail.com
6853,Anjali,Vadodara,50,anjali6853@gmail.com
6854,Sneha,Rajkot,46,sneha6854@gmail.com
6855,Yash,Jaipur,46,yash6855@gmail.com
6856,Aditya,Vadodara,29,aditya6856@gmail.com
6857,Rahul,Surat,34,rahul6857@gmail.com
6858,Meera,Surat,44,meera6858@gmail.com
6859,Kriti,Jaipur,48,kriti6859@gmail.com
6860,Neha,Mumbai,30,neha6860@gmail.com
6861,Vikas,Rajkot,23,vikas6861@gmail.com
6862,Pooja,Rajkot,43,pooja6862@gmail.com
6863,Neha,Pune,28,neha6863@gmail.com
6864,Yash,Nagpur,55,yash6864@gmail.com
6865,Aman,Mumbai,56,aman6865@gmail.com
6866,Nisha,Vadodara,50,nisha6866@gmail.com
6867,Karan,Nagpur,43,karan6867@gmail.com
6868,Harsh,Nagpur,60,harsh6868@gmail.com
6869,Rahul,Ahmedabad,20,rahul6869@gmail.com
6870,Harsh,Jaipur,32,harsh6870@gmail.com
6871,Priya,Ahmedabad,23,priya6871@gmail.com
6872,Harsh,Indore,25,harsh6872@gmail.com
6873,Anjali,Indore,20,anjali6873@gmail.com
6874,Kriti,Vadodara,59,kriti6874@gmail.com
6875,Sneha,Mumbai,49,sneha6875@gmail.com
6876,Pooja,Vadodara,53,pooja6876@gmail.com
6877,Sneha,Jaipur,42,sneha6877@gmail.com
6878,Anjali,Pune,47,anjali6878@gmail.com
6879,Harsh,Indore,29,harsh6879@gmail.com
6880,Pooja,Surat,56,pooja6880@gmail.com
6881,Nisha,Ahmedabad,57,nisha6881@gmail.com
6882,Vikas,Indore,52,vikas6882@gmail.com
6883,Sneha,Ahmedabad,57,sneha6883@gmail.com
6884,Nisha,Surat,35,nisha6884@gmail.com
6885,Arjun,Vadodara,37,arjun6885@gmail.com
6886,Karan,Pune,46,karan6886@gmail.com
6887,Aditya,Mumbai,53,aditya6887@gmail.com
6888,Rohit,Pune,42,rohit6888@gmail.com
6889,Karan,Mumbai,40,karan6889@gmail.com
6890,Harsh,Delhi,58,harsh6890@gmail.com
6891,Nisha,Ahmedabad,52,nisha6891@gmail.com
6892,Meera,Mumbai,18,meera6892@gmail.com
6893,Yash,Rajkot,32,yash6893@gmail.com
6894,Aman,Vadodara,43,aman6894@gmail.com
6895,Meera,Vadodara,32,meera6895@gmail.com
6896,Kavya,Surat,45,kavya6896@gmail.com
6897,Karan,Ahmedabad,43,karan6897@gmail.com
6898,Kriti,Mumbai,51,kriti6898@gmail.com
6899,Arjun,Rajkot,54,arjun6899@gmail.com
6900,Neha,Indore,19,neha6900@gmail.com
6901,Kavya,Pune,23,kavya6901@gmail.com
6902,Pooja,Pune,31,pooja6902@gmail.com
6903,Priya,Rajkot,33,priya6903@gmail.com
6904,Anjali,Rajkot,58,anjali6904@gmail.com
6905,Riya,Delhi,44,riya6905@gmail.com
6906,Priya,Delhi,31,priya6906@gmail.com
6907,Kriti,Indore,18,kriti6907@gmail.com
6908,Rohit,Mumbai,33,rohit6908@gmail.com
6909,Rahul,Ahmedabad,38,rahul6909@gmail.com
6910,Meera,Vadodara,24,meera6910@gmail.com
6911,Vikas,Jaipur,19,vikas6911@gmail.com
6912,Riya,Jaipur,35,riya6912@gmail.com
6913,Pooja,Nagpur,27,pooja6913@gmail.com
6914,Aman,Pune,57,aman6914@gmail.com
6915,Priya,Indore,38,priya6915@gmail.com
6916,Rahul,Delhi,36,rahul6916@gmail.com
6917,Aman,Surat,54,aman6917@gmail.com
6918,Nisha,Indore,22,nisha6918@gmail.com
6919,Kriti,Nagpur,22,kriti6919@gmail.com
6920,Yash,Mumbai,34,yash6920@gmail.com
6921,Kavya,Vadodara,54,kavya6921@gmail.com
6922,Meera,Surat,52,meera6922@gmail.com
6923,Meera,Surat,43,meera6923@gmail.com
6924,Arjun,Vadodara,27,arjun6924@gmail.com
6925,Priya,Ahmedabad,23,priya6925@gmail.com
6926,Arjun,Ahmedabad,44,arjun6926@gmail.com
6927,Yash,Pune,32,yash6927@gmail.com
6928,Rohit,Rajkot,29,rohit6928@gmail.com
6929,Vikas,Indore,34,vikas6929@gmail.com
6930,Meera,Indore,57,meera6930@gmail.com
6931,Meera,Rajkot,33,meera6931@gmail.com
6932,Harsh,Indore,57,harsh6932@gmail.com
6933,Meera,Nagpur,37,meera6933@gmail.com
6934,Yash,Indore,54,yash6934@gmail.com
6935,Pooja,Pune,38,pooja6935@gmail.com
6936,Rohit,Rajkot,34,rohit6936@gmail.com
6937,Rohit,Surat,25,rohit6937@gmail.com
6938,Priya,Rajkot,26,priya6938@gmail.com
6939,Kavya,Mumbai,21,kavya6939@gmail.com
6940,Kriti,Jaipur,33,kriti6940@gmail.com
6941,Vikas,Surat,40,vikas6941@gmail.com
6942,Priya,Pune,48,priya6942@gmail.com
6943,Neha,Indore,21,neha6943@gmail.com
6944,Sneha,Rajkot,52,sneha6944@gmail.com
6945,Meera,Indore,31,meera6945@gmail.com
6946,Nisha,Jaipur,33,nisha6946@gmail.com
6947,Nisha,Mumbai,24,nisha6947@gmail.com
6948,Yash,Rajkot,34,yash6948@gmail.com
6949,Rohit,Jaipur,56,rohit6949@gmail.com
6950,Rahul,Indore,49,rahul6950@gmail.com
6951,Aditya,Surat,19,aditya6951@gmail.com
6952,Kavya,Rajkot,37,kavya6952@gmail.com
6953,Karan,Ahmedabad,51,karan6953@gmail.com
6954,Harsh,Ahmedabad,29,harsh6954@gmail.com
6955,Rahul,Ahmedabad,42,rahul6955@gmail.com
6956,Vikas,Ahmedabad,53,vikas6956@gmail.com
6957,Kavya,Indore,45,kavya6957@gmail.com
6958,Kriti,Indore,21,kriti6958@gmail.com
6959,Rohit,Indore,34,rohit6959@gmail.com
6960,Riya,Surat,37,riya6960@gmail.com
6961,Rohit,Indore,41,rohit6961@gmail.com
6962,Kriti,Nagpur,39,kriti6962@gmail.com
6963,Meera,Surat,54,meera6963@gmail.com
6964,Arjun,Ahmedabad,38,arjun6964@gmail.com
6965,Sneha,Delhi,50,sneha6965@gmail.com
6966,Kavya,Surat,45,kavya6966@gmail.com
6967,Karan,Delhi,41,karan6967@gmail.com
6968,Aman,Indore,42,aman6968@gmail.com
6969,Karan,Mumbai,44,karan6969@gmail.com
6970,Rohit,Ahmedabad,21,rohit6970@gmail.com
6971,Priya,Indore,58,priya6971@gmail.com
6972,Rohit,Rajkot,56,rohit6972@gmail.com
6973,Anjali,Delhi,21,anjali6973@gmail.com
6974,Aditya,Indore,28,aditya6974@gmail.com
6975,Riya,Pune,29,riya6975@gmail.com
6976,Karan,Ahmedabad,29,karan6976@gmail.com
6977,Arjun,Indore,48,arjun6977@gmail.com
6978,Kriti,Ahmedabad,43,kriti6978@gmail.com
6979,Karan,Jaipur,57,karan6979@gmail.com
6980,Neha,Indore,19,neha6980@gmail.com
6981,Priya,Pune,29,priya6981@gmail.com
6982,Aman,Pune,23,aman6982@gmail.com
6983,Anjali,Vadodara,34,anjali6983@gmail.com
6984,Meera,Vadodara,58,meera6984@gmail.com
6985,Vikas,Surat,18,vikas6985@gmail.com
6986,Meera,Surat,24,meera6986@gmail.com
6987,Kriti,Rajkot,51,kriti6987@gmail.com
6988,Vikas,Nagpur,49,vikas6988@gmail.com
6989,Meera,Mumbai,30,meera6989@gmail.com
6990,Neha,Mumbai,54,neha6990@gmail.com
6991,Kavya,Jaipur,46,kavya6991@gmail.com
6992,Aditya,Ahmedabad,46,aditya6992@gmail.com
6993,Karan,Indore,34,karan6993@gmail.com
6994,Riya,Indore,22,riya6994@gmail.com
6995,Karan,Pune,28,karan6995@gmail.com
6996,Rahul,Delhi,51,rahul6996@gmail.com
6997,Aman,Delhi,48,aman6997@gmail.com
6998,Rohit,Delhi,45,rohit6998@gmail.com
6999,Anjali,Rajkot,42,anjali6999@gmail.com
7000,,Surat,47,meera7000@gmail.com
7000,,Surat,47,meera7000@gmail.com
7001,Meera,Jaipur,58,meera7001@gmail.com
7002,Riya,Jaipur,34,riya7002@gmail.com
7003,Yash,Mumbai,37,yash7003@gmail.com
7004,Karan,Pune,60,karan7004@gmail.com
7005,Meera,Delhi,50,meera7005@gmail.com
7006,Rohit,Ahmedabad,41,rohit7006@gmail.com
7007,Aman,Surat,20,aman7007@gmail.com
7008,Nisha,Ahmedabad,37,nisha7008@gmail.com
7009,Anjali,Ahmedabad,59,anjali7009@gmail.com
7010,Arjun,Jaipur,27,arjun7010@gmail.com
7011,Mohit,Pune,25,mohit7011@gmail.com
7012,Karan,Delhi,27,karan7012@gmail.com
7013,Arjun,Ahmedabad,52,arjun7013@gmail.com
7014,Kavya,Nagpur,57,kavya7014@gmail.com
7015,Neha,Nagpur,46,neha7015@gmail.com
7016,Vikas,Delhi,33,vikas7016@gmail.com
7017,Pooja,Mumbai,49,pooja7017@gmail.com
7018,Riya,Surat,30,riya7018@gmail.com
7019,Meera,Vadodara,42,meera7019@gmail.com
7020,Riya,Pune,48,riya7020@gmail.com
7021,Anjali,Surat,59,anjali7021@gmail.com
7022,Meera,Surat,22,meera7022@gmail.com
7023,Kavya,Indore,33,kavya7023@gmail.com
7024,Rahul,Ahmedabad,39,rahul7024@gmail.com
7025,Mohit,Surat,42,mohit7025@gmail.com
7026,Kavya,Delhi,38,kavya7026@gmail.com
7027,Meera,Vadodara,27,meera7027@gmail.com
7028,Aman,Rajkot,32,aman7028@gmail.com
7029,Rohit,Delhi,37,rohit7029@gmail.com
7030,Aditya,Surat,58,aditya7030@gmail.com
7031,Priya,Vadodara,22,priya7031@gmail.com
7032,Vikas,Nagpur,48,vikas7032@gmail.com
7033,Yash,Ahmedabad,50,yash7033@gmail.com
7034,Neha,Indore,40,neha7034@gmail.com
7035,Riya,Ahmedabad,34,riya7035@gmail.com
7036,Aman,Jaipur,34,aman7036@gmail.com
7037,Aman,Indore,21,aman7037@gmail.com
7038,Meera,Delhi,52,meera7038@gmail.com
7039,Anjali,Pune,48,anjali7039@gmail.com
7040,Kavya,Rajkot,31,kavya7040@gmail.com
7041,Arjun,Vadodara,24,arjun7041@gmail.com
7042,Aditya,Jaipur,33,aditya7042@gmail.com
7043,Kavya,Pune,27,kavya7043@gmail.com
7044,Meera,Nagpur,50,meera7044@gmail.com
7045,Yash,Ahmedabad,52,yash7045@gmail.com
7046,Vikas,Rajkot,54,vikas7046@gmail.com
7047,Harsh,Indore,55,harsh7047@gmail.com
7048,Yash,Vadodara,27,yash7048@gmail.com
7049,Kavya,Surat,37,kavya7049@gmail.com
7050,Rohit,Nagpur,55,rohit7050@gmail.com
7051,Karan,Nagpur,24,karan7051@gmail.com
7052,Aman,Nagpur,26,aman7052@gmail.com
7053,Aman,Indore,32,aman7053@gmail.com
7054,Rahul,Pune,56,rahul7054@gmail.com
7055,Meera,Indore,34,meera7055@gmail.com
7056,Riya,Ahmedabad,26,riya7056@gmail.com
7057,Mohit,Vadodara,59,mohit7057@gmail.com
7058,Sneha,Rajkot,46,sneha7058@gmail.com
7059,Riya,Vadodara,33,riya7059@gmail.com
7060,Sneha,Rajkot,24,sneha7060@gmail.com
7061,Karan,Pune,59,karan7061@gmail.com
7062,Meera,Nagpur,19,meera7062@gmail.com
7063,Vikas,Mumbai,54,vikas7063@gmail.com
7064,Mohit,Mumbai,51,mohit7064@gmail.com
7065,Yash,Surat,54,yash7065@gmail.com
7066,Meera,Delhi,28,meera7066@gmail.com
7067,Karan,Pune,20,karan7067@gmail.com
7068,Priya,Surat,29,priya7068@gmail.com
7069,Sneha,Mumbai,18,sneha7069@gmail.com
7070,Aditya,Pune,51,aditya7070@gmail.com
7071,Vikas,Nagpur,45,vikas7071@gmail.com
7072,Vikas,Pune,20,vikas7072@gmail.com
7073,Aditya,Vadodara,58,aditya7073@gmail.com
7074,Kavya,Vadodara,48,kavya7074@gmail.com
7075,Vikas,Pune,18,vikas7075@gmail.com
7076,Meera,Pune,36,meera7076@gmail.com
7077,Mohit,Jaipur,42,mohit7077@gmail.com
7078,Neha,Ahmedabad,21,neha7078@gmail.com
7079,Sneha,Vadodara,36,sneha7079@gmail.com
7080,Rohit,Delhi,59,rohit7080@gmail.com
7081,Neha,Rajkot,50,neha7081@gmail.com
7082,Rahul,Nagpur,35,rahul7082@gmail.com
7083,Nisha,Vadodara,59,nisha7083@gmail.com
7084,Karan,Delhi,38,karan7084@gmail.com
7085,Pooja,Indore,55,pooja7085@gmail.com
7086,Rohit,Pune,20,rohit7086@gmail.com
7087,Aditya,Delhi,19,aditya7087@gmail.com
7088,Arjun,Indore,29,arjun7088@gmail.com
7089,Aditya,Jaipur,35,aditya7089@gmail.com
7090,Rohit,Rajkot,42,rohit7090@gmail.com
7091,Arjun,Pune,39,arjun7091@gmail.com
7092,Aditya,Surat,45,aditya7092@gmail.com
7093,Nisha,Indore,45,nisha7093@gmail.com
7094,Aman,Pune,22,aman7094@gmail.com
7095,Aditya,Indore,41,aditya7095@gmail.com
7096,Pooja,Pune,23,pooja7096@gmail.com
7097,Sneha,Ahmedabad,18,sneha7097@gmail.com
7098,Arjun,Vadodara,38,arjun7098@gmail.com
7099,Priya,Indore,57,priya7099@gmail.com
7100,Harsh,Ahmedabad,57,harsh7100@gmail.com
7101,Kriti,Surat,51,kriti7101@gmail.com
7102,Kavya,Surat,41,kavya7102@gmail.com
7103,Meera,Delhi,45,meera7103@gmail.com
7104,Nisha,Vadodara,30,nisha7104@gmail.com
7105,Pooja,Vadodara,27,pooja7105@gmail.com
7106,Vikas,Vadodara,54,vikas7106@gmail.com
7107,Harsh,Rajkot,43,harsh7107@gmail.com
7108,Riya,Indore,56,riya7108@gmail.com
7109,Arjun,Surat,51,arjun7109@gmail.com
7110,Sneha,Vadodara,45,sneha7110@gmail.com
7111,Meera,Vadodara,51,meera7111@gmail.com
7112,Harsh,Pune,48,harsh7112@gmail.com
7113,Yash,Nagpur,57,yash7113@gmail.com
7114,Neha,Jaipur,19,neha7114@gmail.com
7115,Anjali,Rajkot,45,anjali7115@gmail.com
7116,Riya,Jaipur,47,riya7116@gmail.com
7117,Neha,Rajkot,47,neha7117@gmail.com
7118,Vikas,Surat,56,vikas7118@gmail.com
7119,Sneha,Mumbai,19,sneha7119@gmail.com
7120,Neha,Mumbai,45,neha7120@gmail.com
7121,Anjali,Nagpur,58,anjali7121@gmail.com
7122,Yash,Rajkot,53,yash7122@gmail.com
7123,Riya,Indore,18,riya7123@gmail.com
7124,Pooja,Pune,53,pooja7124@gmail.com
7125,Aditya,Rajkot,41,aditya7125@gmail.com
7126,Karan,Pune,47,karan7126@gmail.com
7127,Anjali,Jaipur,50,anjali7127@gmail.com
7128,Rohit,Pune,47,rohit7128@gmail.com
7129,Kriti,Nagpur,36,kriti7129@gmail.com
7130,Neha,Mumbai,49,neha7130@gmail.com
7131,Pooja,Indore,56,pooja7131@gmail.com
7132,Riya,Pune,24,riya7132@gmail.com
7133,Meera,Vadodara,27,meera7133@gmail.com
7134,Aman,Pune,56,aman7134@gmail.com
7135,Harsh,Indore,26,harsh7135@gmail.com
7136,Nisha,Ahmedabad,29,nisha7136@gmail.com
7137,Riya,Mumbai,56,riya7137@gmail.com
7138,Kriti,Jaipur,50,kriti7138@gmail.com
7139,Harsh,Pune,46,harsh7139@gmail.com
7140,Rahul,Ahmedabad,41,rahul7140@gmail.com
7141,Aman,Mumbai,24,aman7141@gmail.com
7142,Meera,Jaipur,36,meera7142@gmail.com
7143,Anjali,Nagpur,20,anjali7143@gmail.com
7144,Rohit,Indore,50,rohit7144@gmail.com
7145,Karan,Surat,54,karan7145@gmail.com
7146,Karan,Mumbai,41,karan7146@gmail.com
7147,Kriti,Surat,54,kriti7147@gmail.com
7148,Aditya,Surat,22,aditya7148@gmail.com
7149,Vikas,Delhi,39,vikas7149@gmail.com
7150,Nisha,Ahmedabad,21,nisha7150@gmail.com
7151,Arjun,Mumbai,31,arjun7151@gmail.com
7152,Karan,Ahmedabad,48,karan7152@gmail.com
7153,Riya,Vadodara,28,riya7153@gmail.com
7154,Meera,Rajkot,38,meera7154@gmail.com
7155,Aman,Surat,21,aman7155@gmail.com
7156,Neha,Nagpur,51,neha7156@gmail.com
7157,Yash,Mumbai,28,yash7157@gmail.com
7158,Aman,Nagpur,33,aman7158@gmail.com
7159,Neha,Mumbai,44,neha7159@gmail.com
7160,Neha,Indore,52,neha7160@gmail.com
7161,Anjali,Surat,48,anjali7161@gmail.com
7162,Neha,Surat,40,neha7162@gmail.com
7163,Meera,Surat,23,meera7163@gmail.com
7164,Priya,Rajkot,41,priya7164@gmail.com
7165,Aditya,Rajkot,29,aditya7165@gmail.com
7166,Arjun,Pune,60,arjun7166@gmail.com
7167,Neha,Jaipur,29,neha7167@gmail.com
7168,Nisha,Pune,20,nisha7168@gmail.com
7169,Anjali,Delhi,46,anjali7169@gmail.com
7170,Rahul,Rajkot,26,rahul7170@gmail.com
7171,Mohit,Surat,20,mohit7171@gmail.com
7172,Arjun,Pune,45,arjun7172@gmail.com
7173,Harsh,Jaipur,18,harsh7173@gmail.com
7174,Aditya,Nagpur,34,aditya7174@gmail.com
7175,Neha,Vadodara,54,neha7175@gmail.com
7176,Pooja,Vadodara,38,pooja7176@gmail.com
7177,Pooja,Delhi,59,pooja7177@gmail.com
7178,Karan,Rajkot,51,karan7178@gmail.com
7179,Arjun,Indore,55,arjun7179@gmail.com
7180,Meera,Rajkot,31,meera7180@gmail.com
7181,Nisha,Jaipur,26,nisha7181@gmail.com
7182,Kavya,Ahmedabad,35,kavya7182@gmail.com
7183,Kriti,Pune,44,kriti7183@gmail.com
7184,Neha,Rajkot,50,neha7184@gmail.com
7185,Karan,Nagpur,30,karan7185@gmail.com
7186,Pooja,Vadodara,23,pooja7186@gmail.com
7187,Mohit,Pune,20,mohit7187@gmail.com
7188,Aman,Jaipur,20,aman7188@gmail.com
7189,Karan,Jaipur,53,karan7189@gmail.com
7190,Kavya,Indore,32,kavya7190@gmail.com
7191,Riya,Pune,47,riya7191@gmail.com
7192,Pooja,Delhi,41,pooja7192@gmail.com
7193,Arjun,Ahmedabad,51,arjun7193@gmail.com
7194,Sneha,Jaipur,27,sneha7194@gmail.com
7195,Nisha,Vadodara,21,nisha7195@gmail.com
7196,Vikas,Ahmedabad,52,vikas7196@gmail.com
7197,Nisha,Surat,45,nisha7197@gmail.com
7198,Arjun,Delhi,55,arjun7198@gmail.com
7199,Meera,Delhi,34,meera7199@gmail.com
7200,Pooja,Vadodara,50,pooja7200@gmail.com
7201,Mohit,Vadodara,37,mohit7201@gmail.com
7202,Riya,Jaipur,32,riya7202@gmail.com
7203,Vikas,Ahmedabad,43,vikas7203@gmail.com
7204,Karan,Vadodara,21,karan7204@gmail.com
7205,Rohit,Jaipur,21,rohit7205@gmail.com
7206,Arjun,Nagpur,35,arjun7206@gmail.com
7207,Rahul,Indore,41,rahul7207@gmail.com
7208,Arjun,Rajkot,39,arjun7208@gmail.com
7209,Anjali,Pune,41,anjali7209@gmail.com
7210,Vikas,Mumbai,31,vikas7210@gmail.com
7211,Harsh,Mumbai,18,harsh7211@gmail.com
7212,Kavya,Surat,52,kavya7212@gmail.com
7213,Rohit,Jaipur,24,rohit7213@gmail.com
7214,Rahul,Nagpur,58,rahul7214@gmail.com
7215,Pooja,Surat,60,pooja7215@gmail.com
7216,Kavya,Pune,32,kavya7216@gmail.com
7217,Priya,Pune,24,priya7217@gmail.com
7218,Arjun,Vadodara,42,arjun7218@gmail.com
7219,Priya,Rajkot,19,priya7219@gmail.com
7220,Karan,Jaipur,36,karan7220@gmail.com
7221,Arjun,Indore,21,arjun7221@gmail.com
7222,Riya,Mumbai,58,riya7222@gmail.com
7223,Aditya,Indore,57,aditya7223@gmail.com
7224,Anjali,Delhi,38,anjali7224@gmail.com
7225,Aman,Pune,29,aman7225@gmail.com
7226,Aditya,Pune,60,aditya7226@gmail.com
7227,Karan,Mumbai,46,karan7227@gmail.com
7228,Rohit,Rajkot,40,rohit7228@gmail.com
7229,Rahul,Surat,28,rahul7229@gmail.com
7230,Nisha,Surat,23,nisha7230@gmail.com
7231,Rohit,Pune,39,rohit7231@gmail.com
7232,Mohit,Mumbai,40,mohit7232@gmail.com
7233,Harsh,Ahmedabad,46,harsh7233@gmail.com
7234,Kavya,Jaipur,20,kavya7234@gmail.com
7235,Arjun,Ahmedabad,20,arjun7235@gmail.com
7236,Kriti,Pune,46,kriti7236@gmail.com
7237,Mohit,Mumbai,47,mohit7237@gmail.com
7238,Kavya,Vadodara,21,kavya7238@gmail.com
7239,Anjali,Rajkot,41,anjali7239@gmail.com
7240,Aditya,Delhi,60,aditya7240@gmail.com
7241,Neha,Surat,18,neha7241@gmail.com
7242,Vikas,Ahmedabad,57,vikas7242@gmail.com
7243,Mohit,Ahmedabad,18,mohit7243@gmail.com
7244,Mohit,Rajkot,25,mohit7244@gmail.com
7245,Aditya,Ahmedabad,40,aditya7245@gmail.com
7246,Karan,Surat,31,karan7246@gmail.com
7247,Nisha,Surat,50,nisha7247@gmail.com
7248,Kavya,Ahmedabad,22,kavya7248@gmail.com
7249,Neha,Vadodara,37,neha7249@gmail.com
7250,Kavya,Pune,32,kavya7250@gmail.com
7251,Rohit,Rajkot,57,rohit7251@gmail.com
7252,Riya,Vadodara,40,riya7252@gmail.com
7253,Anjali,Delhi,41,anjali7253@gmail.com
7254,Harsh,Jaipur,27,harsh7254@gmail.com
7255,Rahul,Jaipur,42,rahul7255@gmail.com
7256,Neha,Surat,21,neha7256@gmail.com
7257,Nisha,Nagpur,54,nisha7257@gmail.com
7258,Harsh,Surat,59,harsh7258@gmail.com
7259,Aditya,Indore,54,aditya7259@gmail.com
7260,Nisha,Vadodara,21,nisha7260@gmail.com
7261,Neha,Vadodara,42,neha7261@gmail.com
7262,Arjun,Nagpur,34,arjun7262@gmail.com
7263,Rahul,Delhi,48,rahul7263@gmail.com
7264,Yash,Ahmedabad,26,yash7264@gmail.com
7265,Mohit,Delhi,54,mohit7265@gmail.com
7266,Pooja,Ahmedabad,55,pooja7266@gmail.com
7267,Anjali,Delhi,19,anjali7267@gmail.com
7268,Aditya,Indore,49,aditya7268@gmail.com
7269,Arjun,Indore,28,arjun7269@gmail.com
7270,Rohit,Jaipur,18,rohit7270@gmail.com
7271,Mohit,Mumbai,58,mohit7271@gmail.com
7272,Anjali,Surat,22,anjali7272@gmail.com
7273,Kriti,Delhi,42,kriti7273@gmail.com
7274,Rohit,Ahmedabad,26,rohit7274@gmail.com
7275,Vikas,Mumbai,36,vikas7275@gmail.com
7276,Priya,Nagpur,52,priya7276@gmail.com
7277,Aman,Mumbai,55,aman7277@gmail.com
7278,Rahul,Mumbai,60,rahul7278@gmail.com
7279,Harsh,Mumbai,32,harsh7279@gmail.com
7280,Sneha,Ahmedabad,39,sneha7280@gmail.com
7281,Priya,Pune,18,priya7281@gmail.com
7282,Rahul,Rajkot,20,rahul7282@gmail.com
7283,Nisha,Surat,40,nisha7283@gmail.com
7284,Sneha,Surat,58,sneha7284@gmail.com
7285,Meera,Vadodara,44,meera7285@gmail.com
7286,Yash,Ahmedabad,33,yash7286@gmail.com
7287,Aditya,Mumbai,25,aditya7287@gmail.com
7288,Neha,Indore,43,neha7288@gmail.com
7289,Arjun,Delhi,26,arjun7289@gmail.com
7290,Kavya,Surat,36,kavya7290@gmail.com
7291,Rohit,Nagpur,39,rohit7291@gmail.com
7292,Harsh,Vadodara,52,harsh7292@gmail.com
7293,Arjun,Jaipur,54,arjun7293@gmail.com
7294,Riya,Pune,28,riya7294@gmail.com
7295,Harsh,Rajkot,45,harsh7295@gmail.com
7296,Pooja,Mumbai,43,pooja7296@gmail.com
7297,Rahul,Delhi,33,rahul7297@gmail.com
7298,Nisha,Mumbai,18,nisha7298@gmail.com
7299,Karan,Nagpur,41,karan7299@gmail.com
7300,Anjali,Vadodara,29,anjali7300@gmail.com
7301,Neha,Ahmedabad,47,neha7301@gmail.com
7302,Arjun,Surat,56,arjun7302@gmail.com
7303,Karan,Surat,46,karan7303@gmail.com
7304,Priya,Pune,40,priya7304@gmail.com
7305,Riya,Delhi,53,riya7305@gmail.com
7306,Aditya,Mumbai,30,aditya7306@gmail.com
7307,Nisha,Mumbai,24,nisha7307@gmail.com
7308,Kavya,Mumbai,22,kavya7308@gmail.com
7309,Anjali,Vadodara,25,anjali7309@gmail.com
7310,Yash,Rajkot,49,yash7310@gmail.com
7311,Aditya,Jaipur,54,aditya7311@gmail.com
7312,Priya,Indore,24,priya7312@gmail.com
7313,Priya,Vadodara,45,priya7313@gmail.com
7314,Mohit,Vadodara,41,mohit7314@gmail.com
7315,Rohit,Vadodara,53,rohit7315@gmail.com
7316,Neha,Rajkot,38,neha7316@gmail.com
7317,Harsh,Nagpur,48,harsh7317@gmail.com
7318,Riya,Pune,42,riya7318@gmail.com
7319,Meera,Vadodara,20,meera7319@gmail.com
7320,Rahul,Jaipur,33,rahul7320@gmail.com
7321,Kriti,Vadodara,56,kriti7321@gmail.com
7322,Mohit,Pune,53,mohit7322@gmail.com
7323,Vikas,Rajkot,27,vikas7323@gmail.com
7324,Yash,Rajkot,48,yash7324@gmail.com
7325,Riya,Vadodara,35,riya7325@gmail.com
7326,Rohit,Ahmedabad,21,rohit7326@gmail.com
7327,Priya,Vadodara,26,priya7327@gmail.com
7328,Riya,Nagpur,28,riya7328@gmail.com
7329,Aditya,Surat,29,aditya7329@gmail.com
7330,Meera,Delhi,57,meera7330@gmail.com
7331,Pooja,Vadodara,26,pooja7331@gmail.com
7332,Sneha,Mumbai,60,sneha7332@gmail.com
7333,Karan,Surat,34,karan7333@gmail.com
7334,Neha,Ahmedabad,35,neha7334@gmail.com
7335,Kriti,Ahmedabad,59,kriti7335@gmail.com
7336,Mohit,Mumbai,51,mohit7336@gmail.com
7337,Priya,Pune,44,priya7337@gmail.com
7338,Anjali,Rajkot,56,anjali7338@gmail.com
7339,Mohit,Surat,26,mohit7339@gmail.com
7340,Aditya,Mumbai,20,aditya7340@gmail.com
7341,Mohit,Surat,35,mohit7341@gmail.com
7342,Karan,Delhi,26,karan7342@gmail.com
7343,Karan,Nagpur,49,karan7343@gmail.com
7344,Anjali,Mumbai,24,anjali7344@gmail.com
7345,Sneha,Jaipur,30,sneha7345@gmail.com
7346,Rahul,Mumbai,50,rahul7346@gmail.com
7347,Neha,Indore,39,neha7347@gmail.com
7348,Rahul,Indore,34,rahul7348@gmail.com
7349,Vikas,Delhi,18,vikas7349@gmail.com
7350,Rahul,Jaipur,56,rahul7350@gmail.com
7351,Sneha,Nagpur,47,sneha7351@gmail.com
7352,Arjun,Jaipur,43,arjun7352@gmail.com
7353,Harsh,Pune,57,harsh7353@gmail.com
7354,Meera,Delhi,26,meera7354@gmail.com
7355,Neha,Surat,59,neha7355@gmail.com
7356,Riya,Rajkot,23,riya7356@gmail.com
7357,Nisha,Pune,48,nisha7357@gmail.com
7358,Pooja,Indore,56,pooja7358@gmail.com
7359,Rahul,Mumbai,55,rahul7359@gmail.com
7360,Yash,Delhi,25,yash7360@gmail.com
7361,Aditya,Ahmedabad,33,aditya7361@gmail.com
7362,Meera,Ahmedabad,22,meera7362@gmail.com
7363,Kavya,Indore,43,kavya7363@gmail.com
7364,Riya,Mumbai,54,riya7364@gmail.com
7365,Neha,Delhi,25,neha7365@gmail.com
7366,Nisha,Nagpur,18,nisha7366@gmail.com
7367,Yash,Surat,41,yash7367@gmail.com
7368,Vikas,Vadodara,41,vikas7368@gmail.com
7369,Nisha,Indore,47,nisha7369@gmail.com
7370,Rahul,Indore,32,rahul7370@gmail.com
7371,Vikas,Mumbai,23,vikas7371@gmail.com
7372,Harsh,Vadodara,43,harsh7372@gmail.com
7373,Anjali,Jaipur,21,anjali7373@gmail.com
7374,Pooja,Rajkot,36,pooja7374@gmail.com
7375,Aman,Ahmedabad,59,aman7375@gmail.com
7376,Rahul,Nagpur,45,rahul7376@gmail.com
7377,Vikas,Delhi,37,vikas7377@gmail.com
7378,Kavya,Delhi,32,kavya7378@gmail.com
7379,Harsh,Indore,40,harsh7379@gmail.com
7380,Aditya,Ahmedabad,59,aditya7380@gmail.com
7381,Kavya,Indore,28,kavya7381@gmail.com
7382,Arjun,Delhi,26,arjun7382@gmail.com
7383,Riya,Indore,26,riya7383@gmail.com
7384,Nisha,Pune,23,nisha7384@gmail.com
7385,Pooja,Mumbai,34,pooja7385@gmail.com
7386,Mohit,Indore,60,mohit7386@gmail.com
7387,Karan,Jaipur,59,karan7387@gmail.com
7388,Meera,Jaipur,35,meera7388@gmail.com
7389,Karan,Pune,50,karan7389@gmail.com
7390,Yash,Surat,52,yash7390@gmail.com
7391,Kriti,Rajkot,57,kriti7391@gmail.com
7392,Priya,Rajkot,44,priya7392@gmail.com
7393,Karan,Delhi,37,karan7393@gmail.com
7394,Neha,Rajkot,54,neha7394@gmail.com
7395,Vikas,Ahmedabad,32,vikas7395@gmail.com
7396,Mohit,Vadodara,39,mohit7396@gmail.com
7397,Sneha,Mumbai,36,sneha7397@gmail.com
7398,Arjun,Mumbai,41,arjun7398@gmail.com
7399,Rahul,Jaipur,52,rahul7399@gmail.com
7400,Sneha,Delhi,33,sneha7400@gmail.com
7401,Aman,Delhi,20,aman7401@gmail.com
7402,Sneha,Pune,23,sneha7402@gmail.com
7403,Anjali,Vadodara,49,anjali7403@gmail.com
7404,Vikas,Surat,41,vikas7404@gmail.com
7405,Aman,Jaipur,47,aman7405@gmail.com
7406,Vikas,Rajkot,35,vikas7406@gmail.com
7407,Kriti,Jaipur,47,kriti7407@gmail.com
7408,Vikas,Rajkot,35,vikas7408@gmail.com
7409,Rohit,Delhi,41,rohit7409@gmail.com
7410,Sneha,Indore,41,sneha7410@gmail.com
7411,Harsh,Nagpur,35,harsh7411@gmail.com
7412,Vikas,Indore,56,vikas7412@gmail.com
7413,Yash,Indore,22,yash7413@gmail.com
7414,Nisha,Delhi,35,nisha7414@gmail.com
7415,Karan,Pune,29,karan7415@gmail.com
7416,Rohit,Ahmedabad,41,rohit7416@gmail.com
7417,Aditya,Vadodara,18,aditya7417@gmail.com
7418,Harsh,Jaipur,57,harsh7418@gmail.com
7419,Pooja,Vadodara,23,pooja7419@gmail.com
7420,Rohit,Mumbai,43,rohit7420@gmail.com
7421,Kavya,Mumbai,38,kavya7421@gmail.com
7422,Anjali,Rajkot,42,anjali7422@gmail.com
7423,Vikas,Ahmedabad,46,vikas7423@gmail.com
7424,Riya,Pune,33,riya7424@gmail.com
7425,Aditya,Nagpur,35,aditya7425@gmail.com
7426,Karan,Delhi,41,karan7426@gmail.com
7427,Harsh,Pune,35,harsh7427@gmail.com
7428,Riya,Indore,25,riya7428@gmail.com
7429,Pooja,Surat,60,pooja7429@gmail.com
7430,Aman,Vadodara,55,aman7430@gmail.com
7431,Mohit,Delhi,28,mohit7431@gmail.com
7432,Nisha,Pune,37,nisha7432@gmail.com
7433,Rohit,Ahmedabad,31,rohit7433@gmail.com
7434,Rahul,Nagpur,54,rahul7434@gmail.com
7435,Nisha,Delhi,60,nisha7435@gmail.com
7436,Arjun,Delhi,24,arjun7436@gmail.com
7437,Aditya,Surat,52,aditya7437@gmail.com
7438,Priya,Nagpur,51,priya7438@gmail.com
7439,Anjali,Mumbai,27,anjali7439@gmail.com
7440,Priya,Pune,41,priya7440@gmail.com
7441,Meera,Nagpur,23,meera7441@gmail.com
7442,Meera,Ahmedabad,38,meera7442@gmail.com
7443,Riya,Delhi,41,riya7443@gmail.com
7444,Aman,Mumbai,45,aman7444@gmail.com
7445,Yash,Nagpur,34,yash7445@gmail.com
7446,Aman,Nagpur,21,aman7446@gmail.com
7447,Priya,Nagpur,30,priya7447@gmail.com
7448,Riya,Surat,51,riya7448@gmail.com
7449,Nisha,Jaipur,27,nisha7449@gmail.com
7450,Sneha,Nagpur,47,sneha7450@gmail.com
7451,Arjun,Mumbai,54,arjun7451@gmail.com
7452,Nisha,Indore,38,nisha7452@gmail.com
7453,Nisha,Delhi,30,nisha7453@gmail.com
7454,Arjun,Surat,25,arjun7454@gmail.com
7455,Aman,Surat,59,aman7455@gmail.com
7456,Rahul,Jaipur,27,rahul7456@gmail.com
7457,Arjun,Vadodara,22,arjun7457@gmail.com
7458,Aditya,Jaipur,38,aditya7458@gmail.com
7459,Yash,Surat,20,yash7459@gmail.com
7460,Aditya,Mumbai,48,aditya7460@gmail.com
7461,Riya,Mumbai,22,riya7461@gmail.com
7462,Pooja,Mumbai,38,pooja7462@gmail.com
7463,Arjun,Delhi,25,arjun7463@gmail.com
7464,Nisha,Surat,56,nisha7464@gmail.com
7465,Pooja,Delhi,54,pooja7465@gmail.com
7466,Priya,Delhi,43,priya7466@gmail.com
7467,Yash,Pune,49,yash7467@gmail.com
7468,Riya,Surat,30,riya7468@gmail.com
7469,Priya,Delhi,42,priya7469@gmail.com
7470,Kavya,Jaipur,40,kavya7470@gmail.com
7471,Karan,Vadodara,43,karan7471@gmail.com
7472,Riya,Surat,56,riya7472@gmail.com
7473,Riya,Rajkot,58,riya7473@gmail.com
7474,Kriti,Delhi,40,kriti7474@gmail.com
7475,Karan,Jaipur,57,karan7475@gmail.com
7476,Anjali,Delhi,33,anjali7476@gmail.com
7477,Karan,Mumbai,27,karan7477@gmail.com
7478,Arjun,Delhi,57,arjun7478@gmail.com
7479,Mohit,Vadodara,56,mohit7479@gmail.com
7480,Kavya,Mumbai,18,kavya7480@gmail.com
7481,Pooja,Jaipur,48,pooja7481@gmail.com
7482,Sneha,Jaipur,32,sneha7482@gmail.com
7483,Karan,Delhi,45,karan7483@gmail.com
7484,Nisha,Pune,50,nisha7484@gmail.com
7485,Anjali,Surat,48,anjali7485@gmail.com
7486,Vikas,Pune,21,vikas7486@gmail.com
7487,Meera,Nagpur,20,meera7487@gmail.com
7488,Yash,Mumbai,42,yash7488@gmail.com
7489,Kavya,Nagpur,25,kavya7489@gmail.com
7490,Yash,Mumbai,30,yash7490@gmail.com
7491,Vikas,Surat,24,vikas7491@gmail.com
7492,Aditya,Nagpur,25,aditya7492@gmail.com
7493,Karan,Indore,24,karan7493@gmail.com
7494,Anjali,Vadodara,32,anjali7494@gmail.com
7495,Meera,Vadodara,58,meera7495@gmail.com
7496,Riya,Pune,49,riya7496@gmail.com
7497,Nisha,Ahmedabad,52,nisha7497@gmail.com
7498,Aman,Indore,48,aman7498@gmail.com
7499,Mohit,Jaipur,46,mohit7499@gmail.com
7500,Aman,Mumbai,-5,aman7500@gmail.com
7501,Mohit,Delhi,27,mohit7501@gmail.com
7502,Karan,Mumbai,50,karan7502@gmail.com
7503,Aditya,Pune,56,aditya7503@gmail.com
7504,Pooja,Ahmedabad,27,pooja7504@gmail.com
7505,Anjali,Vadodara,60,anjali7505@gmail.com
7506,Harsh,Mumbai,60,harsh7506@gmail.com
7507,Riya,Mumbai,40,riya7507@gmail.com
7508,Vikas,Surat,42,vikas7508@gmail.com
7509,Riya,Rajkot,39,riya7509@gmail.com
7510,Mohit,Jaipur,59,mohit7510@gmail.com
7511,Rahul,Indore,33,rahul7511@gmail.com
7512,Kriti,Delhi,22,kriti7512@gmail.com
7513,Priya,Vadodara,21,priya7513@gmail.com
7514,Aman,Indore,49,aman7514@gmail.com
7515,Aman,Pune,33,aman7515@gmail.com
7516,Aditya,Nagpur,60,aditya7516@gmail.com
7517,Rohit,Delhi,53,rohit7517@gmail.com
7518,Pooja,Pune,59,pooja7518@gmail.com
7519,Meera,Jaipur,27,meera7519@gmail.com
7520,Aditya,Pune,32,aditya7520@gmail.com
7521,Vikas,Mumbai,43,vikas7521@gmail.com
7522,Rahul,Vadodara,36,rahul7522@gmail.com
7523,Vikas,Delhi,54,vikas7523@gmail.com
7524,Kriti,Jaipur,42,kriti7524@gmail.com
7525,Neha,Jaipur,35,neha7525@gmail.com
7526,Kriti,Surat,41,kriti7526@gmail.com
7527,Rohit,Ahmedabad,54,rohit7527@gmail.com
7528,Neha,Mumbai,58,neha7528@gmail.com
7529,Neha,Jaipur,23,neha7529@gmail.com
7530,Nisha,Ahmedabad,22,nisha7530@gmail.com
7531,Neha,Rajkot,39,neha7531@gmail.com
7532,Rohit,Indore,35,rohit7532@gmail.com
7533,Aditya,Rajkot,60,aditya7533@gmail.com
7534,Neha,Rajkot,42,neha7534@gmail.com
7535,Harsh,Delhi,55,harsh7535@gmail.com
7536,Rohit,Nagpur,53,rohit7536@gmail.com
7537,Kriti,Jaipur,29,kriti7537@gmail.com
7538,Rahul,Nagpur,18,rahul7538@gmail.com
7539,Karan,Surat,34,karan7539@gmail.com
7540,Riya,Indore,28,riya7540@gmail.com
7541,Aditya,Pune,57,aditya7541@gmail.com
7542,Kriti,Pune,26,kriti7542@gmail.com
7543,Neha,Mumbai,37,neha7543@gmail.com
7544,Neha,Delhi,54,neha7544@gmail.com
7545,Sneha,Indore,57,sneha7545@gmail.com
7546,Vikas,Nagpur,52,vikas7546@gmail.com
7547,Harsh,Nagpur,43,harsh7547@gmail.com
7548,Rahul,Rajkot,51,rahul7548@gmail.com
7549,Kriti,Delhi,22,kriti7549@gmail.com
7550,Riya,Indore,49,riya7550@gmail.com
7551,Kriti,Delhi,23,kriti7551@gmail.com
7552,Kavya,Mumbai,26,kavya7552@gmail.com
7553,Arjun,Indore,19,arjun7553@gmail.com
7554,Arjun,Jaipur,54,arjun7554@gmail.com
7555,Yash,Vadodara,57,yash7555@gmail.com
7556,Kriti,Vadodara,44,kriti7556@gmail.com
7557,Anjali,Delhi,58,anjali7557@gmail.com
7558,Mohit,Rajkot,37,mohit7558@gmail.com
7559,Mohit,Pune,56,mohit7559@gmail.com
7560,Neha,Indore,39,neha7560@gmail.com
7561,Pooja,Delhi,19,pooja7561@gmail.com
7562,Yash,Rajkot,58,yash7562@gmail.com
7563,Rohit,Mumbai,32,rohit7563@gmail.com
7564,Priya,Mumbai,20,priya7564@gmail.com
7565,Riya,Pune,55,riya7565@gmail.com
7566,Neha,Jaipur,19,neha7566@gmail.com
7567,Anjali,Nagpur,42,anjali7567@gmail.com
7568,Aman,Ahmedabad,54,aman7568@gmail.com
7569,Arjun,Ahmedabad,48,arjun7569@gmail.com
7570,Aditya,Surat,18,aditya7570@gmail.com
7571,Karan,Indore,53,karan7571@gmail.com
7572,Arjun,Indore,37,arjun7572@gmail.com
7573,Pooja,Vadodara,60,pooja7573@gmail.com
7574,Nisha,Nagpur,43,nisha7574@gmail.com
7575,Pooja,Rajkot,46,pooja7575@gmail.com
7576,Harsh,Nagpur,37,harsh7576@gmail.com
7577,Neha,Indore,30,neha7577@gmail.com
7578,Vikas,Jaipur,45,vikas7578@gmail.com
7579,Rahul,Ahmedabad,39,rahul7579@gmail.com
7580,Rahul,Surat,44,rahul7580@gmail.com
7581,Sneha,Jaipur,38,sneha7581@gmail.com
7582,Sneha,Nagpur,30,sneha7582@gmail.com
7583,Rahul,Rajkot,42,rahul7583@gmail.com
7584,Aman,Rajkot,45,aman7584@gmail.com
7585,Kavya,Mumbai,47,kavya7585@gmail.com
7586,Arjun,Pune,25,arjun7586@gmail.com
7587,Harsh,Jaipur,26,harsh7587@gmail.com
7588,Harsh,Indore,32,harsh7588@gmail.com
7589,Rohit,Delhi,21,rohit7589@gmail.com
7590,Anjali,Rajkot,47,anjali7590@gmail.com
7591,Aditya,Mumbai,41,aditya7591@gmail.com
7592,Anjali,Pune,28,anjali7592@gmail.com
7593,Yash,Mumbai,47,yash7593@gmail.com
7594,Nisha,Delhi,45,nisha7594@gmail.com
7595,Pooja,Delhi,23,pooja7595@gmail.com
7596,Rohit,Rajkot,36,rohit7596@gmail.com
7597,Yash,Rajkot,53,yash7597@gmail.com
7598,Harsh,Jaipur,57,harsh7598@gmail.com
7599,Vikas,Jaipur,36,vikas7599@gmail.com
7600,Nisha,Indore,33,nisha7600@gmail.com
7601,Pooja,Jaipur,34,pooja7601@gmail.com
7602,Pooja,Delhi,37,pooja7602@gmail.com
7603,Aman,Pune,37,aman7603@gmail.com
7604,Kavya,Pune,43,kavya7604@gmail.com
7605,Harsh,Rajkot,55,harsh7605@gmail.com
7606,Sneha,Rajkot,33,sneha7606@gmail.com
7607,Aman,Ahmedabad,55,aman7607@gmail.com
7608,Arjun,Ahmedabad,32,arjun7608@gmail.com
7609,Harsh,Ahmedabad,44,harsh7609@gmail.com
7610,Aman,Surat,51,aman7610@gmail.com
7611,Meera,Mumbai,27,meera7611@gmail.com
7612,Sneha,Surat,55,sneha7612@gmail.com
7613,Rohit,Vadodara,44,rohit7613@gmail.com
7614,Karan,Rajkot,48,karan7614@gmail.com
7615,Mohit,Rajkot,60,mohit7615@gmail.com
7616,Meera,Vadodara,55,meera7616@gmail.com
7617,Aman,Pune,33,aman7617@gmail.com
7618,Riya,Pune,18,riya7618@gmail.com
7619,Harsh,Nagpur,26,harsh7619@gmail.com
7620,Rahul,Mumbai,25,rahul7620@gmail.com
7621,Kriti,Surat,48,kriti7621@gmail.com
7622,Rohit,Ahmedabad,51,rohit7622@gmail.com
7623,Anjali,Delhi,36,anjali7623@gmail.com
7624,Nisha,Jaipur,39,nisha7624@gmail.com
7625,Kriti,Rajkot,26,kriti7625@gmail.com
7626,Karan,Surat,33,karan7626@gmail.com
7627,Aditya,Surat,37,aditya7627@gmail.com
7628,Aman,Rajkot,45,aman7628@gmail.com
7629,Pooja,Indore,22,pooja7629@gmail.com
7630,Karan,Rajkot,32,karan7630@gmail.com
7631,Harsh,Surat,19,harsh7631@gmail.com
7632,Karan,Jaipur,24,karan7632@gmail.com
7633,Karan,Pune,31,karan7633@gmail.com
7634,Arjun,Jaipur,43,arjun7634@gmail.com
7635,Anjali,Vadodara,56,anjali7635@gmail.com
7636,Vikas,Delhi,39,vikas7636@gmail.com
7637,Harsh,Jaipur,58,harsh7637@gmail.com
7638,Kriti,Surat,53,kriti7638@gmail.com
7639,Nisha,Pune,54,nisha7639@gmail.com
7640,Kavya,Delhi,22,kavya7640@gmail.com
7641,Aman,Jaipur,53,aman7641@gmail.com
7642,Pooja,Delhi,34,pooja7642@gmail.com
7643,Rohit,Indore,42,rohit7643@gmail.com
7644,Sneha,Pune,22,sneha7644@gmail.com
7645,Sneha,Vadodara,53,sneha7645@gmail.com
7646,Anjali,Surat,31,anjali7646@gmail.com
7647,Pooja,Mumbai,30,pooja7647@gmail.com
7648,Nisha,Mumbai,60,nisha7648@gmail.com
7649,Karan,Surat,33,karan7649@gmail.com
7650,Mohit,Ahmedabad,47,mohit7650@gmail.com
7651,Pooja,Mumbai,34,pooja7651@gmail.com
7652,Nisha,Delhi,59,nisha7652@gmail.com
7653,Priya,Surat,37,priya7653@gmail.com
7654,Sneha,Nagpur,55,sneha7654@gmail.com
7655,Nisha,Vadodara,60,nisha7655@gmail.com
7656,Vikas,Vadodara,19,vikas7656@gmail.com
7657,Rahul,Vadodara,59,rahul7657@gmail.com
7658,Rohit,Mumbai,54,rohit7658@gmail.com
7659,Aman,Indore,55,aman7659@gmail.com
7660,Rahul,Mumbai,59,rahul7660@gmail.com
7661,Neha,Nagpur,46,neha7661@gmail.com
7662,Pooja,Pune,47,pooja7662@gmail.com
7663,Aman,Delhi,20,aman7663@gmail.com
7664,Pooja,Delhi,38,pooja7664@gmail.com
7665,Rahul,Mumbai,32,rahul7665@gmail.com
7666,Meera,Jaipur,21,meera7666@gmail.com
7667,Riya,Mumbai,53,riya7667@gmail.com
7668,Kavya,Ahmedabad,45,kavya7668@gmail.com
7669,Vikas,Jaipur,29,vikas7669@gmail.com
7670,Arjun,Jaipur,28,arjun7670@gmail.com
7671,Mohit,Delhi,26,mohit7671@gmail.com
7672,Yash,Mumbai,57,yash7672@gmail.com
7673,Sneha,Surat,26,sneha7673@gmail.com
7674,Aditya,Mumbai,39,aditya7674@gmail.com
7675,Vikas,Rajkot,24,vikas7675@gmail.com
7676,Mohit,Delhi,18,mohit7676@gmail.com
7677,Sneha,Surat,32,sneha7677@gmail.com
7678,Mohit,Ahmedabad,44,mohit7678@gmail.com
7679,Arjun,Nagpur,22,arjun7679@gmail.com
7680,Priya,Indore,47,priya7680@gmail.com
7681,Anjali,Surat,46,anjali7681@gmail.com
7682,Nisha,Mumbai,48,nisha7682@gmail.com
7683,Kavya,Rajkot,40,kavya7683@gmail.com
7684,Rohit,Delhi,21,rohit7684@gmail.com
7685,Riya,Ahmedabad,59,riya7685@gmail.com
7686,Anjali,Delhi,21,anjali7686@gmail.com
7687,Neha,Mumbai,32,neha7687@gmail.com
7688,Harsh,Vadodara,34,harsh7688@gmail.com
7689,Kriti,Mumbai,33,kriti7689@gmail.com
7690,Aditya,Delhi,35,aditya7690@gmail.com
7691,Karan,Surat,26,karan7691@gmail.com
7692,Meera,Ahmedabad,47,meera7692@gmail.com
7693,Neha,Rajkot,19,neha7693@gmail.com
7694,Neha,Nagpur,28,neha7694@gmail.com
7695,Riya,Mumbai,36,riya7695@gmail.com
7696,Rahul,Jaipur,21,rahul7696@gmail.com
7697,Arjun,Indore,34,arjun7697@gmail.com
7698,Meera,Nagpur,24,meera7698@gmail.com
7699,Kriti,Nagpur,38,kriti7699@gmail.com
7700,Aman,Indore,24,aman7700@gmail.com
7700,Aman,Indore,24,aman7700@gmail.com
7701,Kavya,Rajkot,29,kavya7701@gmail.com
7702,Aman,Surat,42,aman7702@gmail.com
7703,Anjali,Vadodara,32,anjali7703@gmail.com
7704,Meera,Nagpur,27,meera7704@gmail.com
7705,Kriti,Mumbai,39,kriti7705@gmail.com
7706,Yash,Pune,29,yash7706@gmail.com
7707,Karan,Jaipur,56,karan7707@gmail.com
7708,Rahul,Rajkot,39,rahul7708@gmail.com
7709,Vikas,Indore,52,vikas7709@gmail.com
7710,Pooja,Ahmedabad,50,pooja7710@gmail.com
7711,Karan,Delhi,49,karan7711@gmail.com
7712,Sneha,Delhi,46,sneha7712@gmail.com
7713,Harsh,Pune,29,harsh7713@gmail.com
7714,Priya,Mumbai,23,priya7714@gmail.com
7715,Neha,Surat,25,neha7715@gmail.com
7716,Yash,Nagpur,50,yash7716@gmail.com
7717,Rahul,Delhi,40,rahul7717@gmail.com
7718,Meera,Indore,57,meera7718@gmail.com
7719,Rahul,Pune,47,rahul7719@gmail.com
7720,Rahul,Nagpur,36,rahul7720@gmail.com
7721,Rahul,Delhi,56,rahul7721@gmail.com
7722,Karan,Jaipur,24,karan7722@gmail.com
7723,Harsh,Rajkot,57,harsh7723@gmail.com
7724,Aman,Jaipur,29,aman7724@gmail.com
7725,Kavya,Jaipur,25,kavya7725@gmail.com
7726,Kriti,Pune,29,kriti7726@gmail.com
7727,Riya,Mumbai,49,riya7727@gmail.com
7728,Vikas,Ahmedabad,33,vikas7728@gmail.com
7729,Sneha,Vadodara,47,sneha7729@gmail.com
7730,Riya,Mumbai,19,riya7730@gmail.com
7731,Anjali,Ahmedabad,27,anjali7731@gmail.com
7732,Karan,Pune,42,karan7732@gmail.com
7733,Riya,Indore,38,riya7733@gmail.com
7734,Aman,Rajkot,59,aman7734@gmail.com
7735,Vikas,Delhi,30,vikas7735@gmail.com
7736,Aditya,Vadodara,30,aditya7736@gmail.com
7737,Mohit,Ahmedabad,36,mohit7737@gmail.com
7738,Pooja,Nagpur,19,pooja7738@gmail.com
7739,Pooja,Vadodara,51,pooja7739@gmail.com
7740,Kriti,Vadodara,56,kriti7740@gmail.com
7741,Harsh,Jaipur,18,harsh7741@gmail.com
7742,Aman,Nagpur,19,aman7742@gmail.com
7743,Riya,Surat,41,riya7743@gmail.com
7744,Kavya,Indore,50,kavya7744@gmail.com
7745,Anjali,Pune,57,anjali7745@gmail.com
7746,Rohit,Delhi,46,rohit7746@gmail.com
7747,Kriti,Ahmedabad,57,kriti7747@gmail.com
7748,Riya,Indore,45,riya7748@gmail.com
7749,Mohit,Mumbai,56,mohit7749@gmail.com
7750,Rohit,Indore,32,rohit7750@gmail.com
7751,Aman,Mumbai,46,aman7751@gmail.com
7752,Kriti,Nagpur,38,kriti7752@gmail.com
7753,Riya,Mumbai,40,riya7753@gmail.com
7754,Harsh,Mumbai,19,harsh7754@gmail.com
7755,Nisha,Pune,43,nisha7755@gmail.com
7756,Anjali,Vadodara,23,anjali7756@gmail.com
7757,Karan,Rajkot,26,karan7757@gmail.com
7758,Aditya,Jaipur,54,aditya7758@gmail.com
7759,Riya,Mumbai,55,riya7759@gmail.com
7760,Pooja,Pune,22,pooja7760@gmail.com
7761,Rohit,Indore,31,rohit7761@gmail.com
7762,Rahul,Mumbai,55,rahul7762@gmail.com
7763,Rohit,Jaipur,60,rohit7763@gmail.com
7764,Harsh,Indore,32,harsh7764@gmail.com
7765,Nisha,Delhi,47,nisha7765@gmail.com
7766,Karan,Indore,29,karan7766@gmail.com
7767,Kavya,Ahmedabad,60,kavya7767@gmail.com
7768,Riya,Surat,45,riya7768@gmail.com
7769,Vikas,Pune,39,vikas7769@gmail.com
7770,Aman,Rajkot,50,aman7770@gmail.com
7771,Aditya,Vadodara,39,aditya7771@gmail.com
7772,Priya,Delhi,31,priya7772@gmail.com
7773,Priya,Delhi,59,priya7773@gmail.com
7774,Meera,Surat,20,meera7774@gmail.com
7775,Aman,Rajkot,52,aman7775@gmail.com
7776,Sneha,Mumbai,22,sneha7776@gmail.com
7777,Neha,Mumbai,27,neha7777@gmail.com
7778,Priya,Mumbai,22,priya7778@gmail.com
7779,Anjali,Ahmedabad,50,anjali7779@gmail.com
7780,Priya,Jaipur,52,priya7780@gmail.com
7781,Karan,Indore,52,karan7781@gmail.com
7782,Nisha,Vadodara,49,nisha7782@gmail.com
7783,Vikas,Ahmedabad,18,vikas7783@gmail.com
7784,Priya,Rajkot,25,priya7784@gmail.com
7785,Yash,Jaipur,34,yash7785@gmail.com
7786,Meera,Vadodara,21,meera7786@gmail.com
7787,Vikas,Ahmedabad,37,vikas7787@gmail.com
7788,Karan,Surat,20,karan7788@gmail.com
7789,Vikas,Mumbai,54,vikas7789@gmail.com
7790,Yash,Nagpur,46,yash7790@gmail.com
7791,Yash,Nagpur,33,yash7791@gmail.com
7792,Rohit,Vadodara,38,rohit7792@gmail.com
7793,Vikas,Indore,36,vikas7793@gmail.com
7794,Vikas,Ahmedabad,25,vikas7794@gmail.com
7795,Kavya,Indore,26,kavya7795@gmail.com
7796,Mohit,Ahmedabad,60,mohit7796@gmail.com
7797,Riya,Pune,57,riya7797@gmail.com
7798,Karan,Indore,27,karan7798@gmail.com
7799,Riya,Pune,30,riya7799@gmail.com
7800,Riya,Surat,37,riya7800@gmail.com
7801,Neha,Surat,36,neha7801@gmail.com
7802,Riya,Rajkot,34,riya7802@gmail.com
7803,Meera,Delhi,25,meera7803@gmail.com
7804,Pooja,Nagpur,50,pooja7804@gmail.com
7805,Harsh,Pune,23,harsh7805@gmail.com
7806,Kriti,Rajkot,46,kriti7806@gmail.com
7807,Karan,Indore,55,karan7807@gmail.com
7808,Kavya,Rajkot,57,kavya7808@gmail.com
7809,Aman,Rajkot,51,aman7809@gmail.com
7810,Priya,Mumbai,50,priya7810@gmail.com
7811,Mohit,Pune,53,mohit7811@gmail.com
7812,Aditya,Surat,32,aditya7812@gmail.com
7813,Nisha,Indore,44,nisha7813@gmail.com
7814,Aditya,Mumbai,18,aditya7814@gmail.com
7815,Rahul,Surat,40,rahul7815@gmail.com
7816,Mohit,Mumbai,52,mohit7816@gmail.com
7817,Rohit,Delhi,52,rohit7817@gmail.com
7818,Vikas,Delhi,24,vikas7818@gmail.com
7819,Aditya,Jaipur,58,aditya7819@gmail.com
7820,Rahul,Jaipur,29,rahul7820@gmail.com
7821,Aman,Delhi,51,aman7821@gmail.com
7822,Sneha,Vadodara,18,sneha7822@gmail.com
7823,Anjali,Vadodara,28,anjali7823@gmail.com
7824,Nisha,Rajkot,28,nisha7824@gmail.com
7825,Harsh,Rajkot,21,harsh7825@gmail.com
7826,Rahul,Nagpur,43,rahul7826@gmail.com
7827,Meera,Indore,28,meera7827@gmail.com
7828,Arjun,Indore,33,arjun7828@gmail.com
7829,Sneha,Mumbai,53,sneha7829@gmail.com
7830,Mohit,Vadodara,57,mohit7830@gmail.com
7831,Vikas,Delhi,31,vikas7831@gmail.com
7832,Kriti,Indore,23,kriti7832@gmail.com
7833,Yash,Jaipur,58,yash7833@gmail.com
7834,Priya,Vadodara,43,priya7834@gmail.com
7835,Riya,Indore,47,riya7835@gmail.com
7836,Priya,Delhi,45,priya7836@gmail.com
7837,Meera,Ahmedabad,24,meera7837@gmail.com
7838,Aditya,Pune,30,aditya7838@gmail.com
7839,Karan,Vadodara,28,karan7839@gmail.com
7840,Mohit,Delhi,56,mohit7840@gmail.com
7841,Karan,Pune,52,karan7841@gmail.com
7842,Yash,Delhi,40,yash7842@gmail.com
7843,Riya,Nagpur,56,riya7843@gmail.com
7844,Neha,Vadodara,48,neha7844@gmail.com
7845,Rohit,Surat,43,rohit7845@gmail.com
7846,Kriti,Nagpur,42,kriti7846@gmail.com
7847,Priya,Surat,45,priya7847@gmail.com
7848,Anjali,Rajkot,28,anjali7848@gmail.com
7849,Aditya,Vadodara,51,aditya7849@gmail.com
7850,Priya,Ahmedabad,33,priya7850@gmail.com
7851,Neha,Rajkot,26,neha7851@gmail.com
7852,Arjun,Rajkot,46,arjun7852@gmail.com
7853,Nisha,Pune,47,nisha7853@gmail.com
7854,Yash,Pune,40,yash7854@gmail.com
7855,Harsh,Indore,55,harsh7855@gmail.com
7856,Meera,Delhi,52,meera7856@gmail.com
7857,Pooja,Jaipur,60,pooja7857@gmail.com
7858,Kriti,Mumbai,19,kriti7858@gmail.com
7859,Karan,Indore,42,karan7859@gmail.com
7860,Anjali,Indore,52,anjali7860@gmail.com
7861,Vikas,Mumbai,57,vikas7861@gmail.com
7862,Anjali,Rajkot,24,anjali7862@gmail.com
7863,Karan,Jaipur,46,karan7863@gmail.com
7864,Mohit,Ahmedabad,57,mohit7864@gmail.com
7865,Yash,Rajkot,54,yash7865@gmail.com
7866,Riya,Jaipur,38,riya7866@gmail.com
7867,Sneha,Rajkot,35,sneha7867@gmail.com
7868,Nisha,Surat,46,nisha7868@gmail.com
7869,Pooja,Mumbai,55,pooja7869@gmail.com
7870,Kavya,Surat,46,kavya7870@gmail.com
7871,Aman,Nagpur,27,aman7871@gmail.com
7872,Kavya,Indore,45,kavya7872@gmail.com
7873,Harsh,Ahmedabad,22,harsh7873@gmail.com
7874,Arjun,Rajkot,57,arjun7874@gmail.com
7875,Vikas,Nagpur,19,vikas7875@gmail.com
7876,Meera,Surat,53,meera7876@gmail.com
7877,Kavya,Nagpur,37,kavya7877@gmail.com
7878,Kriti,Ahmedabad,53,kriti7878@gmail.com
7879,Anjali,Rajkot,54,anjali7879@gmail.com
7880,Pooja,Indore,35,pooja7880@gmail.com
7881,Neha,Vadodara,30,neha7881@gmail.com
7882,Kavya,Vadodara,37,kavya7882@gmail.com
7883,Priya,Indore,47,priya7883@gmail.com
7884,Sneha,Ahmedabad,47,sneha7884@gmail.com
7885,Yash,Jaipur,31,yash7885@gmail.com
7886,Vikas,Rajkot,52,vikas7886@gmail.com
7887,Meera,Pune,42,meera7887@gmail.com
7888,Pooja,Rajkot,52,pooja7888@gmail.com
7889,Aditya,Ahmedabad,36,aditya7889@gmail.com
7890,Rohit,Surat,56,rohit7890@gmail.com
7891,Riya,Vadodara,43,riya7891@gmail.com
7892,Aditya,Jaipur,28,aditya7892@gmail.com
7893,Priya,Surat,28,priya7893@gmail.com
7894,Vikas,Mumbai,47,vikas7894@gmail.com
7895,Rahul,Indore,43,rahul7895@gmail.com
7896,Pooja,Vadodara,56,pooja7896@gmail.com
7897,Rahul,Surat,52,rahul7897@gmail.com
7898,Riya,Ahmedabad,52,riya7898@gmail.com
7899,Aman,Jaipur,51,aman7899@gmail.com
7900,Priya,Delhi,18,priya7900@gmail.com
7901,Meera,Vadodara,54,meera7901@gmail.com
7902,Meera,Delhi,60,meera7902@gmail.com
7903,Rahul,Jaipur,48,rahul7903@gmail.com
7904,Pooja,Vadodara,53,pooja7904@gmail.com
7905,Sneha,Rajkot,56,sneha7905@gmail.com
7906,Kriti,Ahmedabad,24,kriti7906@gmail.com
7907,Meera,Jaipur,44,meera7907@gmail.com
7908,Sneha,Surat,27,sneha7908@gmail.com
7909,Arjun,Jaipur,18,arjun7909@gmail.com
7910,Rahul,Surat,31,rahul7910@gmail.com
7911,Rahul,Jaipur,42,rahul7911@gmail.com
7912,Vikas,Pune,55,vikas7912@gmail.com
7913,Kavya,Jaipur,59,kavya7913@gmail.com
7914,Mohit,Surat,40,mohit7914@gmail.com
7915,Vikas,Ahmedabad,24,vikas7915@gmail.com
7916,Meera,Ahmedabad,54,meera7916@gmail.com
7917,Mohit,Nagpur,52,mohit7917@gmail.com
7918,Pooja,Indore,46,pooja7918@gmail.com
7919,Harsh,Surat,50,harsh7919@gmail.com
7920,Kriti,Surat,59,kriti7920@gmail.com
7921,Priya,Vadodara,48,priya7921@gmail.com
7922,Riya,Indore,59,riya7922@gmail.com
7923,Rahul,Surat,25,rahul7923@gmail.com
7924,Mohit,Indore,41,mohit7924@gmail.com
7925,Priya,Surat,32,priya7925@gmail.com
7926,Aman,Ahmedabad,37,aman7926@gmail.com
7927,Aman,Mumbai,56,aman7927@gmail.com
7928,Kavya,Surat,43,kavya7928@gmail.com
7929,Kriti,Ahmedabad,60,kriti7929@gmail.com
7930,Rohit,Indore,53,rohit7930@gmail.com
7931,Vikas,Jaipur,28,vikas7931@gmail.com
7932,Pooja,Surat,42,pooja7932@gmail.com
7933,Karan,Mumbai,25,karan7933@gmail.com
7934,Rohit,Jaipur,57,rohit7934@gmail.com
7935,Kavya,Indore,48,kavya7935@gmail.com
7936,Karan,Jaipur,45,karan7936@gmail.com
7937,Riya,Mumbai,29,riya7937@gmail.com
7938,Priya,Rajkot,18,priya7938@gmail.com
7939,Rohit,Delhi,31,rohit7939@gmail.com
7940,Pooja,Nagpur,19,pooja7940@gmail.com
7941,Aman,Nagpur,37,aman7941@gmail.com
7942,Kriti,Indore,37,kriti7942@gmail.com
7943,Meera,Ahmedabad,38,meera7943@gmail.com
7944,Anjali,Rajkot,32,anjali7944@gmail.com
7945,Kavya,Indore,38,kavya7945@gmail.com
7946,Riya,Pune,32,riya7946@gmail.com
7947,Meera,Delhi,38,meera7947@gmail.com
7948,Aditya,Nagpur,23,aditya7948@gmail.com
7949,Karan,Ahmedabad,39,karan7949@gmail.com
7950,Anjali,Delhi,24,anjali7950@gmail.com
7951,Riya,Rajkot,21,riya7951@gmail.com
7952,Aditya,Delhi,43,aditya7952@gmail.com
7953,Karan,Mumbai,23,karan7953@gmail.com
7954,Neha,Nagpur,33,neha7954@gmail.com
7955,Karan,Nagpur,49,karan7955@gmail.com
7956,Riya,Indore,35,riya7956@gmail.com
7957,Meera,Vadodara,33,meera7957@gmail.com
7958,Kavya,Jaipur,53,kavya7958@gmail.com
7959,Rohit,Jaipur,53,rohit7959@gmail.com
7960,Rohit,Mumbai,29,rohit7960@gmail.com
7961,Harsh,Ahmedabad,28,harsh7961@gmail.com
7962,Anjali,Mumbai,38,anjali7962@gmail.com
7963,Priya,Indore,25,priya7963@gmail.com
7964,Yash,Jaipur,49,yash7964@gmail.com
7965,Anjali,Rajkot,23,anjali7965@gmail.com
7966,Arjun,Pune,21,arjun7966@gmail.com
7967,Rohit,Surat,51,rohit7967@gmail.com
7968,Rahul,Jaipur,37,rahul7968@gmail.com
7969,Kavya,Pune,34,kavya7969@gmail.com
7970,Arjun,Nagpur,37,arjun7970@gmail.com
7971,Aman,Nagpur,32,aman7971@gmail.com
7972,Anjali,Delhi,40,anjali7972@gmail.com
7973,Karan,Ahmedabad,46,karan7973@gmail.com
7974,Yash,Ahmedabad,25,yash7974@gmail.com
7975,Arjun,Pune,40,arjun7975@gmail.com
7976,Harsh,Ahmedabad,54,harsh7976@gmail.com
7977,Arjun,Delhi,34,arjun7977@gmail.com
7978,Pooja,Rajkot,31,pooja7978@gmail.com
7979,Rahul,Jaipur,32,rahul7979@gmail.com
7980,Kriti,Vadodara,52,kriti7980@gmail.com
7981,Aditya,Delhi,30,aditya7981@gmail.com
7982,Priya,Vadodara,31,priya7982@gmail.com
7983,Nisha,Pune,22,nisha7983@gmail.com
7984,Mohit,Delhi,59,mohit7984@gmail.com
7985,Yash,Rajkot,29,yash7985@gmail.com
7986,Nisha,Surat,50,nisha7986@gmail.com
7987,Kriti,Vadodara,52,kriti7987@gmail.com
7988,Riya,Vadodara,22,riya7988@gmail.com
7989,Anjali,Mumbai,48,anjali7989@gmail.com
7990,Meera,Nagpur,30,meera7990@gmail.com
7991,Aditya,Ahmedabad,53,aditya7991@gmail.com
7992,Nisha,Mumbai,38,nisha7992@gmail.com
7993,Neha,Jaipur,29,neha7993@gmail.com
7994,Priya,Nagpur,37,priya7994@gmail.com
7995,Nisha,Jaipur,60,nisha7995@gmail.com
7996,Mohit,Jaipur,32,mohit7996@gmail.com
7997,Kriti,Vadodara,21,kriti7997@gmail.com
7998,Priya,Vadodara,54,priya7998@gmail.com
7999,Priya,Jaipur,45,priya7999@gmail.com
8000,,Delhi,36,kriti8000@gmail.com
8001,Aman,Indore,49,aman8001@gmail.com
8002,Neha,Nagpur,46,neha8002@gmail.com
8003,Vikas,Mumbai,55,vikas8003@gmail.com
8004,Vikas,Rajkot,22,vikas8004@gmail.com
8005,Pooja,Delhi,31,pooja8005@gmail.com
8006,Vikas,Mumbai,55,vikas8006@gmail.com
8007,Kavya,Rajkot,34,kavya8007@gmail.com
8008,Vikas,Indore,34,vikas8008@gmail.com
8009,Rohit,Surat,57,rohit8009@gmail.com
8010,Harsh,Rajkot,55,harsh8010@gmail.com
8011,Aditya,Surat,25,aditya8011@gmail.com
8012,Rahul,Vadodara,56,rahul8012@gmail.com
8013,Meera,Jaipur,48,meera8013@gmail.com
8014,Sneha,Rajkot,19,sneha8014@gmail.com
8015,Meera,Delhi,39,meera8015@gmail.com
8016,Riya,Pune,23,riya8016@gmail.com
8017,Meera,Rajkot,44,meera8017@gmail.com
8018,Yash,Ahmedabad,36,yash8018@gmail.com
8019,Riya,Ahmedabad,42,riya8019@gmail.com
8020,Aman,Vadodara,51,aman8020@gmail.com
8021,Pooja,Rajkot,60,pooja8021@gmail.com
8022,Kavya,Nagpur,55,kavya8022@gmail.com
8023,Anjali,Nagpur,28,anjali8023@gmail.com
8024,Meera,Jaipur,49,meera8024@gmail.com
8025,Rohit,Rajkot,40,rohit8025@gmail.com
8026,Yash,Mumbai,51,yash8026@gmail.com
8027,Priya,Rajkot,21,priya8027@gmail.com
8028,Riya,Mumbai,22,riya8028@gmail.com
8029,Arjun,Rajkot,47,arjun8029@gmail.com
8030,Meera,Rajkot,60,meera8030@gmail.com
8031,Neha,Mumbai,37,neha8031@gmail.com
8032,Yash,Vadodara,30,yash8032@gmail.com
8033,Kavya,Nagpur,23,kavya8033@gmail.com
8034,Arjun,Surat,39,arjun8034@gmail.com
8035,Harsh,Vadodara,37,harsh8035@gmail.com
8036,Aman,Jaipur,24,aman8036@gmail.com
8037,Aman,Delhi,45,aman8037@gmail.com
8038,Kriti,Mumbai,51,kriti8038@gmail.com
8039,Vikas,Vadodara,24,vikas8039@gmail.com
8040,Neha,Mumbai,31,neha8040@gmail.com
8041,Aditya,Delhi,51,aditya8041@gmail.com
8042,Yash,Jaipur,45,yash8042@gmail.com
8043,Meera,Pune,23,meera8043@gmail.com
8044,Harsh,Delhi,57,harsh8044@gmail.com
8045,Kriti,Vadodara,23,kriti8045@gmail.com
8046,Aman,Jaipur,54,aman8046@gmail.com
8047,Aditya,Surat,57,aditya8047@gmail.com
8048,Harsh,Mumbai,24,harsh8048@gmail.com
8049,Arjun,Nagpur,54,arjun8049@gmail.com
8050,Rahul,Jaipur,38,rahul8050@gmail.com
8051,Karan,Vadodara,45,karan8051@gmail.com
8052,Nisha,Rajkot,31,nisha8052@gmail.com
8053,Sneha,Jaipur,23,sneha8053@gmail.com
8054,Rohit,Vadodara,52,rohit8054@gmail.com
8055,Aditya,Nagpur,18,aditya8055@gmail.com
8056,Rohit,Delhi,26,rohit8056@gmail.com
8057,Vikas,Surat,25,vikas8057@gmail.com
8058,Priya,Rajkot,33,priya8058@gmail.com
8059,Harsh,Pune,18,harsh8059@gmail.com
8060,Sneha,Vadodara,26,sneha8060@gmail.com
8061,Harsh,Nagpur,37,harsh8061@gmail.com
8062,Karan,Jaipur,40,karan8062@gmail.com
8063,Priya,Delhi,45,priya8063@gmail.com
8064,Rahul,Rajkot,21,rahul8064@gmail.com
8065,Yash,Jaipur,52,yash8065@gmail.com
8066,Priya,Vadodara,25,priya8066@gmail.com
8067,Rahul,Ahmedabad,38,rahul8067@gmail.com
8068,Rahul,Mumbai,37,rahul8068@gmail.com
8069,Mohit,Nagpur,31,mohit8069@gmail.com
8070,Vikas,Pune,39,vikas8070@gmail.com
8071,Yash,Nagpur,31,yash8071@gmail.com
8072,Vikas,Indore,26,vikas8072@gmail.com
8073,Arjun,Pune,31,arjun8073@gmail.com
8074,Anjali,Vadodara,56,anjali8074@gmail.com
8075,Vikas,Rajkot,33,vikas8075@gmail.com
8076,Mohit,Jaipur,33,mohit8076@gmail.com
8077,Kavya,Surat,18,kavya8077@gmail.com
8078,Rohit,Vadodara,38,rohit8078@gmail.com
8079,Nisha,Pune,41,nisha8079@gmail.com
8080,Pooja,Nagpur,60,pooja8080@gmail.com
8081,Sneha,Pune,59,sneha8081@gmail.com
8082,Rohit,Indore,42,rohit8082@gmail.com
8083,Sneha,Rajkot,49,sneha8083@gmail.com
8084,Harsh,Mumbai,40,harsh8084@gmail.com
8085,Anjali,Pune,24,anjali8085@gmail.com
8086,Vikas,Ahmedabad,33,vikas8086@gmail.com
8087,Vikas,Rajkot,20,vikas8087@gmail.com
8088,Karan,Vadodara,33,karan8088@gmail.com
8089,Kriti,Nagpur,29,kriti8089@gmail.com
8090,Arjun,Surat,28,arjun8090@gmail.com
8091,Meera,Rajkot,44,meera8091@gmail.com
8092,Vikas,Indore,18,vikas8092@gmail.com
8093,Rohit,Delhi,36,rohit8093@gmail.com
8094,Riya,Vadodara,23,riya8094@gmail.com
8095,Vikas,Ahmedabad,34,vikas8095@gmail.com
8096,Neha,Indore,22,neha8096@gmail.com
8097,Rahul,Pune,57,rahul8097@gmail.com
8098,Arjun,Jaipur,58,arjun8098@gmail.com
8099,Mohit,Jaipur,52,mohit8099@gmail.com
8100,Pooja,Indore,34,pooja8100@gmail.com
8101,Rahul,Jaipur,25,rahul8101@gmail.com
8102,Rahul,Delhi,60,rahul8102@gmail.com
8103,Meera,Vadodara,18,meera8103@gmail.com
8104,Karan,Nagpur,31,karan8104@gmail.com
8105,Aditya,Ahmedabad,27,aditya8105@gmail.com
8106,Kriti,Indore,31,kriti8106@gmail.com
8107,Nisha,Mumbai,50,nisha8107@gmail.com
8108,Priya,Ahmedabad,58,priya8108@gmail.com
8109,Aman,Ahmedabad,47,aman8109@gmail.com
8110,Priya,Vadodara,55,priya8110@gmail.com
8111,Sneha,Rajkot,38,sneha8111@gmail.com
8112,Mohit,Surat,54,mohit8112@gmail.com
8113,Nisha,Rajkot,20,nisha8113@gmail.com
8114,Nisha,Nagpur,43,nisha8114@gmail.com
8115,Aman,Rajkot,58,aman8115@gmail.com
8116,Aditya,Rajkot,29,aditya8116@gmail.com
8117,Riya,Vadodara,52,riya8117@gmail.com
8118,Aman,Rajkot,50,aman8118@gmail.com
8119,Arjun,Ahmedabad,38,arjun8119@gmail.com
8120,Anjali,Pune,33,anjali8120@gmail.com
8121,Rohit,Vadodara,47,rohit8121@gmail.com
8122,Karan,Nagpur,25,karan8122@gmail.com
8123,Arjun,Ahmedabad,30,arjun8123@gmail.com
8124,Aditya,Indore,53,aditya8124@gmail.com
8125,Meera,Pune,24,meera8125@gmail.com
8126,Vikas,Ahmedabad,20,vikas8126@gmail.com
8127,Mohit,Ahmedabad,31,mohit8127@gmail.com
8128,Harsh,Vadodara,51,harsh8128@gmail.com
8129,Neha,Vadodara,49,neha8129@gmail.com
8130,Mohit,Vadodara,48,mohit8130@gmail.com
8131,Arjun,Jaipur,50,arjun8131@gmail.com
8132,Sneha,Delhi,31,sneha8132@gmail.com
8133,Vikas,Ahmedabad,48,vikas8133@gmail.com
8134,Arjun,Surat,34,arjun8134@gmail.com
8135,Priya,Delhi,18,priya8135@gmail.com
8136,Kavya,Surat,57,kavya8136@gmail.com
8137,Priya,Jaipur,30,priya8137@gmail.com
8138,Yash,Indore,19,yash8138@gmail.com
8139,Riya,Vadodara,26,riya8139@gmail.com
8140,Vikas,Mumbai,40,vikas8140@gmail.com
8141,Aman,Mumbai,20,aman8141@gmail.com
8142,Aman,Pune,59,aman8142@gmail.com
8143,Riya,Delhi,23,riya8143@gmail.com
8144,Kavya,Surat,59,kavya8144@gmail.com
8145,Anjali,Nagpur,47,anjali8145@gmail.com
8146,Karan,Surat,35,karan8146@gmail.com
8147,Aman,Pune,19,aman8147@gmail.com
8148,Rahul,Nagpur,55,rahul8148@gmail.com
8149,Aman,Pune,54,aman8149@gmail.com
8150,Mohit,Mumbai,35,mohit8150@gmail.com
8151,Anjali,Delhi,53,anjali8151@gmail.com
8152,Neha,Surat,57,neha8152@gmail.com
8153,Kriti,Rajkot,37,kriti8153@gmail.com
8154,Priya,Mumbai,27,priya8154@gmail.com
8155,Aman,Vadodara,47,aman8155@gmail.com
8156,Aditya,Rajkot,53,aditya8156@gmail.com
8157,Kriti,Mumbai,42,kriti8157@gmail.com
8158,Aman,Rajkot,44,aman8158@gmail.com
8159,Mohit,Mumbai,29,mohit8159@gmail.com
8160,Anjali,Pune,49,anjali8160@gmail.com
8161,Pooja,Mumbai,29,pooja8161@gmail.com
8162,Pooja,Surat,34,pooja8162@gmail.com
8163,Mohit,Mumbai,44,mohit8163@gmail.com
8164,Priya,Pune,52,priya8164@gmail.com
8165,Kavya,Surat,20,kavya8165@gmail.com
8166,Mohit,Ahmedabad,42,mohit8166@gmail.com
8167,Yash,Indore,24,yash8167@gmail.com
8168,Vikas,Delhi,21,vikas8168@gmail.com
8169,Kriti,Surat,27,kriti8169@gmail.com
8170,Meera,Indore,46,meera8170@gmail.com
8171,Riya,Surat,27,riya8171@gmail.com
8172,Rahul,Surat,56,rahul8172@gmail.com
8173,Rohit,Delhi,43,rohit8173@gmail.com
8174,Nisha,Mumbai,22,nisha8174@gmail.com
8175,Harsh,Jaipur,30,harsh8175@gmail.com
8176,Nisha,Vadodara,55,nisha8176@gmail.com
8177,Aditya,Surat,39,aditya8177@gmail.com
8178,Arjun,Nagpur,56,arjun8178@gmail.com
8179,Rohit,Surat,21,rohit8179@gmail.com
8180,Priya,Nagpur,33,priya8180@gmail.com
8181,Karan,Jaipur,54,karan8181@gmail.com
8182,Aditya,Surat,47,aditya8182@gmail.com
8183,Mohit,Rajkot,47,mohit8183@gmail.com
8184,Neha,Delhi,20,neha8184@gmail.com
8185,Arjun,Mumbai,28,arjun8185@gmail.com
8186,Neha,Pune,31,neha8186@gmail.com
8187,Meera,Indore,54,meera8187@gmail.com
8188,Rahul,Vadodara,48,rahul8188@gmail.com
8189,Neha,Indore,49,neha8189@gmail.com
8190,Karan,Mumbai,25,karan8190@gmail.com
8191,Aditya,Ahmedabad,38,aditya8191@gmail.com
8192,Aman,Indore,25,aman8192@gmail.com
8193,Kriti,Pune,54,kriti8193@gmail.com
8194,Riya,Vadodara,22,riya8194@gmail.com
8195,Kriti,Surat,47,kriti8195@gmail.com
8196,Aman,Ahmedabad,33,aman8196@gmail.com
8197,Nisha,Surat,27,nisha8197@gmail.com
8198,Sneha,Ahmedabad,36,sneha8198@gmail.com
8199,Karan,Mumbai,41,karan8199@gmail.com
8200,Karan,Pune,59,karan8200@gmail.com
8201,Vikas,Surat,27,vikas8201@gmail.com
8202,Rohit,Mumbai,31,rohit8202@gmail.com
8203,Harsh,Ahmedabad,23,harsh8203@gmail.com
8204,Karan,Surat,55,karan8204@gmail.com
8205,Aman,Ahmedabad,46,aman8205@gmail.com
8206,Kriti,Mumbai,42,kriti8206@gmail.com
8207,Kavya,Surat,31,kavya8207@gmail.com
8208,Riya,Indore,59,riya8208@gmail.com
8209,Anjali,Jaipur,24,anjali8209@gmail.com
8210,Sneha,Mumbai,48,sneha8210@gmail.com
8211,Nisha,Pune,59,nisha8211@gmail.com
8212,Arjun,Rajkot,37,arjun8212@gmail.com
8213,Meera,Surat,26,meera8213@gmail.com
8214,Aman,Jaipur,40,aman8214@gmail.com
8215,Harsh,Vadodara,40,harsh8215@gmail.com
8216,Priya,Indore,20,priya8216@gmail.com
8217,Karan,Pune,24,karan8217@gmail.com
8218,Harsh,Pune,38,harsh8218@gmail.com
8219,Meera,Rajkot,23,meera8219@gmail.com
8220,Riya,Indore,52,riya8220@gmail.com
8221,Vikas,Ahmedabad,56,vikas8221@gmail.com
8222,Meera,Indore,34,meera8222@gmail.com
8223,Kriti,Vadodara,45,kriti8223@gmail.com
8224,Yash,Indore,26,yash8224@gmail.com
8225,Mohit,Nagpur,42,mohit8225@gmail.com
8226,Rahul,Surat,50,rahul8226@gmail.com
8227,Yash,Ahmedabad,37,yash8227@gmail.com
8228,Arjun,Ahmedabad,19,arjun8228@gmail.com
8229,Yash,Delhi,46,yash8229@gmail.com
8230,Meera,Pune,54,meera8230@gmail.com
8231,Priya,Rajkot,20,priya8231@gmail.com
8232,Kriti,Ahmedabad,57,kriti8232@gmail.com
8233,Harsh,Mumbai,23,harsh8233@gmail.com
8234,Nisha,Ahmedabad,20,nisha8234@gmail.com
8235,Rahul,Indore,54,rahul8235@gmail.com
8236,Yash,Delhi,43,yash8236@gmail.com
8237,Kavya,Mumbai,30,kavya8237@gmail.com
8238,Rohit,Delhi,35,rohit8238@gmail.com
8239,Meera,Ahmedabad,50,meera8239@gmail.com
8240,Nisha,Ahmedabad,46,nisha8240@gmail.com
8241,Rahul,Vadodara,28,rahul8241@gmail.com
8242,Priya,Delhi,54,priya8242@gmail.com
8243,Yash,Indore,38,yash8243@gmail.com
8244,Aman,Indore,29,aman8244@gmail.com
8245,Karan,Surat,28,karan8245@gmail.com
8246,Neha,Mumbai,30,neha8246@gmail.com
8247,Kriti,Mumbai,18,kriti8247@gmail.com
8248,Anjali,Jaipur,18,anjali8248@gmail.com
8249,Mohit,Delhi,18,mohit8249@gmail.com
8250,Rahul,Surat,19,rahul8250@gmail.com
8251,Meera,Vadodara,42,meera8251@gmail.com
8252,Sneha,Ahmedabad,43,sneha8252@gmail.com
8253,Arjun,Delhi,55,arjun8253@gmail.com
8254,Priya,Rajkot,18,priya8254@gmail.com
8255,Aditya,Vadodara,51,aditya8255@gmail.com
8256,Harsh,Rajkot,23,harsh8256@gmail.com
8257,Priya,Ahmedabad,25,priya8257@gmail.com
8258,Vikas,Surat,19,vikas8258@gmail.com
8259,Harsh,Pune,42,harsh8259@gmail.com
8260,Harsh,Mumbai,33,harsh8260@gmail.com
8261,Karan,Nagpur,30,karan8261@gmail.com
8262,Arjun,Rajkot,52,arjun8262@gmail.com
8263,Harsh,Nagpur,57,harsh8263@gmail.com
8264,Rahul,Indore,18,rahul8264@gmail.com
8265,Meera,Jaipur,37,meera8265@gmail.com
8266,Meera,Pune,53,meera8266@gmail.com
8267,Nisha,Nagpur,34,nisha8267@gmail.com
8268,Vikas,Delhi,20,vikas8268@gmail.com
8269,Rahul,Surat,56,rahul8269@gmail.com
8270,Harsh,Vadodara,35,harsh8270@gmail.com
8271,Sneha,Delhi,45,sneha8271@gmail.com
8272,Priya,Pune,33,priya8272@gmail.com
8273,Arjun,Pune,24,arjun8273@gmail.com
8274,Yash,Pune,38,yash8274@gmail.com
8275,Neha,Rajkot,53,neha8275@gmail.com
8276,Anjali,Ahmedabad,39,anjali8276@gmail.com
8277,Yash,Mumbai,54,yash8277@gmail.com
8278,Pooja,Mumbai,19,pooja8278@gmail.com
8279,Mohit,Ahmedabad,60,mohit8279@gmail.com
8280,Aditya,Pune,41,aditya8280@gmail.com
8281,Mohit,Jaipur,33,mohit8281@gmail.com
8282,Aman,Indore,44,aman8282@gmail.com
8283,Aditya,Nagpur,38,aditya8283@gmail.com
8284,Vikas,Rajkot,56,vikas8284@gmail.com
8285,Kavya,Ahmedabad,36,kavya8285@gmail.com
8286,Harsh,Ahmedabad,43,harsh8286@gmail.com
8287,Nisha,Nagpur,27,nisha8287@gmail.com
8288,Rahul,Pune,21,rahul8288@gmail.com
8289,Meera,Mumbai,35,meera8289@gmail.com
8290,Aditya,Mumbai,52,aditya8290@gmail.com
8291,Neha,Vadodara,27,neha8291@gmail.com
8292,Karan,Delhi,50,karan8292@gmail.com
8293,Arjun,Rajkot,36,arjun8293@gmail.com
8294,Aditya,Mumbai,43,aditya8294@gmail.com
8295,Karan,Surat,51,karan8295@gmail.com
8296,Anjali,Vadodara,22,anjali8296@gmail.com
8297,Kriti,Ahmedabad,38,kriti8297@gmail.com
8298,Karan,Nagpur,32,karan8298@gmail.com
8299,Anjali,Delhi,44,anjali8299@gmail.com
8300,Pooja,Mumbai,32,pooja8300@gmail.com
8301,Anjali,Nagpur,19,anjali8301@gmail.com
8302,Aditya,Ahmedabad,23,aditya8302@gmail.com
8303,Riya,Rajkot,24,riya8303@gmail.com
8304,Meera,Mumbai,53,meera8304@gmail.com
8305,Rohit,Pune,53,rohit8305@gmail.com
8306,Priya,Indore,22,priya8306@gmail.com
8307,Riya,Jaipur,40,riya8307@gmail.com
8308,Harsh,Surat,36,harsh8308@gmail.com
8309,Vikas,Pune,20,vikas8309@gmail.com
8310,Rahul,Nagpur,56,rahul8310@gmail.com
8311,Riya,Delhi,21,riya8311@gmail.com
8312,Aman,Indore,44,aman8312@gmail.com
8313,Aditya,Surat,23,aditya8313@gmail.com
8314,Karan,Vadodara,33,karan8314@gmail.com
8315,Yash,Mumbai,47,yash8315@gmail.com
8316,Neha,Surat,23,neha8316@gmail.com
8317,Riya,Delhi,26,riya8317@gmail.com
8318,Harsh,Indore,22,harsh8318@gmail.com
8319,Anjali,Pune,26,anjali8319@gmail.com
8320,Aditya,Ahmedabad,52,aditya8320@gmail.com
8321,Anjali,Surat,49,anjali8321@gmail.com
8322,Nisha,Indore,38,nisha8322@gmail.com
8323,Sneha,Ahmedabad,37,sneha8323@gmail.com
8324,Vikas,Surat,37,vikas8324@gmail.com
8325,Riya,Mumbai,46,riya8325@gmail.com
8326,Nisha,Delhi,58,nisha8326@gmail.com
8327,Pooja,Indore,19,pooja8327@gmail.com
8328,Priya,Rajkot,23,priya8328@gmail.com
8329,Rohit,Delhi,18,rohit8329@gmail.com
8330,Anjali,Nagpur,58,anjali8330@gmail.com
8331,Mohit,Ahmedabad,49,mohit8331@gmail.com
8332,Karan,Ahmedabad,33,karan8332@gmail.com
8333,Anjali,Vadodara,44,anjali8333@gmail.com
8334,Neha,Nagpur,44,neha8334@gmail.com
8335,Meera,Mumbai,28,meera8335@gmail.com
8336,Rohit,Pune,26,rohit8336@gmail.com
8337,Arjun,Mumbai,43,arjun8337@gmail.com
8338,Arjun,Surat,50,arjun8338@gmail.com
8339,Vikas,Indore,42,vikas8339@gmail.com
8340,Anjali,Indore,27,anjali8340@gmail.com
8341,Karan,Ahmedabad,22,karan8341@gmail.com
8342,Kavya,Nagpur,44,kavya8342@gmail.com
8343,Meera,Nagpur,50,meera8343@gmail.com
8344,Aman,Rajkot,36,aman8344@gmail.com
8345,Kriti,Nagpur,23,kriti8345@gmail.com
8346,Riya,Rajkot,21,riya8346@gmail.com
8347,Mohit,Jaipur,18,mohit8347@gmail.com
8348,Rahul,Indore,24,rahul8348@gmail.com
8349,Yash,Ahmedabad,50,yash8349@gmail.com
8350,Harsh,Nagpur,37,harsh8350@gmail.com
8351,Karan,Mumbai,33,karan8351@gmail.com
8352,Rohit,Ahmedabad,31,rohit8352@gmail.com
8353,Pooja,Surat,37,pooja8353@gmail.com
8354,Nisha,Indore,53,nisha8354@gmail.com
8355,Karan,Pune,27,karan8355@gmail.com
8356,Neha,Jaipur,58,neha8356@gmail.com
8357,Nisha,Ahmedabad,56,nisha8357@gmail.com
8358,Anjali,Mumbai,40,anjali8358@gmail.com
8359,Aman,Rajkot,29,aman8359@gmail.com
8360,Aditya,Indore,60,aditya8360@gmail.com
8361,Aman,Ahmedabad,59,aman8361@gmail.com
8362,Neha,Pune,24,neha8362@gmail.com
8363,Kavya,Nagpur,30,kavya8363@gmail.com
8364,Meera,Vadodara,23,meera8364@gmail.com
8365,Yash,Mumbai,47,yash8365@gmail.com
8366,Sneha,Surat,60,sneha8366@gmail.com
8367,Nisha,Delhi,37,nisha8367@gmail.com
8368,Sneha,Jaipur,55,sneha8368@gmail.com
8369,Pooja,Vadodara,50,pooja8369@gmail.com
8370,Riya,Pune,51,riya8370@gmail.com
8371,Yash,Ahmedabad,55,yash8371@gmail.com
8372,Nisha,Vadodara,19,nisha8372@gmail.com
8373,Vikas,Indore,34,vikas8373@gmail.com
8374,Aditya,Jaipur,24,aditya8374@gmail.com
8375,Priya,Surat,29,priya8375@gmail.com
8376,Neha,Mumbai,41,neha8376@gmail.com
8377,Pooja,Delhi,60,pooja8377@gmail.com
8378,Aman,Pune,29,aman8378@gmail.com
8379,Sneha,Surat,25,sneha8379@gmail.com
8380,Vikas,Surat,37,vikas8380@gmail.com
8381,Kavya,Vadodara,45,kavya8381@gmail.com
8382,Aditya,Delhi,49,aditya8382@gmail.com
8383,Karan,Pune,59,karan8383@gmail.com
8384,Yash,Indore,21,yash8384@gmail.com
8385,Rahul,Delhi,28,rahul8385@gmail.com
8386,Rahul,Delhi,24,rahul8386@gmail.com
8387,Kavya,Nagpur,53,kavya8387@gmail.com
8388,Harsh,Rajkot,56,harsh8388@gmail.com
8389,Rahul,Pune,23,rahul8389@gmail.com
8390,Aman,Surat,18,aman8390@gmail.com
8391,Mohit,Ahmedabad,48,mohit8391@gmail.com
8392,Priya,Delhi,24,priya8392@gmail.com
8393,Kriti,Pune,55,kriti8393@gmail.com
8394,Arjun,Vadodara,44,arjun8394@gmail.com
8395,Rahul,Pune,58,rahul8395@gmail.com
8396,Vikas,Mumbai,40,vikas8396@gmail.com
8397,Kavya,Surat,50,kavya8397@gmail.com
8398,Aman,Pune,55,aman8398@gmail.com
8399,Pooja,Nagpur,51,pooja8399@gmail.com
8400,Rohit,Jaipur,18,rohit8400@gmail.com
8400,Rohit,Jaipur,18,rohit8400@gmail.com
8401,Priya,Pune,31,priya8401@gmail.com
8402,Arjun,Jaipur,32,arjun8402@gmail.com
8403,Rohit,Vadodara,28,rohit8403@gmail.com
8404,Priya,Surat,48,priya8404@gmail.com
8405,Riya,Vadodara,51,riya8405@gmail.com
8406,Arjun,Vadodara,18,arjun8406@gmail.com
8407,Kriti,Mumbai,47,kriti8407@gmail.com
8408,Kavya,Surat,32,kavya8408@gmail.com
8409,Arjun,Pune,44,arjun8409@gmail.com
8410,Priya,Indore,19,priya8410@gmail.com
8411,Meera,Vadodara,25,meera8411@gmail.com
8412,Kavya,Nagpur,27,kavya8412@gmail.com
8413,Karan,Delhi,56,karan8413@gmail.com
8414,Harsh,Indore,34,harsh8414@gmail.com
8415,Kriti,Nagpur,25,kriti8415@gmail.com
8416,Meera,Delhi,49,meera8416@gmail.com
8417,Rohit,Delhi,20,rohit8417@gmail.com
8418,Arjun,Indore,53,arjun8418@gmail.com
8419,Priya,Surat,29,priya8419@gmail.com
8420,Pooja,Vadodara,18,pooja8420@gmail.com
8421,Meera,Jaipur,40,meera8421@gmail.com
8422,Arjun,Vadodara,20,arjun8422@gmail.com
8423,Aditya,Mumbai,59,aditya8423@gmail.com
8424,Aman,Ahmedabad,30,aman8424@gmail.com
8425,Karan,Delhi,43,karan8425@gmail.com
8426,Riya,Mumbai,25,riya8426@gmail.com
8427,Vikas,Rajkot,20,vikas8427@gmail.com
8428,Vikas,Rajkot,60,vikas8428@gmail.com
8429,Vikas,Vadodara,40,vikas8429@gmail.com
8430,Arjun,Ahmedabad,43,arjun8430@gmail.com
8431,Kriti,Surat,42,kriti8431@gmail.com
8432,Arjun,Jaipur,22,arjun8432@gmail.com
8433,Nisha,Rajkot,25,nisha8433@gmail.com
8434,Sneha,Rajkot,41,sneha8434@gmail.com
8435,Karan,Pune,38,karan8435@gmail.com
8436,Rahul,Pune,44,rahul8436@gmail.com
8437,Pooja,Mumbai,42,pooja8437@gmail.com
8438,Neha,Surat,48,neha8438@gmail.com
8439,Aditya,Delhi,30,aditya8439@gmail.com
8440,Anjali,Surat,59,anjali8440@gmail.com
8441,Yash,Ahmedabad,28,yash8441@gmail.com
8442,Pooja,Delhi,25,pooja8442@gmail.com
8443,Kavya,Vadodara,32,kavya8443@gmail.com
8444,Harsh,Mumbai,36,harsh8444@gmail.com
8445,Meera,Ahmedabad,50,meera8445@gmail.com
8446,Neha,Delhi,19,neha8446@gmail.com
8447,Aditya,Ahmedabad,24,aditya8447@gmail.com
8448,Nisha,Rajkot,22,nisha8448@gmail.com
8449,Aditya,Jaipur,32,aditya8449@gmail.com
8450,Rahul,Mumbai,24,rahul8450@gmail.com
8451,Anjali,Pune,42,anjali8451@gmail.com
8452,Kriti,Jaipur,53,kriti8452@gmail.com
8453,Vikas,Ahmedabad,43,vikas8453@gmail.com
8454,Sneha,Delhi,60,sneha8454@gmail.com
8455,Kavya,Jaipur,32,kavya8455@gmail.com
8456,Pooja,Vadodara,23,pooja8456@gmail.com
8457,Neha,Surat,38,neha8457@gmail.com
8458,Aditya,Pune,35,aditya8458@gmail.com
8459,Kriti,Indore,34,kriti8459@gmail.com
8460,Karan,Nagpur,50,karan8460@gmail.com
8461,Harsh,Indore,25,harsh8461@gmail.com
8462,Rohit,Nagpur,33,rohit8462@gmail.com
8463,Meera,Jaipur,38,meera8463@gmail.com
8464,Priya,Mumbai,52,priya8464@gmail.com
8465,Neha,Nagpur,49,neha8465@gmail.com
8466,Rohit,Pune,26,rohit8466@gmail.com
8467,Sneha,Rajkot,41,sneha8467@gmail.com
8468,Harsh,Nagpur,50,harsh8468@gmail.com
8469,Priya,Jaipur,41,priya8469@gmail.com
8470,Aman,Mumbai,42,aman8470@gmail.com
8471,Rahul,Rajkot,47,rahul8471@gmail.com
8472,Riya,Delhi,42,riya8472@gmail.com
8473,Aditya,Mumbai,36,aditya8473@gmail.com
8474,Pooja,Indore,41,pooja8474@gmail.com
8475,Aman,Indore,47,aman8475@gmail.com
8476,Arjun,Mumbai,20,arjun8476@gmail.com
8477,Anjali,Pune,46,anjali8477@gmail.com
8478,Priya,Surat,47,priya8478@gmail.com
8479,Mohit,Surat,50,mohit8479@gmail.com
8480,Arjun,Pune,41,arjun8480@gmail.com
8481,Vikas,Ahmedabad,59,vikas8481@gmail.com
8482,Kriti,Vadodara,59,kriti8482@gmail.com
8483,Sneha,Nagpur,60,sneha8483@gmail.com
8484,Rahul,Delhi,24,rahul8484@gmail.com
8485,Kriti,Jaipur,37,kriti8485@gmail.com
8486,Sneha,Vadodara,19,sneha8486@gmail.com
8487,Riya,Nagpur,36,riya8487@gmail.com
8488,Neha,Ahmedabad,50,neha8488@gmail.com
8489,Rohit,Nagpur,60,rohit8489@gmail.com
8490,Riya,Indore,21,riya8490@gmail.com
8491,Riya,Rajkot,29,riya8491@gmail.com
8492,Rohit,Ahmedabad,43,rohit8492@gmail.com
8493,Yash,Indore,27,yash8493@gmail.com
8494,Arjun,Mumbai,53,arjun8494@gmail.com
8495,Yash,Ahmedabad,20,yash8495@gmail.com
8496,Arjun,Indore,45,arjun8496@gmail.com
8497,Aman,Mumbai,18,aman8497@gmail.com
8498,Arjun,Indore,31,arjun8498@gmail.com
8499,Karan,Nagpur,22,karan8499@gmail.com
8500,Mohit,Jaipur,31,mohit8500@gmail.com
8501,Meera,Indore,48,meera8501@gmail.com
8502,Nisha,Mumbai,40,nisha8502@gmail.com
8503,Kavya,Mumbai,31,kavya8503@gmail.com
8504,Yash,Indore,50,yash8504@gmail.com
8505,Kriti,Rajkot,21,kriti8505@gmail.com
8506,Nisha,Surat,34,nisha8506@gmail.com
8507,Yash,Vadodara,43,yash8507@gmail.com
8508,Harsh,Delhi,29,harsh8508@gmail.com
8509,Rahul,Jaipur,41,rahul8509@gmail.com
8510,Sneha,Ahmedabad,18,sneha8510@gmail.com
8511,Anjali,Surat,51,anjali8511@gmail.com
8512,Kavya,Mumbai,48,kavya8512@gmail.com
8513,Mohit,Rajkot,44,mohit8513@gmail.com
8514,Neha,Jaipur,56,neha8514@gmail.com
8515,Arjun,Indore,34,arjun8515@gmail.com
8516,Aditya,Jaipur,30,aditya8516@gmail.com
8517,Rohit,Indore,46,rohit8517@gmail.com
8518,Rahul,Nagpur,50,rahul8518@gmail.com
8519,Kavya,Nagpur,49,kavya8519@gmail.com
8520,Rohit,Jaipur,34,rohit8520@gmail.com
8521,Riya,Indore,22,riya8521@gmail.com
8522,Harsh,Surat,33,harsh8522@gmail.com
8523,Yash,Ahmedabad,27,yash8523@gmail.com
8524,Riya,Nagpur,31,riya8524@gmail.com
8525,Vikas,Mumbai,47,vikas8525@gmail.com
8526,Mohit,Mumbai,21,mohit8526@gmail.com
8527,Riya,Mumbai,59,riya8527@gmail.com
8528,Karan,Nagpur,24,karan8528@gmail.com
8529,Priya,Pune,47,priya8529@gmail.com
8530,Anjali,Nagpur,45,anjali8530@gmail.com
8531,Kavya,Pune,49,kavya8531@gmail.com
8532,Priya,Indore,28,priya8532@gmail.com
8533,Rahul,Ahmedabad,28,rahul8533@gmail.com
8534,Kavya,Vadodara,41,kavya8534@gmail.com
8535,Priya,Ahmedabad,35,priya8535@gmail.com
8536,Meera,Indore,54,meera8536@gmail.com
8537,Meera,Delhi,20,meera8537@gmail.com
8538,Anjali,Mumbai,24,anjali8538@gmail.com
8539,Nisha,Rajkot,18,nisha8539@gmail.com
8540,Mohit,Rajkot,29,mohit8540@gmail.com
8541,Riya,Surat,29,riya8541@gmail.com
8542,Nisha,Rajkot,53,nisha8542@gmail.com
8543,Aditya,Pune,35,aditya8543@gmail.com
8544,Riya,Indore,35,riya8544@gmail.com
8545,Kriti,Pune,21,kriti8545@gmail.com
8546,Nisha,Vadodara,19,nisha8546@gmail.com
8547,Neha,Nagpur,47,neha8547@gmail.com
8548,Aditya,Delhi,23,aditya8548@gmail.com
8549,Vikas,Delhi,46,vikas8549@gmail.com
8550,Rahul,Jaipur,18,rahul8550@gmail.com
8551,Rahul,Ahmedabad,55,rahul8551@gmail.com
8552,Mohit,Delhi,29,mohit8552@gmail.com
8553,Nisha,Nagpur,29,nisha8553@gmail.com
8554,Aman,Ahmedabad,42,aman8554@gmail.com
8555,Harsh,Delhi,25,harsh8555@gmail.com
8556,Arjun,Mumbai,54,arjun8556@gmail.com
8557,Aman,Nagpur,45,aman8557@gmail.com
8558,Sneha,Vadodara,18,sneha8558@gmail.com
8559,Meera,Delhi,54,meera8559@gmail.com
8560,Rahul,Indore,38,rahul8560@gmail.com
8561,Aman,Surat,28,aman8561@gmail.com
8562,Anjali,Rajkot,57,anjali8562@gmail.com
8563,Meera,Jaipur,24,meera8563@gmail.com
8564,Kavya,Delhi,56,kavya8564@gmail.com
8565,Sneha,Mumbai,47,sneha8565@gmail.com
8566,Riya,Nagpur,29,riya8566@gmail.com
8567,Meera,Pune,28,meera8567@gmail.com
8568,Harsh,Pune,42,harsh8568@gmail.com
8569,Sneha,Jaipur,59,sneha8569@gmail.com
8570,Rahul,Ahmedabad,54,rahul8570@gmail.com
8571,Nisha,Surat,26,nisha8571@gmail.com
8572,Nisha,Indore,46,nisha8572@gmail.com
8573,Vikas,Jaipur,28,vikas8573@gmail.com
8574,Arjun,Mumbai,53,arjun8574@gmail.com
8575,Pooja,Jaipur,31,pooja8575@gmail.com
8576,Harsh,Nagpur,34,harsh8576@gmail.com
8577,Kavya,Rajkot,41,kavya8577@gmail.com
8578,Aditya,Nagpur,18,aditya8578@gmail.com
8579,Yash,Vadodara,45,yash8579@gmail.com
8580,Pooja,Surat,44,pooja8580@gmail.com
8581,Kriti,Jaipur,44,kriti8581@gmail.com
8582,Aditya,Mumbai,20,aditya8582@gmail.com
8583,Meera,Surat,60,meera8583@gmail.com
8584,Priya,Rajkot,28,priya8584@gmail.com
8585,Kavya,Surat,28,kavya8585@gmail.com
8586,Riya,Pune,41,riya8586@gmail.com
8587,Pooja,Delhi,57,pooja8587@gmail.com
8588,Rahul,Ahmedabad,34,rahul8588@gmail.com
8589,Meera,Rajkot,20,meera8589@gmail.com
8590,Harsh,Delhi,29,harsh8590@gmail.com
8591,Riya,Jaipur,30,riya8591@gmail.com
8592,Sneha,Delhi,29,sneha8592@gmail.com
8593,Aditya,Mumbai,33,aditya8593@gmail.com
8594,Anjali,Pune,20,anjali8594@gmail.com
8595,Karan,Jaipur,59,karan8595@gmail.com
8596,Rohit,Jaipur,21,rohit8596@gmail.com
8597,Priya,Rajkot,32,priya8597@gmail.com
8598,Rohit,Ahmedabad,39,rohit8598@gmail.com
8599,Rahul,Delhi,43,rahul8599@gmail.com
8600,Harsh,Vadodara,53,harsh8600@gmail.com
8601,Meera,Ahmedabad,31,meera8601@gmail.com
8602,Kavya,Delhi,33,kavya8602@gmail.com
8603,Mohit,Mumbai,36,mohit8603@gmail.com
8604,Sneha,Indore,28,sneha8604@gmail.com
8605,Harsh,Indore,26,harsh8605@gmail.com
8606,Aditya,Vadodara,19,aditya8606@gmail.com
8607,Anjali,Rajkot,52,anjali8607@gmail.com
8608,Sneha,Pune,26,sneha8608@gmail.com
8609,Aman,Ahmedabad,23,aman8609@gmail.com
8610,Riya,Rajkot,21,riya8610@gmail.com
8611,Arjun,Jaipur,56,arjun8611@gmail.com
8612,Vikas,Jaipur,57,vikas8612@gmail.com
8613,Kavya,Rajkot,26,kavya8613@gmail.com
8614,Rahul,Pune,27,rahul8614@gmail.com
8615,Sneha,Nagpur,43,sneha8615@gmail.com
8616,Mohit,Pune,48,mohit8616@gmail.com
8617,Arjun,Ahmedabad,55,arjun8617@gmail.com
8618,Anjali,Ahmedabad,28,anjali8618@gmail.com
8619,Neha,Surat,42,neha8619@gmail.com
8620,Riya,Rajkot,35,riya8620@gmail.com
8621,Neha,Rajkot,31,neha8621@gmail.com
8622,Arjun,Jaipur,57,arjun8622@gmail.com
8623,Priya,Rajkot,26,priya8623@gmail.com
8624,Riya,Indore,46,riya8624@gmail.com
8625,Neha,Delhi,24,neha8625@gmail.com
8626,Kriti,Jaipur,32,kriti8626@gmail.com
8627,Vikas,Mumbai,45,vikas8627@gmail.com
8628,Aman,Nagpur,38,aman8628@gmail.com
8629,Karan,Vadodara,58,karan8629@gmail.com
8630,Vikas,Ahmedabad,42,vikas8630@gmail.com
8631,Priya,Mumbai,19,priya8631@gmail.com
8632,Kavya,Indore,25,kavya8632@gmail.com
8633,Arjun,Delhi,19,arjun8633@gmail.com
8634,Aditya,Rajkot,55,aditya8634@gmail.com
8635,Riya,Vadodara,35,riya8635@gmail.com
8636,Rohit,Mumbai,35,rohit8636@gmail.com
8637,Rahul,Delhi,28,rahul8637@gmail.com
8638,Priya,Pune,40,priya8638@gmail.com
8639,Sneha,Jaipur,40,sneha8639@gmail.com
8640,Aditya,Jaipur,24,aditya8640@gmail.com
8641,Aman,Delhi,26,aman8641@gmail.com
8642,Priya,Rajkot,58,priya8642@gmail.com
8643,Priya,Ahmedabad,33,priya8643@gmail.com
8644,Rahul,Vadodara,46,rahul8644@gmail.com
8645,Kriti,Rajkot,47,kriti8645@gmail.com
8646,Karan,Ahmedabad,47,karan8646@gmail.com
8647,Kavya,Mumbai,41,kavya8647@gmail.com
8648,Aman,Mumbai,27,aman8648@gmail.com
8649,Neha,Vadodara,52,neha8649@gmail.com
8650,Sneha,Ahmedabad,58,sneha8650@gmail.com
8651,Rohit,Vadodara,25,rohit8651@gmail.com
8652,Harsh,Mumbai,18,harsh8652@gmail.com
8653,Pooja,Vadodara,48,pooja8653@gmail.com
8654,Kriti,Surat,45,kriti8654@gmail.com
8655,Kriti,Indore,54,kriti8655@gmail.com
8656,Mohit,Delhi,33,mohit8656@gmail.com
8657,Riya,Rajkot,55,riya8657@gmail.com
8658,Meera,Indore,40,meera8658@gmail.com
8659,Priya,Jaipur,57,priya8659@gmail.com
8660,Rahul,Mumbai,39,rahul8660@gmail.com
8661,Arjun,Vadodara,60,arjun8661@gmail.com
8662,Pooja,Indore,35,pooja8662@gmail.com
8663,Rahul,Vadodara,39,rahul8663@gmail.com
8664,Yash,Jaipur,51,yash8664@gmail.com
8665,Yash,Delhi,52,yash8665@gmail.com
8666,Riya,Jaipur,45,riya8666@gmail.com
8667,Kriti,Mumbai,43,kriti8667@gmail.com
8668,Riya,Surat,50,riya8668@gmail.com
8669,Aman,Indore,48,aman8669@gmail.com
8670,Karan,Rajkot,28,karan8670@gmail.com
8671,Anjali,Ahmedabad,31,anjali8671@gmail.com
8672,Rohit,Jaipur,23,rohit8672@gmail.com
8673,Harsh,Indore,28,harsh8673@gmail.com
8674,Meera,Mumbai,29,meera8674@gmail.com
8675,Riya,Jaipur,18,riya8675@gmail.com
8676,Priya,Vadodara,29,priya8676@gmail.com
8677,Anjali,Indore,28,anjali8677@gmail.com
8678,Pooja,Nagpur,29,pooja8678@gmail.com
8679,Meera,Indore,30,meera8679@gmail.com
8680,Harsh,Ahmedabad,29,harsh8680@gmail.com
8681,Aditya,Pune,28,aditya8681@gmail.com
8682,Riya,Delhi,35,riya8682@gmail.com
8683,Neha,Ahmedabad,54,neha8683@gmail.com
8684,Harsh,Mumbai,56,harsh8684@gmail.com
8685,Aditya,Surat,56,aditya8685@gmail.com
8686,Nisha,Indore,28,nisha8686@gmail.com
8687,Arjun,Surat,26,arjun8687@gmail.com
8688,Nisha,Indore,18,nisha8688@gmail.com
8689,Aman,Jaipur,21,aman8689@gmail.com
8690,Harsh,Jaipur,45,harsh8690@gmail.com
8691,Mohit,Mumbai,22,mohit8691@gmail.com
8692,Kriti,Ahmedabad,59,kriti8692@gmail.com
8693,Rahul,Surat,32,rahul8693@gmail.com
8694,Kavya,Pune,21,kavya8694@gmail.com
8695,Neha,Rajkot,32,neha8695@gmail.com
8696,Sneha,Jaipur,30,sneha8696@gmail.com
8697,Meera,Rajkot,29,meera8697@gmail.com
8698,Karan,Mumbai,37,karan8698@gmail.com
8699,Arjun,Pune,23,arjun8699@gmail.com
8700,Harsh,Delhi,42,harsh8700@gmail.com
8701,Aditya,Surat,44,aditya8701@gmail.com
8702,Aditya,Vadodara,27,aditya8702@gmail.com
8703,Arjun,Nagpur,60,arjun8703@gmail.com
8704,Rahul,Jaipur,43,rahul8704@gmail.com
8705,Aman,Indore,25,aman8705@gmail.com
8706,Nisha,Surat,48,nisha8706@gmail.com
8707,Nisha,Mumbai,43,nisha8707@gmail.com
8708,Pooja,Delhi,51,pooja8708@gmail.com
8709,Anjali,Surat,18,anjali8709@gmail.com
8710,Harsh,Jaipur,32,harsh8710@gmail.com
8711,Arjun,Mumbai,30,arjun8711@gmail.com
8712,Aman,Indore,23,aman8712@gmail.com
8713,Arjun,Indore,60,arjun8713@gmail.com
8714,Karan,Delhi,25,karan8714@gmail.com
8715,Mohit,Delhi,44,mohit8715@gmail.com
8716,Priya,Surat,59,priya8716@gmail.com
8717,Kavya,Ahmedabad,36,kavya8717@gmail.com
8718,Neha,Indore,37,neha8718@gmail.com
8719,Karan,Delhi,24,karan8719@gmail.com
8720,Vikas,Jaipur,35,vikas8720@gmail.com
8721,Pooja,Pune,30,pooja8721@gmail.com
8722,Arjun,Mumbai,47,arjun8722@gmail.com
8723,Kriti,Indore,51,kriti8723@gmail.com
8724,Anjali,Nagpur,44,anjali8724@gmail.com
8725,Rahul,Indore,31,rahul8725@gmail.com
8726,Aman,Rajkot,36,aman8726@gmail.com
8727,Riya,Rajkot,20,riya8727@gmail.com
8728,Aman,Indore,22,aman8728@gmail.com
8729,Kriti,Jaipur,39,kriti8729@gmail.com
8730,Priya,Vadodara,53,priya8730@gmail.com
8731,Arjun,Surat,23,arjun8731@gmail.com
8732,Kriti,Rajkot,57,kriti8732@gmail.com
8733,Harsh,Delhi,29,harsh8733@gmail.com
8734,Pooja,Mumbai,20,pooja8734@gmail.com
8735,Riya,Ahmedabad,53,riya8735@gmail.com
8736,Sneha,Nagpur,37,sneha8736@gmail.com
8737,Aman,Ahmedabad,22,aman8737@gmail.com
8738,Kriti,Mumbai,32,kriti8738@gmail.com
8739,Aman,Jaipur,45,aman8739@gmail.com
8740,Rohit,Delhi,50,rohit8740@gmail.com
8741,Vikas,Rajkot,34,vikas8741@gmail.com
8742,Arjun,Rajkot,18,arjun8742@gmail.com
8743,Riya,Jaipur,36,riya8743@gmail.com
8744,Meera,Jaipur,32,meera8744@gmail.com
8745,Vikas,Mumbai,44,vikas8745@gmail.com
8746,Meera,Rajkot,20,meera8746@gmail.com
8747,Aman,Nagpur,29,aman8747@gmail.com
8748,Mohit,Vadodara,45,mohit8748@gmail.com
8749,Aman,Pune,59,aman8749@gmail.com
8750,Aditya,Surat,56,aditya8750@gmail.com
8751,Rohit,Delhi,50,rohit8751@gmail.com
8752,Rohit,Jaipur,48,rohit8752@gmail.com
8753,Aman,Mumbai,23,aman8753@gmail.com
8754,Vikas,Ahmedabad,33,vikas8754@gmail.com
8755,Rohit,Rajkot,56,rohit8755@gmail.com
8756,Aditya,Surat,55,aditya8756@gmail.com
8757,Sneha,Nagpur,52,sneha8757@gmail.com
8758,Neha,Ahmedabad,45,neha8758@gmail.com
8759,Rahul,Ahmedabad,49,rahul8759@gmail.com
8760,Nisha,Pune,36,nisha8760@gmail.com
8761,Sneha,Nagpur,50,sneha8761@gmail.com
8762,Yash,Ahmedabad,35,yash8762@gmail.com
8763,Mohit,Nagpur,21,mohit8763@gmail.com
8764,Vikas,Indore,23,vikas8764@gmail.com
8765,Meera,Nagpur,59,meera8765@gmail.com
8766,Anjali,Indore,34,anjali8766@gmail.com
8767,Nisha,Nagpur,26,nisha8767@gmail.com
8768,Vikas,Delhi,43,vikas8768@gmail.com
8769,Meera,Pune,41,meera8769@gmail.com
8770,Pooja,Pune,51,pooja8770@gmail.com
8771,Anjali,Vadodara,56,anjali8771@gmail.com
8772,Harsh,Surat,21,harsh8772@gmail.com
8773,Karan,Nagpur,48,karan8773@gmail.com
8774,Riya,Rajkot,25,riya8774@gmail.com
8775,Aditya,Vadodara,37,aditya8775@gmail.com
8776,Rohit,Surat,47,rohit8776@gmail.com
8777,Meera,Indore,19,meera8777@gmail.com
8778,Pooja,Delhi,41,pooja8778@gmail.com
8779,Nisha,Indore,20,nisha8779@gmail.com
8780,Rohit,Surat,32,rohit8780@gmail.com
8781,Sneha,Nagpur,35,sneha8781@gmail.com
8782,Nisha,Rajkot,50,nisha8782@gmail.com
8783,Sneha,Delhi,19,sneha8783@gmail.com
8784,Vikas,Nagpur,59,vikas8784@gmail.com
8785,Arjun,Delhi,19,arjun8785@gmail.com
8786,Vikas,Nagpur,25,vikas8786@gmail.com
8787,Meera,Mumbai,29,meera8787@gmail.com
8788,Riya,Indore,44,riya8788@gmail.com
8789,Kriti,Rajkot,59,kriti8789@gmail.com
8790,Aman,Pune,57,aman8790@gmail.com
8791,Aditya,Vadodara,46,aditya8791@gmail.com
8792,Yash,Vadodara,45,yash8792@gmail.com
8793,Rohit,Delhi,50,rohit8793@gmail.com
8794,Rohit,Rajkot,20,rohit8794@gmail.com
8795,Vikas,Nagpur,31,vikas8795@gmail.com
8796,Harsh,Indore,31,harsh8796@gmail.com
8797,Pooja,Mumbai,50,pooja8797@gmail.com
8798,Kavya,Vadodara,48,kavya8798@gmail.com
8799,Vikas,Surat,38,vikas8799@gmail.com
8800,Rohit,Surat,60,rohit8800@gmail.com
8801,Pooja,Rajkot,26,pooja8801@gmail.com
8802,Karan,Pune,47,karan8802@gmail.com
8803,Rahul,Ahmedabad,59,rahul8803@gmail.com
8804,Meera,Indore,22,meera8804@gmail.com
8805,Meera,Indore,46,meera8805@gmail.com
8806,Aditya,Indore,43,aditya8806@gmail.com
8807,Mohit,Mumbai,21,mohit8807@gmail.com
8808,Neha,Indore,28,neha8808@gmail.com
8809,Harsh,Surat,48,harsh8809@gmail.com
8810,Mohit,Rajkot,55,mohit8810@gmail.com
8811,Riya,Vadodara,57,riya8811@gmail.com
8812,Neha,Rajkot,52,neha8812@gmail.com
8813,Riya,Nagpur,25,riya8813@gmail.com
8814,Meera,Mumbai,44,meera8814@gmail.com
8815,Rohit,Delhi,32,rohit8815@gmail.com
8816,Arjun,Pune,47,arjun8816@gmail.com
8817,Aditya,Vadodara,45,aditya8817@gmail.com
8818,Pooja,Rajkot,34,pooja8818@gmail.com
8819,Riya,Indore,55,riya8819@gmail.com
8820,Pooja,Mumbai,19,pooja8820@gmail.com
8821,Mohit,Rajkot,52,mohit8821@gmail.com
8822,Sneha,Pune,33,sneha8822@gmail.com
8823,Rohit,Ahmedabad,58,rohit8823@gmail.com
8824,Kavya,Surat,25,kavya8824@gmail.com
8825,Pooja,Jaipur,54,pooja8825@gmail.com
8826,Kavya,Indore,46,kavya8826@gmail.com
8827,Aditya,Indore,56,aditya8827@gmail.com
8828,Riya,Pune,57,riya8828@gmail.com
8829,Rohit,Vadodara,46,rohit8829@gmail.com
8830,Mohit,Surat,41,mohit8830@gmail.com
8831,Aman,Rajkot,51,aman8831@gmail.com
8832,Riya,Ahmedabad,32,riya8832@gmail.com
8833,Meera,Vadodara,35,meera8833@gmail.com
8834,Sneha,Surat,27,sneha8834@gmail.com
8835,Neha,Nagpur,52,neha8835@gmail.com
8836,Priya,Indore,48,priya8836@gmail.com
8837,Yash,Surat,42,yash8837@gmail.com
8838,Vikas,Ahmedabad,60,vikas8838@gmail.com
8839,Sneha,Pune,39,sneha8839@gmail.com
8840,Yash,Rajkot,21,yash8840@gmail.com
8841,Priya,Indore,59,priya8841@gmail.com
8842,Aman,Rajkot,60,aman8842@gmail.com
8843,Karan,Vadodara,23,karan8843@gmail.com
8844,Rohit,Surat,30,rohit8844@gmail.com
8845,Arjun,Surat,25,arjun8845@gmail.com
8846,Kriti,Surat,56,kriti8846@gmail.com
8847,Karan,Indore,58,karan8847@gmail.com
8848,Pooja,Surat,46,pooja8848@gmail.com
8849,Rahul,Delhi,19,rahul8849@gmail.com
8850,Yash,Vadodara,20,yash8850@gmail.com
8851,Yash,Pune,47,yash8851@gmail.com
8852,Riya,Indore,27,riya8852@gmail.com
8853,Yash,Mumbai,56,yash8853@gmail.com
8854,Nisha,Vadodara,29,nisha8854@gmail.com
8855,Pooja,Ahmedabad,51,pooja8855@gmail.com
8856,Rohit,Surat,60,rohit8856@gmail.com
8857,Aditya,Nagpur,27,aditya8857@gmail.com
8858,Yash,Vadodara,60,yash8858@gmail.com
8859,Harsh,Jaipur,54,harsh8859@gmail.com
8860,Riya,Nagpur,58,riya8860@gmail.com
8861,Aman,Pune,22,aman8861@gmail.com
8862,Nisha,Vadodara,18,nisha8862@gmail.com
8863,Nisha,Rajkot,25,nisha8863@gmail.com
8864,Kavya,Indore,25,kavya8864@gmail.com
8865,Riya,Nagpur,43,riya8865@gmail.com
8866,Vikas,Mumbai,18,vikas8866@gmail.com
8867,Meera,Surat,51,meera8867@gmail.com
8868,Karan,Surat,33,karan8868@gmail.com
8869,Kavya,Pune,47,kavya8869@gmail.com
8870,Rahul,Mumbai,44,rahul8870@gmail.com
8871,Mohit,Ahmedabad,35,mohit8871@gmail.com
8872,Aman,Delhi,38,aman8872@gmail.com
8873,Kavya,Indore,58,kavya8873@gmail.com
8874,Riya,Ahmedabad,39,riya8874@gmail.com
8875,Yash,Nagpur,18,yash8875@gmail.com
8876,Neha,Mumbai,18,neha8876@gmail.com
8877,Pooja,Mumbai,37,pooja8877@gmail.com
8878,Riya,Jaipur,31,riya8878@gmail.com
8879,Nisha,Rajkot,19,nisha8879@gmail.com
8880,Harsh,Pune,27,harsh8880@gmail.com
8881,Sneha,Nagpur,41,sneha8881@gmail.com
8882,Sneha,Surat,29,sneha8882@gmail.com
8883,Meera,Ahmedabad,54,meera8883@gmail.com
8884,Arjun,Indore,21,arjun8884@gmail.com
8885,Sneha,Rajkot,42,sneha8885@gmail.com
8886,Arjun,Surat,26,arjun8886@gmail.com
8887,Pooja,Delhi,42,pooja8887@gmail.com
8888,Rohit,Mumbai,37,rohit8888@gmail.com
8889,Rahul,Jaipur,40,rahul8889@gmail.com
8890,Sneha,Indore,34,sneha8890@gmail.com
8891,Yash,Pune,52,yash8891@gmail.com
8892,Arjun,Jaipur,35,arjun8892@gmail.com
8893,Aditya,Delhi,43,aditya8893@gmail.com
8894,Aman,Vadodara,52,aman8894@gmail.com
8895,Karan,Pune,40,karan8895@gmail.com
8896,Harsh,Nagpur,49,harsh8896@gmail.com
8897,Sneha,Vadodara,41,sneha8897@gmail.com
8898,Aman,Indore,44,aman8898@gmail.com
8899,Karan,Delhi,26,karan8899@gmail.com
8900,Sneha,Indore,20,sneha8900@gmail.com
8901,Vikas,Indore,47,vikas8901@gmail.com
8902,Kavya,Rajkot,51,kavya8902@gmail.com
8903,Nisha,Ahmedabad,55,nisha8903@gmail.com
8904,Neha,Mumbai,41,neha8904@gmail.com
8905,Harsh,Ahmedabad,54,harsh8905@gmail.com
8906,Kriti,Mumbai,26,kriti8906@gmail.com
8907,Rahul,Ahmedabad,29,rahul8907@gmail.com
8908,Kavya,Vadodara,42,kavya8908@gmail.com
8909,Riya,Mumbai,44,riya8909@gmail.com
8910,Harsh,Rajkot,26,harsh8910@gmail.com
8911,Aditya,Indore,44,aditya8911@gmail.com
8912,Vikas,Pune,47,vikas8912@gmail.com
8913,Harsh,Rajkot,44,harsh8913@gmail.com
8914,Riya,Delhi,40,riya8914@gmail.com
8915,Vikas,Rajkot,55,vikas8915@gmail.com
8916,Kavya,Mumbai,55,kavya8916@gmail.com
8917,Kavya,Vadodara,33,kavya8917@gmail.com
8918,Mohit,Jaipur,53,mohit8918@gmail.com
8919,Kriti,Indore,53,kriti8919@gmail.com
8920,Yash,Nagpur,49,yash8920@gmail.com
8921,Arjun,Rajkot,29,arjun8921@gmail.com
8922,Anjali,Indore,18,anjali8922@gmail.com
8923,Pooja,Pune,33,pooja8923@gmail.com
8924,Aman,Vadodara,29,aman8924@gmail.com
8925,Rahul,Vadodara,34,rahul8925@gmail.com
8926,Kavya,Delhi,24,kavya8926@gmail.com
8927,Rohit,Delhi,56,rohit8927@gmail.com
8928,Yash,Delhi,56,yash8928@gmail.com
8929,Neha,Mumbai,26,neha8929@gmail.com
8930,Vikas,Surat,19,vikas8930@gmail.com
8931,Aditya,Pune,36,aditya8931@gmail.com
8932,Pooja,Surat,59,pooja8932@gmail.com
8933,Arjun,Indore,27,arjun8933@gmail.com
8934,Kavya,Pune,37,kavya8934@gmail.com
8935,Sneha,Surat,36,sneha8935@gmail.com
8936,Harsh,Pune,31,harsh8936@gmail.com
8937,Pooja,Pune,19,pooja8937@gmail.com
8938,Mohit,Vadodara,54,mohit8938@gmail.com
8939,Kriti,Jaipur,27,kriti8939@gmail.com
8940,Meera,Nagpur,26,meera8940@gmail.com
8941,Rahul,Rajkot,57,rahul8941@gmail.com
8942,Meera,Indore,59,meera8942@gmail.com
8943,Rohit,Indore,37,rohit8943@gmail.com
8944,Riya,Mumbai,36,riya8944@gmail.com
8945,Aditya,Jaipur,57,aditya8945@gmail.com
8946,Karan,Surat,51,karan8946@gmail.com
8947,Riya,Delhi,39,riya8947@gmail.com
8948,Sneha,Surat,54,sneha8948@gmail.com
8949,Kriti,Indore,45,kriti8949@gmail.com
8950,Kavya,Pune,57,kavya8950@gmail.com
8951,Aman,Vadodara,57,aman8951@gmail.com
8952,Vikas,Mumbai,54,vikas8952@gmail.com
8953,Meera,Surat,59,meera8953@gmail.com
8954,Anjali,Indore,52,anjali8954@gmail.com
8955,Karan,Surat,23,karan8955@gmail.com
8956,Kriti,Jaipur,33,kriti8956@gmail.com
8957,Aditya,Nagpur,57,aditya8957@gmail.com
8958,Nisha,Indore,24,nisha8958@gmail.com
8959,Yash,Indore,54,yash8959@gmail.com
8960,Rohit,Nagpur,27,rohit8960@gmail.com
8961,Pooja,Surat,37,pooja8961@gmail.com
8962,Sneha,Ahmedabad,49,sneha8962@gmail.com
8963,Aman,Pune,28,aman8963@gmail.com
8964,Rohit,Delhi,22,rohit8964@gmail.com
8965,Mohit,Nagpur,60,mohit8965@gmail.com
8966,Kavya,Jaipur,43,kavya8966@gmail.com
8967,Priya,Surat,21,priya8967@gmail.com
8968,Kriti,Nagpur,49,kriti8968@gmail.com
8969,Mohit,Mumbai,22,mohit8969@gmail.com
8970,Kriti,Jaipur,21,kriti8970@gmail.com
8971,Sneha,Indore,23,sneha8971@gmail.com
8972,Harsh,Mumbai,20,harsh8972@gmail.com
8973,Karan,Jaipur,57,karan8973@gmail.com
8974,Harsh,Rajkot,22,harsh8974@gmail.com
8975,Harsh,Delhi,51,harsh8975@gmail.com
8976,Kriti,Delhi,31,kriti8976@gmail.com
8977,Arjun,Surat,30,arjun8977@gmail.com
8978,Pooja,Mumbai,36,pooja8978@gmail.com
8979,Pooja,Ahmedabad,46,pooja8979@gmail.com
8980,Pooja,Vadodara,56,pooja8980@gmail.com
8981,Aditya,Ahmedabad,49,aditya8981@gmail.com
8982,Nisha,Surat,46,nisha8982@gmail.com
8983,Meera,Indore,26,meera8983@gmail.com
8984,Sneha,Jaipur,22,sneha8984@gmail.com
8985,Aditya,Nagpur,44,aditya8985@gmail.com
8986,Rohit,Pune,56,rohit8986@gmail.com
8987,Neha,Nagpur,58,neha8987@gmail.com
8988,Rahul,Vadodara,40,rahul8988@gmail.com
8989,Neha,Nagpur,33,neha8989@gmail.com
8990,Riya,Vadodara,55,riya8990@gmail.com
8991,Anjali,Pune,35,anjali8991@gmail.com
8992,Anjali,Indore,30,anjali8992@gmail.com
8993,Aman,Surat,56,aman8993@gmail.com
8994,Neha,Vadodara,40,neha8994@gmail.com
8995,Yash,Surat,40,yash8995@gmail.com
8996,Anjali,Vadodara,23,anjali8996@gmail.com
8997,Priya,Jaipur,46,priya8997@gmail.com
8998,Aman,Ahmedabad,57,aman8998@gmail.com
8999,Vikas,Jaipur,33,vikas8999@gmail.com
9000,,Pune,-5,kavya9000@gmail.com
9001,Rahul,Nagpur,48,rahul9001@gmail.com
9002,Aditya,Surat,36,aditya9002@gmail.com
9003,Aditya,Rajkot,33,aditya9003@gmail.com
9004,Aditya,Ahmedabad,38,aditya9004@gmail.com
9005,Pooja,Pune,52,pooja9005@gmail.com
9006,Aman,Surat,33,aman9006@gmail.com
9007,Kavya,Vadodara,27,kavya9007@gmail.com
9008,Riya,Pune,52,riya9008@gmail.com
9009,Aditya,Delhi,55,aditya9009@gmail.com
9010,Vikas,Indore,28,vikas9010@gmail.com
9011,Rahul,Delhi,50,rahul9011@gmail.com
9012,Anjali,Vadodara,53,anjali9012@gmail.com
9013,Vikas,Ahmedabad,58,vikas9013@gmail.com
9014,Aditya,Nagpur,52,aditya9014@gmail.com
9015,Meera,Surat,27,meera9015@gmail.com
9016,Vikas,Jaipur,28,vikas9016@gmail.com
9017,Kavya,Jaipur,23,kavya9017@gmail.com
9018,Vikas,Ahmedabad,45,vikas9018@gmail.com
9019,Kavya,Delhi,31,kavya9019@gmail.com
9020,Sneha,Jaipur,44,sneha9020@gmail.com
9021,Karan,Delhi,21,karan9021@gmail.com
9022,Mohit,Rajkot,47,mohit9022@gmail.com
9023,Pooja,Ahmedabad,19,pooja9023@gmail.com
9024,Yash,Vadodara,21,yash9024@gmail.com
9025,Nisha,Nagpur,20,nisha9025@gmail.com
9026,Yash,Rajkot,53,yash9026@gmail.com
9027,Kriti,Surat,56,kriti9027@gmail.com
9028,Riya,Surat,25,riya9028@gmail.com
9029,Kavya,Rajkot,23,kavya9029@gmail.com
9030,Meera,Ahmedabad,32,meera9030@gmail.com
9031,Neha,Pune,30,neha9031@gmail.com
9032,Karan,Indore,42,karan9032@gmail.com
9033,Priya,Pune,39,priya9033@gmail.com
9034,Meera,Ahmedabad,53,meera9034@gmail.com
9035,Rohit,Vadodara,21,rohit9035@gmail.com
9036,Rohit,Mumbai,43,rohit9036@gmail.com
9037,Sneha,Mumbai,60,sneha9037@gmail.com
9038,Priya,Pune,56,priya9038@gmail.com
9039,Vikas,Surat,36,vikas9039@gmail.com
9040,Arjun,Mumbai,27,arjun9040@gmail.com
9041,Aditya,Jaipur,32,aditya9041@gmail.com
9042,Kavya,Nagpur,18,kavya9042@gmail.com
9043,Kriti,Nagpur,35,kriti9043@gmail.com
9044,Anjali,Ahmedabad,36,anjali9044@gmail.com
9045,Kriti,Surat,52,kriti9045@gmail.com
9046,Karan,Delhi,23,karan9046@gmail.com
9047,Arjun,Pune,36,arjun9047@gmail.com
9048,Vikas,Pune,57,vikas9048@gmail.com
9049,Harsh,Jaipur,33,harsh9049@gmail.com
9050,Harsh,Ahmedabad,44,harsh9050@gmail.com
9051,Kriti,Indore,44,kriti9051@gmail.com
9052,Karan,Indore,29,karan9052@gmail.com
9053,Sneha,Jaipur,54,sneha9053@gmail.com
9054,Vikas,Surat,41,vikas9054@gmail.com
9055,Sneha,Surat,26,sneha9055@gmail.com
9056,Vikas,Pune,52,vikas9056@gmail.com
9057,Pooja,Surat,26,pooja9057@gmail.com
9058,Anjali,Nagpur,53,anjali9058@gmail.com
9059,Arjun,Surat,31,arjun9059@gmail.com
9060,Vikas,Vadodara,43,vikas9060@gmail.com
9061,Rahul,Jaipur,21,rahul9061@gmail.com
9062,Vikas,Delhi,20,vikas9062@gmail.com
9063,Vikas,Indore,33,vikas9063@gmail.com
9064,Nisha,Surat,41,nisha9064@gmail.com
9065,Rahul,Mumbai,51,rahul9065@gmail.com
9066,Neha,Indore,35,neha9066@gmail.com
9067,Aditya,Rajkot,52,aditya9067@gmail.com
9068,Harsh,Pune,18,harsh9068@gmail.com
9069,Mohit,Rajkot,20,mohit9069@gmail.com
9070,Harsh,Pune,28,harsh9070@gmail.com
9071,Rahul,Delhi,58,rahul9071@gmail.com
9072,Aditya,Mumbai,41,aditya9072@gmail.com
9073,Karan,Surat,56,karan9073@gmail.com
9074,Aman,Jaipur,28,aman9074@gmail.com
9075,Mohit,Nagpur,41,mohit9075@gmail.com
9076,Harsh,Nagpur,56,harsh9076@gmail.com
9077,Anjali,Delhi,25,anjali9077@gmail.com
9078,Harsh,Mumbai,43,harsh9078@gmail.com
9079,Rahul,Surat,57,rahul9079@gmail.com
9080,Meera,Indore,20,meera9080@gmail.com
9081,Karan,Nagpur,40,karan9081@gmail.com
9082,Kriti,Ahmedabad,60,kriti9082@gmail.com
9083,Rohit,Ahmedabad,35,rohit9083@gmail.com
9084,Harsh,Mumbai,20,harsh9084@gmail.com
9085,Rohit,Ahmedabad,53,rohit9085@gmail.com
9086,Kavya,Ahmedabad,36,kavya9086@gmail.com
9087,Rohit,Delhi,50,rohit9087@gmail.com
9088,Neha,Pune,53,neha9088@gmail.com
9089,Aditya,Vadodara,25,aditya9089@gmail.com
9090,Meera,Rajkot,42,meera9090@gmail.com
9091,Anjali,Jaipur,51,anjali9091@gmail.com
9092,Mohit,Ahmedabad,36,mohit9092@gmail.com
9093,Rohit,Indore,43,rohit9093@gmail.com
9094,Riya,Mumbai,56,riya9094@gmail.com
9095,Anjali,Mumbai,25,anjali9095@gmail.com
9096,Kriti,Rajkot,49,kriti9096@gmail.com
9097,Rahul,Jaipur,44,rahul9097@gmail.com
9098,Vikas,Surat,33,vikas9098@gmail.com
9099,Nisha,Pune,44,nisha9099@gmail.com
9100,Karan,Ahmedabad,52,karan9100@gmail.com
9100,Karan,Ahmedabad,52,karan9100@gmail.com
9101,Nisha,Surat,46,nisha9101@gmail.com
9102,Aditya,Ahmedabad,46,aditya9102@gmail.com
9103,Karan,Indore,43,karan9103@gmail.com
9104,Aditya,Mumbai,30,aditya9104@gmail.com
9105,Anjali,Pune,41,anjali9105@gmail.com
9106,Yash,Jaipur,19,yash9106@gmail.com
9107,Neha,Jaipur,30,neha9107@gmail.com
9108,Aditya,Pune,46,aditya9108@gmail.com
9109,Sneha,Pune,45,sneha9109@gmail.com
9110,Kriti,Pune,38,kriti9110@gmail.com
9111,Nisha,Surat,40,nisha9111@gmail.com
9112,Yash,Nagpur,54,yash9112@gmail.com
9113,Rahul,Jaipur,26,rahul9113@gmail.com
9114,Riya,Ahmedabad,37,riya9114@gmail.com
9115,Neha,Delhi,33,neha9115@gmail.com
9116,Harsh,Jaipur,37,harsh9116@gmail.com
9117,Arjun,Rajkot,34,arjun9117@gmail.com
9118,Rahul,Indore,34,rahul9118@gmail.com
9119,Anjali,Delhi,24,anjali9119@gmail.com
9120,Rohit,Nagpur,55,rohit9120@gmail.com
9121,Rahul,Jaipur,47,rahul9121@gmail.com
9122,Priya,Rajkot,23,priya9122@gmail.com
9123,Yash,Rajkot,52,yash9123@gmail.com
9124,Vikas,Indore,37,vikas9124@gmail.com
9125,Vikas,Rajkot,31,vikas9125@gmail.com
9126,Nisha,Jaipur,42,nisha9126@gmail.com
9127,Priya,Vadodara,33,priya9127@gmail.com
9128,Mohit,Jaipur,56,mohit9128@gmail.com
9129,Kriti,Ahmedabad,58,kriti9129@gmail.com
9130,Meera,Nagpur,43,meera9130@gmail.com
9131,Meera,Surat,41,meera9131@gmail.com
9132,Arjun,Surat,29,arjun9132@gmail.com
9133,Sneha,Nagpur,48,sneha9133@gmail.com
9134,Neha,Vadodara,34,neha9134@gmail.com
9135,Sneha,Surat,59,sneha9135@gmail.com
9136,Priya,Rajkot,29,priya9136@gmail.com
9137,Riya,Surat,56,riya9137@gmail.com
9138,Anjali,Indore,49,anjali9138@gmail.com
9139,Sneha,Delhi,30,sneha9139@gmail.com
9140,Karan,Rajkot,48,karan9140@gmail.com
9141,Mohit,Mumbai,31,mohit9141@gmail.com
9142,Harsh,Indore,36,harsh9142@gmail.com
9143,Aman,Surat,29,aman9143@gmail.com
9144,Meera,Mumbai,38,meera9144@gmail.com
9145,Sneha,Mumbai,43,sneha9145@gmail.com
9146,Arjun,Indore,57,arjun9146@gmail.com
9147,Harsh,Mumbai,34,harsh9147@gmail.com
9148,Riya,Nagpur,48,riya9148@gmail.com
9149,Sneha,Rajkot,28,sneha9149@gmail.com
9150,Sneha,Vadodara,39,sneha9150@gmail.com
9151,Karan,Surat,26,karan9151@gmail.com
9152,Sneha,Mumbai,19,sneha9152@gmail.com
9153,Harsh,Pune,34,harsh9153@gmail.com
9154,Aditya,Pune,45,aditya9154@gmail.com
9155,Kavya,Delhi,32,kavya9155@gmail.com
9156,Riya,Vadodara,35,riya9156@gmail.com
9157,Pooja,Mumbai,31,pooja9157@gmail.com
9158,Pooja,Nagpur,60,pooja9158@gmail.com
9159,Neha,Rajkot,55,neha9159@gmail.com
9160,Yash,Mumbai,56,yash9160@gmail.com
9161,Aditya,Nagpur,39,aditya9161@gmail.com
9162,Rohit,Pune,39,rohit9162@gmail.com
9163,Aman,Jaipur,26,aman9163@gmail.com
9164,Vikas,Surat,46,vikas9164@gmail.com
9165,Rohit,Indore,54,rohit9165@gmail.com
9166,Kavya,Rajkot,22,kavya9166@gmail.com
9167,Mohit,Vadodara,32,mohit9167@gmail.com
9168,Priya,Surat,18,priya9168@gmail.com
9169,Vikas,Ahmedabad,33,vikas9169@gmail.com
9170,Mohit,Mumbai,29,mohit9170@gmail.com
9171,Nisha,Mumbai,26,nisha9171@gmail.com
9172,Kriti,Nagpur,47,kriti9172@gmail.com
9173,Arjun,Delhi,31,arjun9173@gmail.com
9174,Neha,Indore,50,neha9174@gmail.com
9175,Rahul,Indore,43,rahul9175@gmail.com
9176,Pooja,Nagpur,19,pooja9176@gmail.com
9177,Arjun,Surat,31,arjun9177@gmail.com
9178,Meera,Jaipur,21,meera9178@gmail.com
9179,Sneha,Indore,20,sneha9179@gmail.com
9180,Rohit,Rajkot,38,rohit9180@gmail.com
9181,Riya,Rajkot,50,riya9181@gmail.com
9182,Pooja,Mumbai,58,pooja9182@gmail.com
9183,Pooja,Pune,20,pooja9183@gmail.com
9184,Kriti,Ahmedabad,21,kriti9184@gmail.com
9185,Karan,Nagpur,35,karan9185@gmail.com
9186,Aditya,Indore,48,aditya9186@gmail.com
9187,Anjali,Vadodara,28,anjali9187@gmail.com
9188,Nisha,Nagpur,44,nisha9188@gmail.com
9189,Karan,Jaipur,54,karan9189@gmail.com
9190,Aditya,Indore,28,aditya9190@gmail.com
9191,Aditya,Surat,33,aditya9191@gmail.com
9192,Vikas,Delhi,50,vikas9192@gmail.com
9193,Anjali,Indore,34,anjali9193@gmail.com
9194,Nisha,Pune,36,nisha9194@gmail.com
9195,Harsh,Nagpur,35,harsh9195@gmail.com
9196,Rohit,Rajkot,49,rohit9196@gmail.com
9197,Harsh,Delhi,24,harsh9197@gmail.com
9198,Yash,Delhi,55,yash9198@gmail.com
9199,Harsh,Nagpur,54,harsh9199@gmail.com
9200,Meera,Ahmedabad,56,meera9200@gmail.com
9201,Neha,Ahmedabad,56,neha9201@gmail.com
9202,Yash,Indore,20,yash9202@gmail.com
9203,Harsh,Rajkot,38,harsh9203@gmail.com
9204,Rohit,Surat,36,rohit9204@gmail.com
9205,Kavya,Delhi,27,kavya9205@gmail.com
9206,Nisha,Indore,36,nisha9206@gmail.com
9207,Mohit,Mumbai,26,mohit9207@gmail.com
9208,Sneha,Rajkot,34,sneha9208@gmail.com
9209,Vikas,Pune,26,vikas9209@gmail.com
9210,Priya,Mumbai,53,priya9210@gmail.com
9211,Harsh,Vadodara,59,harsh9211@gmail.com
9212,Neha,Pune,39,neha9212@gmail.com
9213,Kavya,Ahmedabad,53,kavya9213@gmail.com
9214,Rohit,Delhi,34,rohit9214@gmail.com
9215,Aditya,Surat,22,aditya9215@gmail.com
9216,Riya,Nagpur,45,riya9216@gmail.com
9217,Riya,Mumbai,30,riya9217@gmail.com
9218,Harsh,Vadodara,37,harsh9218@gmail.com
9219,Kriti,Ahmedabad,29,kriti9219@gmail.com
9220,Riya,Jaipur,43,riya9220@gmail.com
9221,Arjun,Vadodara,49,arjun9221@gmail.com
9222,Neha,Vadodara,50,neha9222@gmail.com
9223,Yash,Mumbai,26,yash9223@gmail.com
9224,Mohit,Nagpur,51,mohit9224@gmail.com
9225,Meera,Nagpur,21,meera9225@gmail.com
9226,Rohit,Vadodara,36,rohit9226@gmail.com
9227,Neha,Indore,51,neha9227@gmail.com
9228,Rahul,Indore,22,rahul9228@gmail.com
9229,Mohit,Ahmedabad,54,mohit9229@gmail.com
9230,Anjali,Indore,37,anjali9230@gmail.com
9231,Arjun,Rajkot,56,arjun9231@gmail.com
9232,Meera,Ahmedabad,43,meera9232@gmail.com
9233,Aditya,Jaipur,50,aditya9233@gmail.com
9234,Nisha,Nagpur,57,nisha9234@gmail.com
9235,Aman,Rajkot,42,aman9235@gmail.com
9236,Mohit,Vadodara,33,mohit9236@gmail.com
9237,Aditya,Rajkot,46,aditya9237@gmail.com
9238,Karan,Delhi,43,karan9238@gmail.com
9239,Priya,Surat,52,priya9239@gmail.com
9240,Rahul,Rajkot,27,rahul9240@gmail.com
9241,Nisha,Pune,42,nisha9241@gmail.com
9242,Vikas,Mumbai,18,vikas9242@gmail.com
9243,Priya,Indore,38,priya9243@gmail.com
9244,Anjali,Jaipur,46,anjali9244@gmail.com
9245,Yash,Indore,35,yash9245@gmail.com
9246,Rohit,Nagpur,60,rohit9246@gmail.com
9247,Yash,Indore,38,yash9247@gmail.com
9248,Rohit,Jaipur,49,rohit9248@gmail.com
9249,Anjali,Pune,29,anjali9249@gmail.com
9250,Aman,Nagpur,45,aman9250@gmail.com
9251,Aman,Surat,18,aman9251@gmail.com
9252,Rahul,Indore,51,rahul9252@gmail.com
9253,Arjun,Jaipur,51,arjun9253@gmail.com
9254,Nisha,Vadodara,26,nisha9254@gmail.com
9255,Pooja,Surat,40,pooja9255@gmail.com
9256,Neha,Indore,42,neha9256@gmail.com
9257,Anjali,Ahmedabad,38,anjali9257@gmail.com
9258,Priya,Mumbai,29,priya9258@gmail.com
9259,Aman,Ahmedabad,34,aman9259@gmail.com
9260,Neha,Vadodara,55,neha9260@gmail.com
9261,Kavya,Nagpur,36,kavya9261@gmail.com
9262,Aditya,Mumbai,30,aditya9262@gmail.com
9263,Mohit,Vadodara,44,mohit9263@gmail.com
9264,Meera,Indore,19,meera9264@gmail.com
9265,Yash,Delhi,38,yash9265@gmail.com
9266,Kriti,Surat,22,kriti9266@gmail.com
9267,Arjun,Surat,33,arjun9267@gmail.com
9268,Nisha,Delhi,20,nisha9268@gmail.com
9269,Kavya,Ahmedabad,35,kavya9269@gmail.com
9270,Karan,Delhi,50,karan9270@gmail.com
9271,Nisha,Surat,29,nisha9271@gmail.com
9272,Rahul,Jaipur,21,rahul9272@gmail.com
9273,Meera,Rajkot,52,meera9273@gmail.com
9274,Sneha,Surat,56,sneha9274@gmail.com
9275,Aman,Pune,31,aman9275@gmail.com
9276,Aman,Rajkot,18,aman9276@gmail.com
9277,Harsh,Indore,58,harsh9277@gmail.com
9278,Neha,Rajkot,48,neha9278@gmail.com
9279,Kavya,Nagpur,54,kavya9279@gmail.com
9280,Kriti,Mumbai,35,kriti9280@gmail.com
9281,Rohit,Mumbai,53,rohit9281@gmail.com
9282,Aman,Pune,31,aman9282@gmail.com
9283,Anjali,Indore,57,anjali9283@gmail.com
9284,Aman,Vadodara,18,aman9284@gmail.com
9285,Pooja,Jaipur,20,pooja9285@gmail.com
9286,Arjun,Delhi,40,arjun9286@gmail.com
9287,Vikas,Nagpur,37,vikas9287@gmail.com
9288,Yash,Surat,54,yash9288@gmail.com
9289,Rohit,Nagpur,58,rohit9289@gmail.com
9290,Sneha,Rajkot,34,sneha9290@gmail.com
9291,Aditya,Jaipur,55,aditya9291@gmail.com
9292,Meera,Surat,26,meera9292@gmail.com
9293,Nisha,Surat,28,nisha9293@gmail.com
9294,Kavya,Ahmedabad,35,kavya9294@gmail.com
9295,Karan,Surat,32,karan9295@gmail.com
9296,Neha,Jaipur,51,neha9296@gmail.com
9297,Kavya,Mumbai,39,kavya9297@gmail.com
9298,Yash,Ahmedabad,57,yash9298@gmail.com
9299,Aditya,Nagpur,30,aditya9299@gmail.com
9300,Pooja,Mumbai,20,pooja9300@gmail.com
9301,Sneha,Pune,54,sneha9301@gmail.com
9302,Arjun,Nagpur,48,arjun9302@gmail.com
9303,Pooja,Vadodara,45,pooja9303@gmail.com
9304,Arjun,Jaipur,57,arjun9304@gmail.com
9305,Anjali,Pune,60,anjali9305@gmail.com
9306,Pooja,Pune,50,pooja9306@gmail.com
9307,Nisha,Ahmedabad,51,nisha9307@gmail.com
9308,Riya,Delhi,18,riya9308@gmail.com
9309,Yash,Vadodara,26,yash9309@gmail.com
9310,Kavya,Jaipur,59,kavya9310@gmail.com
9311,Yash,Indore,50,yash9311@gmail.com
9312,Aman,Pune,54,aman9312@gmail.com
9313,Nisha,Mumbai,33,nisha9313@gmail.com
9314,Sneha,Mumbai,45,sneha9314@gmail.com
9315,Aditya,Jaipur,53,aditya9315@gmail.com
9316,Vikas,Rajkot,35,vikas9316@gmail.com
9317,Riya,Nagpur,44,riya9317@gmail.com
9318,Kriti,Ahmedabad,51,kriti9318@gmail.com
9319,Mohit,Pune,46,mohit9319@gmail.com
9320,Mohit,Surat,42,mohit9320@gmail.com
9321,Vikas,Mumbai,55,vikas9321@gmail.com
9322,Mohit,Pune,41,mohit9322@gmail.com
9323,Neha,Vadodara,23,neha9323@gmail.com
9324,Arjun,Vadodara,50,arjun9324@gmail.com
9325,Karan,Ahmedabad,27,karan9325@gmail.com
9326,Vikas,Jaipur,39,vikas9326@gmail.com
9327,Harsh,Ahmedabad,44,harsh9327@gmail.com
9328,Kavya,Vadodara,55,kavya9328@gmail.com
9329,Aditya,Indore,27,aditya9329@gmail.com
9330,Sneha,Mumbai,47,sneha9330@gmail.com
9331,Karan,Delhi,59,karan9331@gmail.com
9332,Kriti,Pune,46,kriti9332@gmail.com
9333,Kavya,Vadodara,55,kavya9333@gmail.com
9334,Aditya,Mumbai,28,aditya9334@gmail.com
9335,Sneha,Nagpur,54,sneha9335@gmail.com
9336,Rahul,Surat,45,rahul9336@gmail.com
9337,Rohit,Ahmedabad,52,rohit9337@gmail.com
9338,Arjun,Surat,60,arjun9338@gmail.com
9339,Meera,Ahmedabad,47,meera9339@gmail.com
9340,Arjun,Rajkot,38,arjun9340@gmail.com
9341,Aman,Pune,58,aman9341@gmail.com
9342,Arjun,Indore,49,arjun9342@gmail.com
9343,Rohit,Jaipur,30,rohit9343@gmail.com
9344,Harsh,Vadodara,22,harsh9344@gmail.com
9345,Meera,Vadodara,57,meera9345@gmail.com
9346,Rahul,Nagpur,31,rahul9346@gmail.com
9347,Arjun,Vadodara,22,arjun9347@gmail.com
9348,Anjali,Rajkot,22,anjali9348@gmail.com
9349,Rohit,Nagpur,56,rohit9349@gmail.com
9350,Rahul,Vadodara,55,rahul9350@gmail.com
9351,Pooja,Jaipur,50,pooja9351@gmail.com
9352,Kavya,Indore,28,kavya9352@gmail.com
9353,Vikas,Vadodara,31,vikas9353@gmail.com
9354,Yash,Ahmedabad,53,yash9354@gmail.com
9355,Yash,Nagpur,44,yash9355@gmail.com
9356,Mohit,Vadodara,19,mohit9356@gmail.com
9357,Karan,Surat,48,karan9357@gmail.com
9358,Vikas,Pune,27,vikas9358@gmail.com
9359,Sneha,Rajkot,43,sneha9359@gmail.com
9360,Priya,Mumbai,25,priya9360@gmail.com
9361,Kavya,Surat,58,kavya9361@gmail.com
9362,Rohit,Pune,53,rohit9362@gmail.com
9363,Meera,Pune,27,meera9363@gmail.com
9364,Harsh,Vadodara,51,harsh9364@gmail.com
9365,Vikas,Pune,50,vikas9365@gmail.com
9366,Karan,Surat,59,karan9366@gmail.com
9367,Kriti,Surat,43,kriti9367@gmail.com
9368,Vikas,Rajkot,20,vikas9368@gmail.com
9369,Priya,Surat,47,priya9369@gmail.com
9370,Harsh,Mumbai,32,harsh9370@gmail.com
9371,Kriti,Mumbai,55,kriti9371@gmail.com
9372,Meera,Mumbai,42,meera9372@gmail.com
9373,Meera,Rajkot,32,meera9373@gmail.com
9374,Sneha,Ahmedabad,50,sneha9374@gmail.com
9375,Nisha,Ahmedabad,56,nisha9375@gmail.com
9376,Arjun,Surat,33,arjun9376@gmail.com
9377,Rohit,Surat,44,rohit9377@gmail.com
9378,Kriti,Jaipur,47,kriti9378@gmail.com
9379,Yash,Rajkot,44,yash9379@gmail.com
9380,Yash,Delhi,30,yash9380@gmail.com
9381,Rohit,Jaipur,46,rohit9381@gmail.com
9382,Aditya,Nagpur,46,aditya9382@gmail.com
9383,Sneha,Pune,28,sneha9383@gmail.com
9384,Mohit,Pune,38,mohit9384@gmail.com
9385,Rohit,Jaipur,58,rohit9385@gmail.com
9386,Rahul,Jaipur,46,rahul9386@gmail.com
9387,Rahul,Jaipur,26,rahul9387@gmail.com
9388,Neha,Vadodara,48,neha9388@gmail.com
9389,Kavya,Rajkot,32,kavya9389@gmail.com
9390,Yash,Ahmedabad,35,yash9390@gmail.com
9391,Aman,Surat,37,aman9391@gmail.com
9392,Anjali,Vadodara,52,anjali9392@gmail.com
9393,Mohit,Pune,22,mohit9393@gmail.com
9394,Pooja,Pune,37,pooja9394@gmail.com
9395,Kriti,Surat,59,kriti9395@gmail.com
9396,Priya,Mumbai,32,priya9396@gmail.com
9397,Rohit,Surat,30,rohit9397@gmail.com
9398,Vikas,Vadodara,46,vikas9398@gmail.com
9399,Priya,Jaipur,58,priya9399@gmail.com
9400,Vikas,Vadodara,56,vikas9400@gmail.com
9401,Neha,Surat,55,neha9401@gmail.com
9402,Arjun,Nagpur,57,arjun9402@gmail.com
9403,Arjun,Vadodara,21,arjun9403@gmail.com
9404,Karan,Delhi,58,karan9404@gmail.com
9405,Pooja,Ahmedabad,40,pooja9405@gmail.com
9406,Nisha,Vadodara,36,nisha9406@gmail.com
9407,Aman,Indore,48,aman9407@gmail.com
9408,Harsh,Ahmedabad,19,harsh9408@gmail.com
9409,Sneha,Indore,45,sneha9409@gmail.com
9410,Pooja,Surat,22,pooja9410@gmail.com
9411,Nisha,Delhi,26,nisha9411@gmail.com
9412,Kavya,Jaipur,48,kavya9412@gmail.com
9413,Mohit,Nagpur,50,mohit9413@gmail.com
9414,Mohit,Pune,40,mohit9414@gmail.com
9415,Harsh,Nagpur,41,harsh9415@gmail.com
9416,Arjun,Mumbai,56,arjun9416@gmail.com
9417,Karan,Nagpur,32,karan9417@gmail.com
9418,Priya,Vadodara,43,priya9418@gmail.com
9419,Meera,Delhi,20,meera9419@gmail.com
9420,Karan,Rajkot,23,karan9420@gmail.com
9421,Rohit,Vadodara,41,rohit9421@gmail.com
9422,Pooja,Mumbai,32,pooja9422@gmail.com
9423,Sneha,Mumbai,37,sneha9423@gmail.com
9424,Neha,Indore,41,neha9424@gmail.com
9425,Neha,Vadodara,40,neha9425@gmail.com
9426,Aman,Vadodara,33,aman9426@gmail.com
9427,Harsh,Indore,42,harsh9427@gmail.com
9428,Aditya,Nagpur,31,aditya9428@gmail.com
9429,Pooja,Ahmedabad,42,pooja9429@gmail.com
9430,Kriti,Ahmedabad,42,kriti9430@gmail.com
9431,Riya,Pune,40,riya9431@gmail.com
9432,Harsh,Jaipur,52,harsh9432@gmail.com
9433,Pooja,Pune,58,pooja9433@gmail.com
9434,Kriti,Ahmedabad,57,kriti9434@gmail.com
9435,Priya,Indore,22,priya9435@gmail.com
9436,Arjun,Surat,39,arjun9436@gmail.com
9437,Aditya,Mumbai,28,aditya9437@gmail.com
9438,Neha,Vadodara,60,neha9438@gmail.com
9439,Priya,Indore,54,priya9439@gmail.com
9440,Meera,Pune,59,meera9440@gmail.com
9441,Pooja,Pune,32,pooja9441@gmail.com
9442,Pooja,Ahmedabad,60,pooja9442@gmail.com
9443,Kriti,Indore,21,kriti9443@gmail.com
9444,Harsh,Ahmedabad,53,harsh9444@gmail.com
9445,Mohit,Nagpur,46,mohit9445@gmail.com
9446,Pooja,Surat,26,pooja9446@gmail.com
9447,Harsh,Mumbai,52,harsh9447@gmail.com
9448,Vikas,Ahmedabad,60,vikas9448@gmail.com
9449,Sneha,Delhi,19,sneha9449@gmail.com
9450,Karan,Indore,58,karan9450@gmail.com
9451,Anjali,Surat,54,anjali9451@gmail.com
9452,Harsh,Indore,29,harsh9452@gmail.com
9453,Priya,Vadodara,30,priya9453@gmail.com
9454,Nisha,Indore,46,nisha9454@gmail.com
9455,Arjun,Pune,56,arjun9455@gmail.com
9456,Vikas,Indore,44,vikas9456@gmail.com
9457,Nisha,Pune,18,nisha9457@gmail.com
9458,Karan,Jaipur,43,karan9458@gmail.com
9459,Sneha,Ahmedabad,29,sneha9459@gmail.com
9460,Rahul,Mumbai,26,rahul9460@gmail.com
9461,Karan,Delhi,35,karan9461@gmail.com
9462,Kavya,Rajkot,52,kavya9462@gmail.com
9463,Rahul,Pune,31,rahul9463@gmail.com
9464,Arjun,Indore,53,arjun9464@gmail.com
9465,Sneha,Indore,49,sneha9465@gmail.com
9466,Anjali,Rajkot,19,anjali9466@gmail.com
9467,Priya,Nagpur,46,priya9467@gmail.com
9468,Kavya,Pune,38,kavya9468@gmail.com
9469,Karan,Ahmedabad,35,karan9469@gmail.com
9470,Vikas,Pune,35,vikas9470@gmail.com
9471,Pooja,Surat,57,pooja9471@gmail.com
9472,Riya,Delhi,33,riya9472@gmail.com
9473,Anjali,Pune,47,anjali9473@gmail.com
9474,Pooja,Indore,41,pooja9474@gmail.com
9475,Nisha,Ahmedabad,26,nisha9475@gmail.com
9476,Vikas,Surat,25,vikas9476@gmail.com
9477,Meera,Indore,33,meera9477@gmail.com
9478,Kriti,Mumbai,42,kriti9478@gmail.com
9479,Mohit,Pune,54,mohit9479@gmail.com
9480,Harsh,Jaipur,59,harsh9480@gmail.com
9481,Vikas,Rajkot,58,vikas9481@gmail.com
9482,Rohit,Jaipur,55,rohit9482@gmail.com
9483,Riya,Mumbai,49,riya9483@gmail.com
9484,Arjun,Indore,34,arjun9484@gmail.com
9485,Neha,Ahmedabad,56,neha9485@gmail.com
9486,Rahul,Surat,31,rahul9486@gmail.com
9487,Meera,Jaipur,18,meera9487@gmail.com
9488,Riya,Jaipur,39,riya9488@gmail.com
9489,Neha,Delhi,35,neha9489@gmail.com
9490,Pooja,Ahmedabad,53,pooja9490@gmail.com
9491,Vikas,Nagpur,27,vikas9491@gmail.com
9492,Riya,Vadodara,52,riya9492@gmail.com
9493,Sneha,Rajkot,18,sneha9493@gmail.com
9494,Pooja,Nagpur,33,pooja9494@gmail.com
9495,Sneha,Pune,34,sneha9495@gmail.com
9496,Anjali,Ahmedabad,42,anjali9496@gmail.com
9497,Neha,Jaipur,48,neha9497@gmail.com
9498,Pooja,Rajkot,30,pooja9498@gmail.com
9499,Karan,Jaipur,23,karan9499@gmail.com
9500,Priya,Ahmedabad,55,priya9500@gmail.com
9501,Arjun,Vadodara,51,arjun9501@gmail.com
9502,Arjun,Rajkot,38,arjun9502@gmail.com
9503,Mohit,Pune,26,mohit9503@gmail.com
9504,Aditya,Ahmedabad,18,aditya9504@gmail.com
9505,Harsh,Jaipur,36,harsh9505@gmail.com
9506,Sneha,Nagpur,49,sneha9506@gmail.com
9507,Nisha,Indore,24,nisha9507@gmail.com
9508,Yash,Delhi,21,yash9508@gmail.com
9509,Yash,Jaipur,50,yash9509@gmail.com
9510,Rahul,Surat,24,rahul9510@gmail.com
9511,Meera,Nagpur,33,meera9511@gmail.com
9512,Neha,Ahmedabad,31,neha9512@gmail.com
9513,Harsh,Pune,38,harsh9513@gmail.com
9514,Neha,Pune,34,neha9514@gmail.com
9515,Sneha,Indore,48,sneha9515@gmail.com
9516,Meera,Indore,28,meera9516@gmail.com
9517,Priya,Surat,49,priya9517@gmail.com
9518,Meera,Pune,53,meera9518@gmail.com
9519,Arjun,Pune,20,arjun9519@gmail.com
9520,Kavya,Indore,58,kavya9520@gmail.com
9521,Yash,Jaipur,45,yash9521@gmail.com
9522,Pooja,Mumbai,39,pooja9522@gmail.com
9523,Arjun,Surat,44,arjun9523@gmail.com
9524,Meera,Surat,27,meera9524@gmail.com
9525,Nisha,Rajkot,60,nisha9525@gmail.com
9526,Mohit,Delhi,22,mohit9526@gmail.com
9527,Anjali,Ahmedabad,29,anjali9527@gmail.com
9528,Mohit,Surat,43,mohit9528@gmail.com
9529,Rahul,Surat,29,rahul9529@gmail.com
9530,Mohit,Surat,29,mohit9530@gmail.com
9531,Yash,Indore,39,yash9531@gmail.com
9532,Rohit,Surat,38,rohit9532@gmail.com
9533,Karan,Mumbai,36,karan9533@gmail.com
9534,Priya,Pune,36,priya9534@gmail.com
9535,Karan,Surat,43,karan9535@gmail.com
9536,Nisha,Nagpur,20,nisha9536@gmail.com
9537,Priya,Jaipur,22,priya9537@gmail.com
9538,Aman,Jaipur,55,aman9538@gmail.com
9539,Harsh,Mumbai,19,harsh9539@gmail.com
9540,Priya,Indore,45,priya9540@gmail.com
9541,Sneha,Delhi,51,sneha9541@gmail.com
9542,Karan,Mumbai,26,karan9542@gmail.com
9543,Karan,Ahmedabad,20,karan9543@gmail.com
9544,Rahul,Jaipur,32,rahul9544@gmail.com
9545,Harsh,Mumbai,29,harsh9545@gmail.com
9546,Riya,Surat,41,riya9546@gmail.com
9547,Vikas,Mumbai,59,vikas9547@gmail.com
9548,Aditya,Pune,60,aditya9548@gmail.com
9549,Kavya,Surat,22,kavya9549@gmail.com
9550,Priya,Delhi,34,priya9550@gmail.com
9551,Meera,Ahmedabad,31,meera9551@gmail.com
9552,Sneha,Rajkot,24,sneha9552@gmail.com
9553,Mohit,Delhi,59,mohit9553@gmail.com
9554,Riya,Jaipur,29,riya9554@gmail.com
9555,Yash,Indore,25,yash9555@gmail.com
9556,Mohit,Mumbai,33,mohit9556@gmail.com
9557,Kavya,Ahmedabad,39,kavya9557@gmail.com
9558,Nisha,Ahmedabad,39,nisha9558@gmail.com
9559,Karan,Delhi,37,karan9559@gmail.com
9560,Riya,Vadodara,43,riya9560@gmail.com
9561,Pooja,Ahmedabad,57,pooja9561@gmail.com
9562,Arjun,Indore,18,arjun9562@gmail.com
9563,Riya,Ahmedabad,55,riya9563@gmail.com
9564,Yash,Indore,45,yash9564@gmail.com
9565,Mohit,Ahmedabad,29,mohit9565@gmail.com
9566,Rahul,Rajkot,40,rahul9566@gmail.com
9567,Sneha,Indore,47,sneha9567@gmail.com
9568,Kriti,Delhi,35,kriti9568@gmail.com
9569,Harsh,Vadodara,58,harsh9569@gmail.com
9570,Anjali,Mumbai,57,anjali9570@gmail.com
9571,Kriti,Delhi,40,kriti9571@gmail.com
9572,Vikas,Pune,39,vikas9572@gmail.com
9573,Riya,Indore,43,riya9573@gmail.com
9574,Anjali,Jaipur,54,anjali9574@gmail.com
9575,Neha,Ahmedabad,49,neha9575@gmail.com
9576,Vikas,Mumbai,41,vikas9576@gmail.com
9577,Sneha,Vadodara,21,sneha9577@gmail.com
9578,Kavya,Indore,44,kavya9578@gmail.com
9579,Pooja,Pune,35,pooja9579@gmail.com
9580,Kriti,Jaipur,32,kriti9580@gmail.com
9581,Sneha,Indore,55,sneha9581@gmail.com
9582,Anjali,Mumbai,36,anjali9582@gmail.com
9583,Arjun,Ahmedabad,43,arjun9583@gmail.com
9584,Nisha,Jaipur,60,nisha9584@gmail.com
9585,Sneha,Jaipur,31,sneha9585@gmail.com
9586,Meera,Rajkot,44,meera9586@gmail.com
9587,Karan,Rajkot,53,karan9587@gmail.com
9588,Rohit,Delhi,27,rohit9588@gmail.com
9589,Pooja,Delhi,42,pooja9589@gmail.com
9590,Kriti,Rajkot,27,kriti9590@gmail.com
9591,Pooja,Pune,39,pooja9591@gmail.com
9592,Kriti,Pune,28,kriti9592@gmail.com
9593,Arjun,Indore,30,arjun9593@gmail.com
9594,Meera,Delhi,38,meera9594@gmail.com
9595,Aman,Delhi,60,aman9595@gmail.com
9596,Pooja,Indore,53,pooja9596@gmail.com
9597,Rohit,Vadodara,45,rohit9597@gmail.com
9598,Sneha,Rajkot,19,sneha9598@gmail.com
9599,Nisha,Pune,43,nisha9599@gmail.com
9600,Meera,Mumbai,36,meera9600@gmail.com
9601,Harsh,Nagpur,55,harsh9601@gmail.com
9602,Sneha,Rajkot,56,sneha9602@gmail.com
9603,Meera,Pune,44,meera9603@gmail.com
9604,Priya,Jaipur,32,priya9604@gmail.com
9605,Yash,Pune,24,yash9605@gmail.com
9606,Vikas,Vadodara,59,vikas9606@gmail.com
9607,Mohit,Nagpur,23,mohit9607@gmail.com
9608,Aditya,Delhi,19,aditya9608@gmail.com
9609,Kriti,Delhi,48,kriti9609@gmail.com
9610,Karan,Indore,21,karan9610@gmail.com
9611,Kriti,Mumbai,18,kriti9611@gmail.com
9612,Priya,Ahmedabad,52,priya9612@gmail.com
9613,Kavya,Indore,48,kavya9613@gmail.com
9614,Meera,Surat,53,meera9614@gmail.com
9615,Karan,Indore,35,karan9615@gmail.com
9616,Harsh,Delhi,25,harsh9616@gmail.com
9617,Karan,Pune,36,karan9617@gmail.com
9618,Vikas,Delhi,55,vikas9618@gmail.com
9619,Pooja,Nagpur,43,pooja9619@gmail.com
9620,Riya,Jaipur,59,riya9620@gmail.com
9621,Aman,Mumbai,55,aman9621@gmail.com
9622,Riya,Indore,36,riya9622@gmail.com
9623,Anjali,Indore,31,anjali9623@gmail.com
9624,Mohit,Rajkot,24,mohit9624@gmail.com
9625,Arjun,Mumbai,55,arjun9625@gmail.com
9626,Harsh,Ahmedabad,18,harsh9626@gmail.com
9627,Mohit,Indore,54,mohit9627@gmail.com
9628,Aman,Vadodara,60,aman9628@gmail.com
9629,Neha,Pune,29,neha9629@gmail.com
9630,Nisha,Indore,36,nisha9630@gmail.com
9631,Harsh,Nagpur,23,harsh9631@gmail.com
9632,Kavya,Indore,46,kavya9632@gmail.com
9633,Aditya,Indore,53,aditya9633@gmail.com
9634,Sneha,Delhi,39,sneha9634@gmail.com
9635,Sneha,Rajkot,25,sneha9635@gmail.com
9636,Rahul,Pune,42,rahul9636@gmail.com
9637,Priya,Mumbai,40,priya9637@gmail.com
9638,Harsh,Surat,25,harsh9638@gmail.com
9639,Vikas,Delhi,54,vikas9639@gmail.com
9640,Kavya,Ahmedabad,55,kavya9640@gmail.com
9641,Rahul,Pune,30,rahul9641@gmail.com
9642,Sneha,Delhi,35,sneha9642@gmail.com
9643,Aman,Delhi,48,aman9643@gmail.com
9644,Nisha,Nagpur,60,nisha9644@gmail.com
9645,Mohit,Ahmedabad,52,mohit9645@gmail.com
9646,Priya,Ahmedabad,20,priya9646@gmail.com
9647,Harsh,Vadodara,34,harsh9647@gmail.com
9648,Neha,Surat,22,neha9648@gmail.com
9649,Nisha,Nagpur,56,nisha9649@gmail.com
9650,Mohit,Surat,22,mohit9650@gmail.com
9651,Aman,Vadodara,23,aman9651@gmail.com
9652,Priya,Indore,18,priya9652@gmail.com
9653,Pooja,Rajkot,59,pooja9653@gmail.com
9654,Harsh,Pune,19,harsh9654@gmail.com
9655,Rahul,Ahmedabad,59,rahul9655@gmail.com
9656,Riya,Surat,27,riya9656@gmail.com
9657,Yash,Vadodara,44,yash9657@gmail.com
9658,Nisha,Pune,43,nisha9658@gmail.com
9659,Meera,Surat,22,meera9659@gmail.com
9660,Kavya,Rajkot,20,kavya9660@gmail.com
9661,Sneha,Ahmedabad,27,sneha9661@gmail.com
9662,Priya,Delhi,34,priya9662@gmail.com
9663,Yash,Jaipur,37,yash9663@gmail.com
9664,Meera,Ahmedabad,27,meera9664@gmail.com
9665,Rahul,Delhi,38,rahul9665@gmail.com
9666,Mohit,Pune,45,mohit9666@gmail.com
9667,Rahul,Nagpur,54,rahul9667@gmail.com
9668,Priya,Nagpur,55,priya9668@gmail.com
9669,Priya,Delhi,52,priya9669@gmail.com
9670,Vikas,Surat,23,vikas9670@gmail.com
9671,Rohit,Nagpur,24,rohit9671@gmail.com
9672,Neha,Nagpur,25,neha9672@gmail.com
9673,Mohit,Mumbai,24,mohit9673@gmail.com
9674,Harsh,Ahmedabad,19,harsh9674@gmail.com
9675,Karan,Ahmedabad,47,karan9675@gmail.com
9676,Aditya,Mumbai,51,aditya9676@gmail.com
9677,Meera,Pune,36,meera9677@gmail.com
9678,Neha,Pune,26,neha9678@gmail.com
9679,Meera,Nagpur,58,meera9679@gmail.com
9680,Pooja,Jaipur,26,pooja9680@gmail.com
9681,Kriti,Pune,56,kriti9681@gmail.com
9682,Mohit,Indore,48,mohit9682@gmail.com
9683,Yash,Jaipur,49,yash9683@gmail.com
9684,Vikas,Ahmedabad,45,vikas9684@gmail.com
9685,Mohit,Rajkot,22,mohit9685@gmail.com
9686,Sneha,Vadodara,23,sneha9686@gmail.com
9687,Rahul,Nagpur,37,rahul9687@gmail.com
9688,Kavya,Pune,60,kavya9688@gmail.com
9689,Vikas,Pune,54,vikas9689@gmail.com
9690,Pooja,Mumbai,33,pooja9690@gmail.com
9691,Karan,Pune,40,karan9691@gmail.com
9692,Pooja,Surat,22,pooja9692@gmail.com
9693,Sneha,Pune,39,sneha9693@gmail.com
9694,Mohit,Jaipur,21,mohit9694@gmail.com
9695,Nisha,Rajkot,60,nisha9695@gmail.com
9696,Nisha,Mumbai,42,nisha9696@gmail.com
9697,Neha,Indore,53,neha9697@gmail.com
9698,Aman,Jaipur,39,aman9698@gmail.com
9699,Riya,Jaipur,29,riya9699@gmail.com
9700,Kriti,Ahmedabad,22,kriti9700@gmail.com
9701,Aditya,Mumbai,58,aditya9701@gmail.com
9702,Anjali,Ahmedabad,49,anjali9702@gmail.com
9703,Neha,Nagpur,55,neha9703@gmail.com
9704,Meera,Rajkot,57,meera9704@gmail.com
9705,Aman,Vadodara,51,aman9705@gmail.com
9706,Anjali,Indore,42,anjali9706@gmail.com
9707,Kavya,Ahmedabad,50,kavya9707@gmail.com
9708,Harsh,Rajkot,32,harsh9708@gmail.com
9709,Rahul,Surat,41,rahul9709@gmail.com
9710,Priya,Rajkot,58,priya9710@gmail.com
9711,Rohit,Indore,46,rohit9711@gmail.com
9712,Anjali,Indore,31,anjali9712@gmail.com
9713,Anjali,Jaipur,50,anjali9713@gmail.com
9714,Pooja,Mumbai,29,pooja9714@gmail.com
9715,Arjun,Pune,47,arjun9715@gmail.com
9716,Karan,Indore,43,karan9716@gmail.com
9717,Karan,Jaipur,43,karan9717@gmail.com
9718,Anjali,Surat,34,anjali9718@gmail.com
9719,Vikas,Surat,48,vikas9719@gmail.com
9720,Aditya,Surat,23,aditya9720@gmail.com
9721,Pooja,Ahmedabad,25,pooja9721@gmail.com
9722,Sneha,Surat,42,sneha9722@gmail.com
9723,Yash,Indore,29,yash9723@gmail.com
9724,Aman,Surat,50,aman9724@gmail.com
9725,Arjun,Pune,18,arjun9725@gmail.com
9726,Aditya,Indore,44,aditya9726@gmail.com
9727,Meera,Rajkot,21,meera9727@gmail.com
9728,Aman,Pune,49,aman9728@gmail.com
9729,Karan,Vadodara,27,karan9729@gmail.com
9730,Aditya,Nagpur,44,aditya9730@gmail.com
9731,Riya,Delhi,50,riya9731@gmail.com
9732,Priya,Pune,40,priya9732@gmail.com
9733,Riya,Mumbai,32,riya9733@gmail.com
9734,Karan,Vadodara,27,karan9734@gmail.com
9735,Riya,Mumbai,53,riya9735@gmail.com
9736,Karan,Ahmedabad,18,karan9736@gmail.com
9737,Meera,Ahmedabad,48,meera9737@gmail.com
9738,Rohit,Mumbai,51,rohit9738@gmail.com
9739,Mohit,Jaipur,56,mohit9739@gmail.com
9740,Harsh,Rajkot,37,harsh9740@gmail.com
9741,Rahul,Surat,35,rahul9741@gmail.com
9742,Neha,Surat,53,neha9742@gmail.com
9743,Aman,Nagpur,56,aman9743@gmail.com
9744,Priya,Delhi,41,priya9744@gmail.com
9745,Priya,Pune,33,priya9745@gmail.com
9746,Anjali,Surat,38,anjali9746@gmail.com
9747,Mohit,Jaipur,46,mohit9747@gmail.com
9748,Karan,Mumbai,59,karan9748@gmail.com
9749,Yash,Rajkot,26,yash9749@gmail.com
9750,Aditya,Indore,36,aditya9750@gmail.com
9751,Priya,Jaipur,49,priya9751@gmail.com
9752,Meera,Surat,56,meera9752@gmail.com
9753,Arjun,Vadodara,33,arjun9753@gmail.com
9754,Aditya,Mumbai,52,aditya9754@gmail.com
9755,Aditya,Pune,19,aditya9755@gmail.com
9756,Pooja,Pune,57,pooja9756@gmail.com
9757,Pooja,Jaipur,33,pooja9757@gmail.com
9758,Pooja,Pune,57,pooja9758@gmail.com
9759,Rohit,Mumbai,50,rohit9759@gmail.com
9760,Priya,Ahmedabad,36,priya9760@gmail.com
9761,Kriti,Vadodara,44,kriti9761@gmail.com
9762,Arjun,Ahmedabad,58,arjun9762@gmail.com
9763,Karan,Vadodara,20,karan9763@gmail.com
9764,Riya,Pune,59,riya9764@gmail.com
9765,Yash,Vadodara,57,yash9765@gmail.com
9766,Sneha,Surat,42,sneha9766@gmail.com
9767,Sneha,Jaipur,49,sneha9767@gmail.com
9768,Meera,Surat,32,meera9768@gmail.com
9769,Arjun,Vadodara,55,arjun9769@gmail.com
9770,Priya,Mumbai,24,priya9770@gmail.com
9771,Sneha,Rajkot,46,sneha9771@gmail.com
9772,Aman,Delhi,43,aman9772@gmail.com
9773,Kavya,Rajkot,18,kavya9773@gmail.com
9774,Rohit,Jaipur,53,rohit9774@gmail.com
9775,Rohit,Jaipur,49,rohit9775@gmail.com
9776,Anjali,Rajkot,54,anjali9776@gmail.com
9777,Pooja,Surat,52,pooja9777@gmail.com
9778,Aman,Mumbai,54,aman9778@gmail.com
9779,Aditya,Indore,56,aditya9779@gmail.com
9780,Nisha,Rajkot,58,nisha9780@gmail.com
9781,Rahul,Ahmedabad,40,rahul9781@gmail.com
9782,Karan,Vadodara,56,karan9782@gmail.com
9783,Meera,Indore,18,meera9783@gmail.com
9784,Vikas,Pune,21,vikas9784@gmail.com
9785,Vikas,Jaipur,44,vikas9785@gmail.com
9786,Arjun,Delhi,32,arjun9786@gmail.com
9787,Arjun,Ahmedabad,41,arjun9787@gmail.com
9788,Arjun,Surat,23,arjun9788@gmail.com
9789,Vikas,Jaipur,27,vikas9789@gmail.com
9790,Arjun,Indore,23,arjun9790@gmail.com
9791,Sneha,Indore,60,sneha9791@gmail.com
9792,Meera,Pune,37,meera9792@gmail.com
9793,Harsh,Vadodara,21,harsh9793@gmail.com
9794,Karan,Jaipur,32,karan9794@gmail.com
9795,Aditya,Vadodara,35,aditya9795@gmail.com
9796,Mohit,Nagpur,43,mohit9796@gmail.com
9797,Kavya,Rajkot,28,kavya9797@gmail.com
9798,Kavya,Indore,36,kavya9798@gmail.com
9799,Aman,Ahmedabad,47,aman9799@gmail.com
9800,Kriti,Mumbai,38,kriti9800@gmail.com
9800,Kriti,Mumbai,38,kriti9800@gmail.com
9801,Aditya,Vadodara,36,aditya9801@gmail.com
9802,Riya,Delhi,27,riya9802@gmail.com
9803,Aman,Mumbai,31,aman9803@gmail.com
9804,Pooja,Vadodara,18,pooja9804@gmail.com
9805,Rahul,Ahmedabad,23,rahul9805@gmail.com
9806,Arjun,Mumbai,37,arjun9806@gmail.com
9807,Priya,Jaipur,39,priya9807@gmail.com
9808,Sneha,Indore,56,sneha9808@gmail.com
9809,Priya,Jaipur,52,priya9809@gmail.com
9810,Rohit,Jaipur,47,rohit9810@gmail.com
9811,Pooja,Rajkot,19,pooja9811@gmail.com
9812,Vikas,Mumbai,49,vikas9812@gmail.com
9813,Harsh,Indore,18,harsh9813@gmail.com
9814,Riya,Ahmedabad,28,riya9814@gmail.com
9815,Anjali,Nagpur,21,anjali9815@gmail.com
9816,Sneha,Delhi,32,sneha9816@gmail.com
9817,Karan,Rajkot,39,karan9817@gmail.com
9818,Kavya,Ahmedabad,40,kavya9818@gmail.com
9819,Riya,Delhi,23,riya9819@gmail.com
9820,Rohit,Vadodara,26,rohit9820@gmail.com
9821,Yash,Indore,32,yash9821@gmail.com
9822,Rahul,Ahmedabad,19,rahul9822@gmail.com
9823,Karan,Rajkot,45,karan9823@gmail.com
9824,Vikas,Mumbai,57,vikas9824@gmail.com
9825,Kavya,Pune,46,kavya9825@gmail.com
9826,Riya,Pune,49,riya9826@gmail.com
9827,Pooja,Mumbai,56,pooja9827@gmail.com
9828,Karan,Mumbai,19,karan9828@gmail.com
9829,Pooja,Pune,44,pooja9829@gmail.com
9830,Arjun,Vadodara,29,arjun9830@gmail.com
9831,Priya,Jaipur,33,priya9831@gmail.com
9832,Harsh,Mumbai,43,harsh9832@gmail.com
9833,Vikas,Rajkot,31,vikas9833@gmail.com
9834,Kriti,Surat,43,kriti9834@gmail.com
9835,Sneha,Mumbai,40,sneha9835@gmail.com
9836,Rahul,Delhi,25,rahul9836@gmail.com
9837,Sneha,Rajkot,28,sneha9837@gmail.com
9838,Yash,Surat,37,yash9838@gmail.com
9839,Meera,Jaipur,18,meera9839@gmail.com
9840,Riya,Mumbai,20,riya9840@gmail.com
9841,Nisha,Pune,60,nisha9841@gmail.com
9842,Harsh,Surat,24,harsh9842@gmail.com
9843,Harsh,Delhi,59,harsh9843@gmail.com
9844,Sneha,Delhi,41,sneha9844@gmail.com
9845,Kavya,Delhi,49,kavya9845@gmail.com
9846,Kavya,Nagpur,23,kavya9846@gmail.com
9847,Kavya,Surat,18,kavya9847@gmail.com
9848,Rahul,Surat,29,rahul9848@gmail.com
9849,Harsh,Jaipur,45,harsh9849@gmail.com
9850,Priya,Indore,27,priya9850@gmail.com
9851,Riya,Jaipur,42,riya9851@gmail.com
9852,Aman,Nagpur,22,aman9852@gmail.com
9853,Yash,Jaipur,40,yash9853@gmail.com
9854,Kavya,Ahmedabad,18,kavya9854@gmail.com
9855,Arjun,Rajkot,57,arjun9855@gmail.com
9856,Karan,Delhi,18,karan9856@gmail.com
9857,Pooja,Jaipur,31,pooja9857@gmail.com
9858,Karan,Delhi,23,karan9858@gmail.com
9859,Vikas,Nagpur,47,vikas9859@gmail.com
9860,Meera,Pune,36,meera9860@gmail.com
9861,Rohit,Indore,36,rohit9861@gmail.com
9862,Arjun,Ahmedabad,33,arjun9862@gmail.com
9863,Arjun,Surat,25,arjun9863@gmail.com
9864,Kavya,Ahmedabad,40,kavya9864@gmail.com
9865,Mohit,Rajkot,24,mohit9865@gmail.com
9866,Neha,Nagpur,49,neha9866@gmail.com
9867,Nisha,Indore,45,nisha9867@gmail.com
9868,Rohit,Surat,40,rohit9868@gmail.com
9869,Riya,Nagpur,59,riya9869@gmail.com
9870,Nisha,Pune,26,nisha9870@gmail.com
9871,Aditya,Rajkot,28,aditya9871@gmail.com
9872,Meera,Pune,59,meera9872@gmail.com
9873,Rohit,Nagpur,53,rohit9873@gmail.com
9874,Rahul,Indore,60,rahul9874@gmail.com
9875,Neha,Rajkot,21,neha9875@gmail.com
9876,Karan,Mumbai,33,karan9876@gmail.com
9877,Neha,Pune,43,neha9877@gmail.com
9878,Kriti,Vadodara,46,kriti9878@gmail.com
9879,Aditya,Indore,58,aditya9879@gmail.com
9880,Kriti,Indore,31,kriti9880@gmail.com
9881,Rohit,Delhi,26,rohit9881@gmail.com
9882,Karan,Delhi,49,karan9882@gmail.com
9883,Priya,Vadodara,40,priya9883@gmail.com
9884,Harsh,Mumbai,22,harsh9884@gmail.com
9885,Karan,Indore,58,karan9885@gmail.com
9886,Yash,Ahmedabad,59,yash9886@gmail.com
9887,Yash,Jaipur,44,yash9887@gmail.com
9888,Sneha,Nagpur,23,sneha9888@gmail.com
9889,Neha,Ahmedabad,27,neha9889@gmail.com
9890,Kavya,Ahmedabad,30,kavya9890@gmail.com
9891,Aditya,Surat,19,aditya9891@gmail.com
9892,Sneha,Nagpur,39,sneha9892@gmail.com
9893,Sneha,Rajkot,52,sneha9893@gmail.com
9894,Harsh,Mumbai,33,harsh9894@gmail.com
9895,Neha,Delhi,27,neha9895@gmail.com
9896,Aman,Indore,40,aman9896@gmail.com
9897,Kavya,Vadodara,42,kavya9897@gmail.com
9898,Vikas,Rajkot,31,vikas9898@gmail.com
9899,Karan,Nagpur,52,karan9899@gmail.com
9900,Aman,Pune,49,aman9900@gmail.com
9901,Meera,Delhi,49,meera9901@gmail.com
9902,Nisha,Jaipur,54,nisha9902@gmail.com
9903,Neha,Jaipur,31,neha9903@gmail.com
9904,Yash,Mumbai,20,yash9904@gmail.com
9905,Priya,Pune,35,priya9905@gmail.com
9906,Aditya,Indore,40,aditya9906@gmail.com
9907,Riya,Indore,43,riya9907@gmail.com
9908,Pooja,Mumbai,45,pooja9908@gmail.com
9909,Arjun,Delhi,41,arjun9909@gmail.com
9910,Neha,Mumbai,49,neha9910@gmail.com
9911,Riya,Ahmedabad,38,riya9911@gmail.com
9912,Anjali,Delhi,33,anjali9912@gmail.com
9913,Kriti,Jaipur,43,kriti9913@gmail.com
9914,Rohit,Indore,57,rohit9914@gmail.com
9915,Kriti,Indore,34,kriti9915@gmail.com
9916,Yash,Nagpur,50,yash9916@gmail.com
9917,Pooja,Rajkot,45,pooja9917@gmail.com
9918,Riya,Mumbai,35,riya9918@gmail.com
9919,Harsh,Ahmedabad,41,harsh9919@gmail.com
9920,Priya,Surat,37,priya9920@gmail.com
9921,Nisha,Mumbai,38,nisha9921@gmail.com
9922,Aditya,Indore,55,aditya9922@gmail.com
9923,Karan,Rajkot,44,karan9923@gmail.com
9924,Rohit,Indore,52,rohit9924@gmail.com
9925,Rohit,Pune,27,rohit9925@gmail.com
9926,Rahul,Indore,26,rahul9926@gmail.com
9927,Arjun,Indore,49,arjun9927@gmail.com
9928,Riya,Rajkot,32,riya9928@gmail.com
9929,Rohit,Surat,57,rohit9929@gmail.com
9930,Arjun,Rajkot,31,arjun9930@gmail.com
9931,Aman,Ahmedabad,26,aman9931@gmail.com
9932,Neha,Mumbai,54,neha9932@gmail.com
9933,Priya,Ahmedabad,45,priya9933@gmail.com
9934,Anjali,Surat,29,anjali9934@gmail.com
9935,Karan,Delhi,36,karan9935@gmail.com
9936,Kriti,Nagpur,53,kriti9936@gmail.com
9937,Aditya,Ahmedabad,40,aditya9937@gmail.com
9938,Kriti,Rajkot,47,kriti9938@gmail.com
9939,Karan,Jaipur,25,karan9939@gmail.com
9940,Yash,Ahmedabad,59,yash9940@gmail.com
9941,Rahul,Nagpur,19,rahul9941@gmail.com
9942,Mohit,Delhi,59,mohit9942@gmail.com
9943,Kavya,Vadodara,26,kavya9943@gmail.com
9944,Neha,Ahmedabad,46,neha9944@gmail.com
9945,Meera,Mumbai,33,meera9945@gmail.com
9946,Mohit,Nagpur,59,mohit9946@gmail.com
9947,Karan,Surat,54,karan9947@gmail.com
9948,Aman,Jaipur,22,aman9948@gmail.com
9949,Vikas,Nagpur,43,vikas9949@gmail.com
9950,Arjun,Surat,43,arjun9950@gmail.com
9951,Mohit,Indore,58,mohit9951@gmail.com
9952,Sneha,Mumbai,51,sneha9952@gmail.com
9953,Nisha,Delhi,18,nisha9953@gmail.com
9954,Priya,Pune,26,priya9954@gmail.com
9955,Karan,Surat,21,karan9955@gmail.com
9956,Yash,Ahmedabad,50,yash9956@gmail.com
9957,Aman,Mumbai,42,aman9957@gmail.com
9958,Aman,Vadodara,31,aman9958@gmail.com
9959,Mohit,Delhi,45,mohit9959@gmail.com
9960,Arjun,Rajkot,42,arjun9960@gmail.com
9961,Aditya,Vadodara,28,aditya9961@gmail.com
9962,Meera,Rajkot,43,meera9962@gmail.com
9963,Kriti,Pune,31,kriti9963@gmail.com
9964,Vikas,Surat,39,vikas9964@gmail.com
9965,Aman,Rajkot,36,aman9965@gmail.com
9966,Nisha,Rajkot,26,nisha9966@gmail.com
9967,Aditya,Vadodara,41,aditya9967@gmail.com
9968,Nisha,Ahmedabad,54,nisha9968@gmail.com
9969,Rahul,Pune,30,rahul9969@gmail.com
9970,Karan,Ahmedabad,57,karan9970@gmail.com
9971,Anjali,Pune,54,anjali9971@gmail.com
9972,Mohit,Jaipur,21,mohit9972@gmail.com
9973,Aditya,Pune,24,aditya9973@gmail.com
9974,Rohit,Ahmedabad,43,rohit9974@gmail.com
9975,Priya,Nagpur,40,priya9975@gmail.com
9976,Yash,Surat,52,yash9976@gmail.com
9977,Rahul,Delhi,51,rahul9977@gmail.com
9978,Yash,Rajkot,58,yash9978@gmail.com
9979,Rahul,Ahmedabad,34,rahul9979@gmail.com
9980,Neha,Surat,36,neha9980@gmail.com
9981,Rahul,Ahmedabad,33,rahul9981@gmail.com
9982,Neha,Jaipur,43,neha9982@gmail.com
9983,Vikas,Vadodara,39,vikas9983@gmail.com
9984,Neha,Delhi,39,neha9984@gmail.com
9985,Mohit,Vadodara,58,mohit9985@gmail.com
9986,Priya,Ahmedabad,50,priya9986@gmail.com
9987,Mohit,Nagpur,37,mohit9987@gmail.com
9988,Arjun,Jaipur,40,arjun9988@gmail.com
9989,Yash,Surat,30,yash9989@gmail.com
9990,Rahul,Rajkot,58,rahul9990@gmail.com
9991,Aditya,Pune,43,aditya9991@gmail.com
9992,Yash,Jaipur,42,yash9992@gmail.com
9993,Pooja,Nagpur,25,pooja9993@gmail.com
9994,Kriti,Nagpur,53,kriti9994@gmail.com
9995,Aman,Surat,23,aman9995@gmail.com
9996,Kavya,Surat,27,kavya9996@gmail.com
9997,Arjun,Pune,43,arjun9997@gmail.com
9998,Kavya,Vadodara,53,kavya9998@gmail.com
9999,Mohit,Nagpur,24,mohit9999@gmail.com
10000,,Pune,24,nisha10000@gmail.com
